product_id,product_name,product_code,link_to_product,category_id,color,size,material,original_price,discounted_price,stock_quantity,manufacturing_date,warranty_period,description
1,BÌNH GIỮ NHIỆT INOX RD-BGN05ST1,BGN05ST1 PHN00025996,https://static.rangdongstore.vn/240524018591/2024/05/24/RD-BGN05ST1.jpg?fm=webp&w=500,1,,,,209000,146300.0,,,,"Dung tích: 600 ml | Vật liệu: Nắp Inox, Ruột Inox | Số lượng bao gói thùng: 12 cái | Kích thước thùng: (362 x 272 x 220) mm"
2,BÌNH GIỮ NHIỆT INOX RD-BGN05ST1.E,RD-BGN05ST1.E PHN00023817-XA0100,https://static.rangdongstore.vn/231019015249/2023/10/19/BGN05ST1%20-%201.jpg?fm=webp&w=500,1,,,,319000,223300.0,,,,"Dung tích: 500 ml | Vật liệu: Nắp Inox, Ruột Inox | Số lượng bao gói thùng: 12 cái | Kích thước thùng: (282 x 212 x 245) mm"
3,BÌNH GIỮ NHIỆT INOX RD-BGN05ST3.E,BGN05ST3.E PHN00025998-XA0100,https://static.rangdongstore.vn/240524018584/2024/05/24/RD-BGN05ST3.E.jpg?fm=webp&w=500,1,,,,396000,277200.0,,,,"Dung tích: 600 ml | Vật liệu: Nắp Inox, Ruột Inox | Số lượng bao gói thùng: 12 cái | Kích thước thùng: (362 x 272 x 220) mm"
4,BÌNH GIỮ NHIỆT INOX RD-BGN12ST1,RD-BGN12ST1 PHN00027933-DO0100,https://static.rangdongstore.vn/250115027341/2025/01/15/bgn12st.jpg?fm=webp&w=500,1,,,,396000,277200.0,,,,No description
5,BÌNH GIỮ NHIỆT INOX RD-BGN095ST1- QUÀ TẶNG 8/3,BGN095ST1 PHN00028423-TR01HV01,https://static.rangdongstore.vn/250207027391/2025/02/07/4.jpg?fm=webp&w=500,1,,,,374000,250000.0,,,,"Đường kính miệng: Ø54 mm | Đường kính thân x chiều cao: Ø91 x 256 mm | Trọng lượng: 420g | Dung tích danh định: 950ml | Độ giữ nhiệt sau 6h: Giữ nóng sau 12h & giữ lạnh sau 24h | Tính năng rót nước: Xoáy nắp rót nước | Cấu tạo vật liệu: Nắp : Nhựa PP
Ruột trong: Inox 304
Vỏ ngoài: Inox 201
Gioăng: Silicone | Tiêu chuẩn áp dụng: TCCS 45:2023/RĐ
QCVN 12-1,2,3:2011/BYT | Số lượng bao gói: 01 sản phẩm/ hộp trong
12 sản phẩm/ hộp ngoài | Khối lượng tịnh 1 cái: 420g | Khối lượng tịnh cả hộp ngoài: 7kg | Kích thước Chất liệu hộp trong: Kích thước: 92 x 92 x 264 mm
Chất liệu: Carton bồi duplex 250 g/m2 | Kích thước chất liệu hộp ngoài: Kích thước:386 x 288 x 274 mm
Chất liệu: Carton sóng A"
6,BÌNH GIỮ NHIỆT INOX RD-BGN05ST2.E,BGN05ST2.E PHN00025995-DO0100,https://static.rangdongstore.vn/240605018791/2024/06/05/IMG_7574.jpg?fm=webp&w=500,1,,,,396000,277200.0,,,,"Dung tích: 600 ml | Vật liệu: Nắp Inox, Ruột Inox | Số lượng bao gói thùng: 12 cái | Kích thước thùng: (362 x 272 x 220) mm"
7,BÌNH GIỮ NHIỆT INOX RD-BGN10ST1,BGN10ST1 PHN00025993-XA0100,https://static.rangdongstore.vn/240605018779/2024/06/05/IMG_7535.jpg?fm=webp&w=500,1,,,,418000,292600.0,,,,"Dung tích: 1 lit | Vật liệu: Nắp Inox, Ruột Inox | Số lượng bao gói thùng: 12 cái | Kích thước thùng: (362 x 272 x 220) mm"
8,BÌNH GIỮ NHIỆT INOX RD-BGN045ST1,RD-BGN045ST1 PHN00023819-DO0100,https://static.rangdongstore.vn/240624019207/2024/06/24/123.jpg?fm=webp&w=500,1,,,,297000,207900.0,,,,"Dung tích: 450 ml | Vật liệu: Nắp Inox, Ruột Inox | Số lượng bao gói thùng: 12 cái | Kích thước thùng: (282 x 212 x 245) mm"
9,BÌNH GIỮ NHIỆT INOX RD-BGN06ST1,BGN06ST1 PHN00023821-XA0100,https://static.rangdongstore.vn/231107015605/2023/11/07/5a30d3d05670812ed861.jpg?fm=webp&w=500,1,,,,352000,246400.0,,,,"Dung tích: 600 ml | Vật liệu: Nắp Inox, Ruột Inox | Số lượng bao gói thùng: 12 cái | Kích thước thùng: (362 x 272 x 220) mm"
10,BÌNH GIỮ NHIỆT INOX RD-BGN05ST2,BGN05ST2 PHN00025997,https://static.rangdongstore.vn/240524018583/2024/05/24/RD-BGN05ST2.jpg?fm=webp&w=500,1,,,,242000,169400.0,,,,"Dung tích: 600 ml | Vật liệu: Nắp Inox, Ruột Inox | Số lượng bao gói thùng: 12 cái | Kích thước thùng: (362 x 272 x 220) mm"
11,BÌNH GIỮ NHIỆT INOX RD-BGN04ST1,RD-BGN04ST1 PHN00023820-DE0100,https://static.rangdongstore.vn/231107015604/2023/11/07/04%206.jpg?fm=webp&w=500,1,,,,286000,200200.0,,,,"Dung tích: 400 ml | Vật liệu: Nắp Inox, Ruột Inox | Số lượng bao gói thùng: 12 cái | Kích thước thùng: (282 x 212 x 228) mm"
12,BÌNH GIỮ NHIỆT INOX RD-BGN045ST2,BGN045ST2 PHN00025994-XA0100,https://static.rangdongstore.vn/240605018796/2024/06/05/IMG_7597.jpg?fm=webp&w=500,1,,,,220000,154000.0,,,,"Dung tích: 600 ml | Vật liệu: Nắp Inox, Ruột Inox | Số lượng bao gói thùng: 12 cái | Kích thước thùng: (362 x 272 x 220) mm"
13,BÌNH GIỮ NHIỆT INOX RD-BGN036ST1,RD-BGN036ST1 PHN00023815-DO0100,https://static.rangdongstore.vn/231019015247/2023/10/19/BGN036ST1%20-%201.jpg?fm=webp&w=500,1,,,,253000,177100.0,,,,"Dung tích: 360 ml | Vật liệu: Nắp Inox, Ruột Inox | Số lượng bao gói thùng: 12 cái | Kích thước thùng: (258 x 194 x 212) mm"
14,BÌNH GIỮ NHIỆT INOX RD-BGN045ST1.E,BGN045ST1.E PHN00025992HO0100,https://static.rangdongstore.vn/240605018783/2024/06/05/IMG_7600.jpg?fm=webp&w=500,1,,,,319000,223300.0,,,,"Dung tích: 600 ml | Vật liệu: Nắp Inox, Ruột Inox | Số lượng bao gói thùng: 12 cái | Kích thước thùng: (362 x 272 x 220) mm"
15,BÌNH GIỮ NHIỆT INOX RD-BGN095ST1,RD-BGN095ST1 PHN00027932-DO0100,https://static.rangdongstore.vn/250115027337/2025/01/15/RD-BGN095ST1_R-2.jpg?fm=webp&w=500,1,,,,374000,261800.0,,,,No description
16,BÓNG ĐÈN THỦY TINH BỌC NHỰA- BÓNG ĐÈN LED TUBE T8 0.6M 10W N02 (THỦY TINH BỌC NHỰA),N02600/10W LED00033884,https://static.rangdongstore.vn/220729009613/2022/07/29/1%20(1).jpg?fm=webp&w=500,2,,,,95000,76000.0,,,,No description
17,BÓNG TUBE THỦY TINH BỌC NHỰA- BÓNG ĐÈN LED TUBE T8 1.2M 20W N02 (THỦY TINH BỌC NHỰA),T8N021200/20W LED00036571,https://static.rangdongstore.vn/product/Den-LED/LED_Tube/T8-N02-120-20W/1.jpg?fm=webp&w=500,2,,,,116000,93000.0,,,,"Nguồn điện danh định: 220V/50-60Hz | Công suất: 20W | Lắp thay thế bộ đèn huỳnh quang: 1,2m công suất 40W/36W | Vật liệu bóng:  Thủy tinh bọc nhựa | Điện áp có thể hoạt động: (170-250)V | Dòng điện (Max): 180 mA | Hệ số công suất: 0.5 | Quang thông: 2400/2600 lm | Hiệu suất sáng: 120/130 lm/w | Nhiệt độ màu:  3000K/6500K | Hệ số trả màu (CRI): 82.0 | Tuổi thọ đèn: 20.000 giờ | Chu kỳ tắt bật: 50.000 lần | Mức tiêu thụ điện 1000 giờ: 20 kWh | Mức hiệu suất năng lượng: A+ | Chiều dài: 1213 mm | Chiều rộng: 27 mm | Hàm lượng thủy ngân: 0 mg | Thời gian khởi động của đèn: < 0,5 giây"
18,ĐIỀU KHIỂN CẢNH ĐA NĂNG ĐK02.TP.BLE,ĐK02.TP.BLE LED00043801,https://static.rangdongstore.vn/220803009647/2022/08/03/TP01.BLE.jpg?fm=webp&w=500,3,,,,3014000,2863000.0,,,,Độ phân giải: 720x720 h2ixel | phương thức điều khiển: Cảm ứng Touch | Kích thước: (100x100x40) mm | Khối lượng: 250g | Giải điện áp hoạt động: (150 ÷ 250) V | Điện áp danh định: 220 V | Tần số danh định: 50 | Công suất max: 3W | Dài độ ẩm hoạt động: (0&nbsh2;÷ 95)% | Dải nhiệt độ hoạt động: (-10 - 50 độ C | Không gian sử dụng: Chỉ sử dụng trong nhà. | Lắp đặt: Ngắt nguồn điện trước khi lắp đặt hoặc bảo dưỡng. | An toàn: Tránh để nước rơi vào thiết bị hoặc nơi có độ ẩm cao.
19,BỘ ĐÈN LED TUBE T8 TT01 CA02/20WX2 6500K,T8TT01CA02/20Wx2 LED00072870,https://static.rangdongstore.vn/240627019312/2024/06/27/CA01L_18Wx1_1.jpg?fm=webp&w=500,4,,,,690000,552000.0,,,,"Tần số danh định: 50/60 Hz | Điện áp nguồn danh định: 220 V | Dải điện áp hoạt động: 170-250 V | Công suất danh định: 40W | Công suất tối đa: 44W | Dòng điện đầu vào lớn nhất: 0.36 A | Hệ số công suất danh định: 0.5 | Quang thông danh dinh: 3600lm (3000K)
4000lm (4000K/5000K/16500K) | Hiệu suất danh định: 90lm/W (3000K)
100lm/W (4000K/5000K/16500K) | Nhiệt độ màu tương quan: 3000/4000/5000/6500K | Chỉ số thể hiện màu danh định: ≥82 | SDCM: <7 | Tuổi thọ danh định 170 F50: 30.000 giờ | Dải nhiệt độ hoạt động: -10÷45℃ | Loại LED: LED 2835/3V/0.2W | Loại đui đèn: T8 G13 Socket lamp | Điện trở cách điện: 4ΜΩ | Độ bền điện: 1.5 kV/1' | Cấp bảo vệ IP: IP65 | Kích thước (DxRxC): 1270x90x39 mm | Khả năng chịu xung sét (L L): 1 kV/1' | Không gây nhiều đến các thiết bị điện từ: có | Bảo vệ quá nhiệt bảo vệ ngắn mạch bảo vệ quá tải: Có | Khối lượng: 2200 Kgs | Tiêu chuẩn áp dụng: TCVN: 7722-2-1, IEC 60598-1
TCVN: 10885-2-1, IEC 62722-2-1"
20,BỘ ĐÈN LED TUBE T8 CA01/20WX1 6500K SS,T8CA01/20Wx16500KSS LED00031590,https://static.rangdongstore.vn/230725010858/2023/07/25/D_LN_CA01L_18Wx1_1.jpg?fm=webp&w=500,4,,,,864000,691000.0,,,,No description
21,BỘ ĐÈN LED TUBE T8 TT01 CA01/20WX2 6500K,T8TT01CA01/20Wx26500K LED00036567,https://static.rangdongstore.vn/230725010859/2023/07/25/D_LN_CA_2x18W_1.jpg?fm=webp&w=500,4,,,,1024000,819000.0,,,,No description
22,BỘ ĐÈN LED TUBE T8 TT01 CA01/20WX1 6500K,T8TT01CA01/20Wx1 LED00036566,https://static.rangdongstore.vn/240627019312/2024/06/27/CA01L_18Wx1_1.jpg?fm=webp&w=500,4,,,,780000,624000.0,,,,No description
23,BỘ ĐÈN LED CHỐNG NỔ CN01 1200/40W.PLUS 6500K,CN011200/40W.PLUS LED00064103,https://static.rangdongstore.vn/240123016764/2024/01/23/bo-den-led-chong-chay-no-2.jpg?fm=webp&w=500,4,,,,2344000,1875000.0,,,,"Công suất: 40W | Điện áp có thể hoạt động: 170 - 250 V | Quang thông nguồn sáng: 4800lm/5200lm | Quang thông bộ đèn: 3600lm/4000lm | Hiệu suất sáng: 120/130 lm/W | Nhiệt độ màu ánh sáng: 3000K/6500K | Hệ số trả màu (CRI): 82.0 | Tuổi thọ đèn: 20.000 giờ | Chu kỳ tắt bật: 50.000 lần | Mức tiêu thụ điện 1000 giờ: 40 kWh | Mức hiệu suất năng lượng: A+ | Chiếu dài: 1320 mm | Hàm lượng thủy ngân: 0 mg | Thời gian khởi động của đèn: < 0,5 giây"
24,BỘ ĐÈN LED TUBE T8 CA01/20WX2 6500K SS,T8CA01/20Wx26500KSS LED00005523,https://static.rangdongstore.vn/230725010859/2023/07/25/D_LN_CA_2x18W_1.jpg?fm=webp&w=500,4,,,,1199000,959000.0,,,,No description
25,ĐÈN LED CHỐNG ẨM 1200/36W M18,181200/36W LED00011990,https://static.rangdongstore.vn/product/Den-LED/Bo_den_M18/Bo%CC%A3%CC%82%20M18%20120.36W.jpg?fm=webp&w=500,4,,,,881280,705000.0,,,,"Công suất: 36W | Điện áp có thể hoạt động: 150V - 250V | Hiệu suất sáng: 97 lm/W | Nhiệt độ màu ánh sáng:  6500K/5000K/3000K | Hệ số trả màu (CRI): 80.0 | Tuổi thọ đèn: 20.000 giờ | Chu kỳ tắt bật: 50.000 lần | Mức tiêu thụ điện 1000 giờ: 36 kWh | Mức hiệu suất năng lượng: A+ | Chiếu dài: 1220 mm | Hàm lượng thủy ngân: 0 mg | Thời gian khởi động của đèn: < 0,5 giây | Nguồn điện danh định: 220V/50Hz | Lắp thay thế bộ đèn huỳnh quang chống ẩm: sử dụng 02 bóng công suất 36W | Dòng điện (Max): 400 mA | Hệ số công suất: 0,5 | Quang thông: 3500 lm | Chiều rộng: 80 mm | Chiều cao: 78 mm"
26,KỆ TRỒNG RAU 3 TẦNG KTR01 90W,KTR0190W LED00081186,https://static.rangdongstore.vn/250122027361/2025/01/22/KTR01-90W-1.jpg?fm=webp&w=500,5,,,,0,,,,1 năm,Công suất hệ thống: 90W | Công suất đèn LED: 12W x 6 đèn | Hệ số công suất: >0.5 | Điện áp hoạt động: 170 Vac ÷ 250 Vac | Cường độ: 120 μmol/m2.s ÷ 180 μmol/m2.s | Nhiệt độ hoạt động: -10℃ đến 40℃ | Tầng trồng rau: 3 tầng | Số lượng rọ trồng: 90 rọ | Dung tích bình chứa nước: 39.8 lít | Khối lượng: 15 kg | Kích thước (DxRxC): (930x260x1355)mm | Bảo hành: 1 năm
27,KỆ TRỒNG RAU 4 TẦNG KTR01 110W,KTR01110W LED00081187,https://static.rangdongstore.vn/250122027367/2025/01/22/KTR01-110W-2.jpg?fm=webp&w=500,5,,,,0,,,,1 năm,Công suất hệ thống: 90W | Công suất đèn LED: 12W x 6 đèn | Hệ số công suất: >0.5 | Điện áp hoạt động: 170 Vac ÷ 250 Vac | Cường độ: 120 μmol/m2.s ÷ 180 μmol/m2.s | Nhiệt độ hoạt động: -10℃ đến 40℃ | Tầng trồng rau: 3 tầng | Số lượng rọ trồng: 90 rọ | Dung tích bình chứa nước: 39.8 lít | Khối lượng: 15 kg | Kích thước (DxRxC): (930x260x1355)mm | Bảo hành: 1 năm
28,"CÔNG TẮC CẢM ỨNG WIFI 1 NÚT BẤM CTCU.WF CN.01T (CÓ THỂ DÙNG CHO NÓNG LẠNH, ĐIỀU HÒA)",CTCU.WF CN.01T LED00051025-DE0100,https://static.rangdongstore.vn/product/thiet-bi-dien/CTCU.WF-CN.01/CTCU.WF-CN.01.jpg?fm=webp&w=500,6,,,,713000,499000.0,,,,Màu: Trắng | Màu sắc: Trắng
29,"CÔNG TẮC CẢM ỨNG WIFI 1 NÚT BẤM CTCU.WF CN.01T (CÓ THỂ DÙNG CHO NÓNG LẠNH, ĐIỀU HÒA)",CTCU.WF CN.01T LED00051025-TR0100,https://static.rangdongstore.vn/product/thiet-bi-dien/CTCU.WF-CN.01/CTCU.WF-CN.01.jpg?fm=webp&w=500,6,,,,713000,499000.0,,,,Màu: Trắng | Màu sắc: Trắng
30,CÔNG TẮC CẢM ỨNG WIFI 2 NÚT BẤM CTCU.WF CN.02T,CTCU.WF CN.02T LED00051026-DE0100,https://static.rangdongstore.vn/product/thiet-bi-dien/CTCU.WF-CN.02/CTCU.WF-CN.02.jpg?fm=webp&w=500,6,,,,733000,513000.0,,,,Điện áp nguồn danh định: 220V/50Hz | Chuẩn điều khiển: WIFI | Công suất tối đa trên nút: 300W | Nhiệt độ làm việc: (-10 - 40) °C | Tiêu chuẩn chống bụi nước: IP44 | Số lần bật tắt trên mỗi nút: 100.000 lần | Khả năng chịu xung sét: 0.5 kV | Khối lượng: 300g | Kích thước (Dài x Rộng x Cao): (120x72x34) mm | Màu: Trắng | Màu sắc: Trắng
31,CÔNG TẮC CẢM ỨNG WIFI 2 NÚT BẤM CTCU.WF CN.02T,CTCU.WF CN.02T LED00051026-TR0100,https://static.rangdongstore.vn/product/thiet-bi-dien/CTCU.WF-CN.02/CTCU.WF-CN.02.jpg?fm=webp&w=500,6,,,,733000,513000.0,,,,Điện áp nguồn danh định: 220V/50Hz | Chuẩn điều khiển: WIFI | Công suất tối đa trên nút: 300W | Nhiệt độ làm việc: (-10 - 40) °C | Tiêu chuẩn chống bụi nước: IP44 | Số lần bật tắt trên mỗi nút: 100.000 lần | Khả năng chịu xung sét: 0.5 kV | Khối lượng: 300g | Kích thước (Dài x Rộng x Cao): (120x72x34) mm | Màu: Trắng | Màu sắc: Trắng
32,CÔNG TẮC CẢM ỨNG WIFI 3 NÚT BẤM CTCU.WF CN.03T,CTCU.WF CN.03T LED00051027-DE0100,https://static.rangdongstore.vn/product/thiet-bi-dien/CTCU.WF-CN.03/CTCU.WF-CN.03.jpg?fm=webp&w=500,6,,,,754001,528000.0,,,,Điện áp nguồn danh định: 220V/50Hz | Chuẩn điều khiển: WIFI | Công suất tối đa trên nút: 300W | Nhiệt độ làm việc: (-10 - 40) °C | Tiêu chuẩn chống bụi nước: IP44 | Số lần bật tắt trên mỗi nút: 100.000 lần | Khả năng chịu xung sét: 0.5 kV | Khối lượng: 300g | Kích thước (Dài x Rộng x Cao): (120x72x34) mm | Màu: Trắng | Màu sắc: Trắng
33,CÔNG TẮC CẢM ỨNG WIFI 3 NÚT BẤM CTCU.WF CN.03T,CTCU.WF CN.03T LED00051027-TR0100,https://static.rangdongstore.vn/product/thiet-bi-dien/CTCU.WF-CN.03/CTCU.WF-CN.03.jpg?fm=webp&w=500,6,,,,754001,528000.0,,,,Điện áp nguồn danh định: 220V/50Hz | Chuẩn điều khiển: WIFI | Công suất tối đa trên nút: 300W | Nhiệt độ làm việc: (-10 - 40) °C | Tiêu chuẩn chống bụi nước: IP44 | Số lần bật tắt trên mỗi nút: 100.000 lần | Khả năng chịu xung sét: 0.5 kV | Khối lượng: 300g | Kích thước (Dài x Rộng x Cao): (120x72x34) mm | Màu: Trắng | Màu sắc: Trắng
34,CÔNG TẮC CẢM ỨNG WIFI 4 NÚT BẤM CTCU.WF CN.04T,CTCU.WF CN.04T LED00051028-DE0100,https://static.rangdongstore.vn/product/thiet-bi-dien/CTCU.WF-CN.04/CTCU.WF-CN.04.jpg?fm=webp&w=500,6,,,,774000,542000.0,,,,Điện áp nguồn danh định: 220V/50Hz | Chuẩn điều khiển: WIFI | Công suất tối đa trên nút: 300W | Nhiệt độ làm việc: (-10 - 40) °C | Tiêu chuẩn chống bụi nước: IP44 | Số lần bật tắt trên mỗi nút: 100.000 lần | Khả năng chịu xung sét: 0.5 kV | Khối lượng: 300g | Kích thước (Dài x Rộng x Cao): (120x72x34) mm | Màu: Trắng | Màu sắc: Trắng
35,CÔNG TẮC CẢM ỨNG WIFI 4 NÚT BẤM CTCU.WF CN.04T,CTCU.WF CN.04T LED00051028-TR0100,https://static.rangdongstore.vn/product/thiet-bi-dien/CTCU.WF-CN.04/CTCU.WF-CN.04.jpg?fm=webp&w=500,6,,,,774000,542000.0,,,,Điện áp nguồn danh định: 220V/50Hz | Chuẩn điều khiển: WIFI | Công suất tối đa trên nút: 300W | Nhiệt độ làm việc: (-10 - 40) °C | Tiêu chuẩn chống bụi nước: IP44 | Số lần bật tắt trên mỗi nút: 100.000 lần | Khả năng chịu xung sét: 0.5 kV | Khối lượng: 300g | Kích thước (Dài x Rộng x Cao): (120x72x34) mm | Màu: Trắng | Màu sắc: Trắng
36,CÔNG TẮC CƠ ĐIỆN TỬ CTC.WF V1.01 (RALLI),CTC.WF V1.01 (Ralli) LED00055753,https://static.rangdongstore.vn/230509010397/2023/05/09/CTC.WF-V1.01.jpg?fm=webp&w=500,6,,,,506000,354000.0,,,,Công suất tối đa trên nút: 3000 W | Khối lượng: 0.17Kg | Tần số danh định: 50 Hz | Chuẩn kết nối điều khiển: WIFI | Dải điện áp hoạt động: 150-250V | Dải nhiệt độ hoạt động: ((-10)-(40) 0C | Số lần bật tắt tối đa trên mỗi nút: 100.000 lần | Chịu xung sét: 0.5 kV | Tiêu chuẩn áp dụng: TCVN 6480-1:2008 | Chiều dài: 86 mm | Chiều rộng: 86 mm | Chiều cao: 43 mm | Màu: Trắng | Màu sắc: Trắng
37,CÔNG TẮC CƠ ĐIỆN TỬ CTC.WF V1.03 (RALLI),CTC.WF V1.03 (Ralli) LED00055755,https://static.rangdongstore.vn/230509010398/2023/05/09/CTC.WF-V1.03.jpg?fm=webp&w=500,6,,,,550000,385000.0,,,,Công suất tối đa trên nút: 300 W | Khối lượng: 0.19Kg | Chuẩn kết nối điều khiển: WIFI | Dải điện áp hoạt động: 150-250V | Dải nhiệt độ hoạt động: ((-10)-(40) 0C | Số lần bật tắt tối đa trên mỗi nút: 100.000 lần | Chịu xung sét: 0.5 kV | Tiêu chuẩn áp dụng: TCVN 6480-1:2008 | Chiều dài: 86 mm | Chiều rộng: 86 mm | Chiều cao: 43 mm | tần số danh định: 50 Hz | Màu: Trắng | Màu sắc: Trắng
38,CÔNG TẮC CHUYỂN MẠCH CT.WF.ON/OFF,CT.WF.ON/OFF LED00064600,https://static.rangdongstore.vn/240509018469/2024/05/09/CT.WF.ON-OFF.jpg?fm=webp&w=500,6,,,,352000,246000.0,,,,Điện áp nguồn danh định: 220 VAC | Tần số danh định: 50/60 Hz | Dải điện áp hoạt động: 150÷250 V | Dải nhiệt độ hoạt động: -10÷45 | Công suất danh định (không tài): 0.55 W | Dòng điện tối đa: 5 A | Hệ số công suất danh định: 0.5 | Độ ẩm môi trường hoạt động: 0÷90% | EMC: 0.5 KV | Màu: Trắng | Màu sắc: Trắng
39,CÔNG TẮC 2 CHIỀU KHÔNG DÂY CT2C V1.02,CT2C V1.02 LED00063170,https://static.rangdongstore.vn/231227016276/2023/12/27/CTC2Cx2.jpg?fm=webp&w=500,6,,,,550000,475000.0,,,,Màu: Trắng | Màu sắc: Trắng
40,CÔNG TẮC 2 CHIỀU KHÔNG DÂY CT2C V1.01,CT2C V1.01 LED00063169,https://static.rangdongstore.vn/231227016287/2023/12/27/CTC2Cx1.jpg?fm=webp&w=500,6,,,,528000,456000.0,,,,"Khối lượng: 0.12Kg | Dải nhiệt độ hoạt động: (-10-40) độ C | Tiêu chuẩn áp dụng: TCVN 6480-1:2008 | Chiều dài: 86 mm | Chiều rộng: 86 mm | Chiều cao: 12.5 mm | Nguồn cấp: Sử dụng ""Mạch tự phát năng lượng tích hợp trong sản phẩm"" | Chuẩn kết nối: Bluetooth | Số nút: 1.0 | Khoảng cách kết nối ổn định: 50m (không vật cản) | Màu: Trắng | Màu sắc: Trắng"
41,CÔNG TẮC 2 CHIỀU KHÔNG DÂY CT2C V1.03,CT2C V1.03 LED00063171,https://static.rangdongstore.vn/231226016220/2023/12/26/CTC2Cx3.jpg?fm=webp&w=500,6,,,,572000,494000.0,,,,"Khối lượng: 0.12Kg | Dải nhiệt độ hoạt động: (-10-40) độ C | Tiêu chuẩn áp dụng: TCVN 6480-1:2008 | Chiều dài: 86 mm | Chiều rộng: 86 mm | Chiều cao: 12.5 mm | Nguồn cấp: Sử dụng ""Mạch tự phát năng lượng tích hợp trong sản phẩm"" | Chuẩn kết nối: Bluetooth | Số nút: 3.0 | Khoảng cách kết nối ổn định: 50m (không vật cản) | Màu: Trắng | Màu sắc: Trắng"
42,CÔNG TẮC CƠ ĐIỆN TỬ CTC.WF V1.02 (RALLI),CTC.WF V1.02 (Ralli) LED00055754,https://static.rangdongstore.vn/230509010396/2023/05/09/CTC.WF-V1.02.jpg?fm=webp&w=500,6,,,,528000,370000.0,,,,Công suất tối đa trên nút: 300 W | Khối lượng: 0.19Kg | Tần số danh định: 50 Hz | Chuẩn kết nối điều khiển: WIFI | Dải điện áp hoạt động: 150-250V | Dải nhiệt độ hoạt động: ((-10)-(40) 0C | Số lần bật tắt tối đa trên mỗi nút: 100.000 lần | Chịu xung sét: 0.5 kV | Tiêu chuẩn áp dụng: TCVN 6480-1:2008 | Chiều dài: 86 mm | Chiều rộng: 86 mm | Chiều cao: 43 mm | Màu: Trắng | Màu sắc: Trắng
43,CÔNG TẮC CƠ ĐIỆN TỬ 2 CHIỀU CTC2C.WF V1.02 (RALLI),CTC2C.WF V1.02 (Ralli) LED00064292,https://static.rangdongstore.vn/240520018550/2024/05/20/CTC.BLE-V1.02.jpg?fm=webp&w=500,6,,,,594000,416000.0,,,,Điện áp nguồn danh định: 220V/50 Hz | Công suất tối đa trên nút: 300W | Nhiệt độ làm việc: (-10 - 40) °C | Số lần bật tắt trên mỗi nút: 100.000 lần | Khối lượng: 0.17 kg | Chuẩn kết nối điều khiển: WIFI | Số nút: 3.0 | Kích thước ( Dài x Rộng x Cao): (86x86x43) mm | Màu: Trắng | Màu sắc: Trắng
44,CÔNG TẮC CẢM ỨNG CHỮ NHẬT CTCU.WF CN.REMT.2W.SP,CTCU.WF CN.REMT.2W.SP LED00065846-DE0100,https://static.rangdongstore.vn/241210026828/2024/12/10/CTCU.WF%20CN.REMT%20-den-%201%20(1).jpg?fm=webp&w=500,6,,,,754000,527800.0,,,,Điện áp nguồn danh định: 220V/50Hz | Chuẩn điều khiển: Wifi | Công suất tối đa trên nút: 300W | Nhiệt độ làm việc: (-10 - 40) °C | Tiêu chuẩn chống bụi nước: IP44 | Số lần bật tắt trên mỗi nút: 100.000 lần | Khả năng chịu xung sét: 0.5 kV | Tiêu chuẩn áp dụng: TCVN 6480-1:2008 | Kích thước ( Dài x Rộng x Cao): (120x72x34) mm | Khối lượng 1 sản phẩm: 180g | Màu: Trắng | Màu sắc: Trắng
45,CÔNG TẮC CẢM ỨNG CHỮ NHẬT CTCU.WF CN.03T.2W.SP MN,CTCU.WF CN.03T.2W.SP MN LED00072391-DE0100,https://static.rangdongstore.vn/241030026019/2024/10/30/CTCU.WF%20CN.03%20MN_1.jpg?fm=webp&w=500,6,,,,754001,527801.0,,,,Điện áp nguồn danh định: 220 V/50 Hz | Công suất tối đa trên nút: 300 W | Nhiệt độ làm việc: (-10 - 40) °C | Tiêu chuẩn chống bụi nước: IP44 | Chuẩn kết nối điều khiển: WIFI | Dải điện áp hoạt động: (150-250) V | Số lần tắt bật trên mỗi nút: 100.000 lần | Kích thước (DxRxC): (120x70x32) mm | Màu: Trắng | Màu sắc: Trắng
46,CÔNG TẮC CẢM ỨNG CHỮ NHẬT CTCU.WF CN.03T.2W.SP MN,CTCU.WF CN.03T.2W.SP MN LED00072391-TR0100,https://static.rangdongstore.vn/241030026019/2024/10/30/CTCU.WF%20CN.03%20MN_1.jpg?fm=webp&w=500,6,,,,754001,527801.0,,,,Điện áp nguồn danh định: 220 V/50 Hz | Công suất tối đa trên nút: 300 W | Nhiệt độ làm việc: (-10 - 40) °C | Tiêu chuẩn chống bụi nước: IP44 | Chuẩn kết nối điều khiển: WIFI | Dải điện áp hoạt động: (150-250) V | Số lần tắt bật trên mỗi nút: 100.000 lần | Kích thước (DxRxC): (120x70x32) mm | Màu: Trắng | Màu sắc: Trắng
47,CÔNG TẮC CƠ ĐIỆN TỬ 2 CHIỀU CTC2C.WF V1.01 (RALLI),CTC2C.WF V1.01 (Ralli) LED00064291,https://static.rangdongstore.vn/231226016247/2023/12/26/CTC.BLE-V1.01.jpg?fm=webp&w=500,6,,,,572000,400000.0,,,,Điện áp nguồn danh định: 220V/50 Hz | Công suất tối đa trên nút: 3000W | Nhiệt độ làm việc: (-10 - 40) °C | Số lần bật tắt trên mỗi nút: 100.000 lần | Khối lượng: 0.17 kg | Chuẩn kết nối điều khiển: WIFI | Số nút: 1.0 | Kích thước ( Dài x Rộng x Cao): (86x86x43) mm | Màu: Trắng | Màu sắc: Trắng
48,CÔNG TẮC CẢM ỨNG CHỮ NHẬT CTCU.WF CN.02T.2W.SP MN,CTCU.WF CN.02T.2W.SP MN LED00072390-DE0100,https://static.rangdongstore.vn/241030026017/2024/10/30/CTCU.WF%20CN.02%20MN_1.jpg?fm=webp&w=500,6,,,,733000,513100.0,,,,Điện áp nguồn danh định: 220 V/50 Hz | Công suất tối đa trên nút: 300 W | Nhiệt độ làm việc: (-10 - 40) °C | Tiêu chuẩn chống bụi nước: IP44 | Chuẩn kết nối điều khiển: WIFI | Dải điện áp hoạt động: (150-250) V | Số lần tắt bật trên mỗi nút: 100.000 lần | Kích thước (DxRxC): (120x70x32) mm | Màu: Trắng | Màu sắc: Trắng
49,CÔNG TẮC CẢM ỨNG CHỮ NHẬT CTCU.WF CN.02T.2W.SP MN,CTCU.WF CN.02T.2W.SP MN LED00072390-TR0100,https://static.rangdongstore.vn/241030026017/2024/10/30/CTCU.WF%20CN.02%20MN_1.jpg?fm=webp&w=500,6,,,,733000,513100.0,,,,Điện áp nguồn danh định: 220 V/50 Hz | Công suất tối đa trên nút: 300 W | Nhiệt độ làm việc: (-10 - 40) °C | Tiêu chuẩn chống bụi nước: IP44 | Chuẩn kết nối điều khiển: WIFI | Dải điện áp hoạt động: (150-250) V | Số lần tắt bật trên mỗi nút: 100.000 lần | Kích thước (DxRxC): (120x70x32) mm | Màu: Trắng | Màu sắc: Trắng
50,CÔNG TẮC CẢM ỨNG CHỮ NHẬT CTCU.WF CN.03T MN,CTCU.WF CN.03T MN LED00059776-DE0100,https://static.rangdongstore.vn/230930014922/2023/09/30/CTCU.WF%20CN.03%20MN_1.jpg?fm=webp&w=500,6,,,,754001,528000.0,,,,Điện áp nguồn danh định: 220V/50Hz | Chuẩn điều khiển: WIFI | Công suất tối đa trên nút: 300W | Nhiệt độ làm việc: (-10 - 40) °C | Tiêu chuẩn chống bụi nước: IP44 | Số lần bật tắt trên mỗi nút: 100.000 lần | Khả năng chịu xung sét: 0.5 kV | Khối lượng: 180g | Kích thước (Dài x Rộng x Cao): (120x72x34) mm | Màu: Trắng | Màu sắc: Trắng
51,CÔNG TẮC CẢM ỨNG CHỮ NHẬT CTCU.WF CN.03T MN,CTCU.WF CN.03T MN LED00059776-TR0100,https://static.rangdongstore.vn/230930014922/2023/09/30/CTCU.WF%20CN.03%20MN_1.jpg?fm=webp&w=500,6,,,,754001,528000.0,,,,Điện áp nguồn danh định: 220V/50Hz | Chuẩn điều khiển: WIFI | Công suất tối đa trên nút: 300W | Nhiệt độ làm việc: (-10 - 40) °C | Tiêu chuẩn chống bụi nước: IP44 | Số lần bật tắt trên mỗi nút: 100.000 lần | Khả năng chịu xung sét: 0.5 kV | Khối lượng: 180g | Kích thước (Dài x Rộng x Cao): (120x72x34) mm | Màu: Trắng | Màu sắc: Trắng
52,CÔNG TẮC CẢM ỨNG RÈM THÔNG MINH: CTCU.WF CN.REMT,CTCU.WF CN.REMT LED00051029-DE0100,https://static.rangdongstore.vn/product/thiet-bi-dien/CTCU.BLE-CN.REM/CTCU.BLE-CN.REM--Den.jpg?fm=webp&w=500,6,,,,754001,528000.0,,,,Điện áp nguồn danh định: 220V/50Hz | Chuẩn điều khiển: Wifi | Công suất tối đa trên nút: 300W | Nhiệt độ làm việc: (-10 - 40) °C | Tiêu chuẩn chống bụi nước: IP44 | Số lần bật tắt trên mỗi nút: 100.000 lần | Khả năng chịu xung sét: 0.5 kV | Tiêu chuẩn áp dụng: TCVN 6480-1:2008 | Kích thước ( Dài x Rộng x Cao): (120x72x34) mm | Khối lượng 1 sản phẩm: 300g | Màu: Trắng | Màu sắc: Trắng
53,CÔNG TẮC CẢM ỨNG RÈM THÔNG MINH: CTCU.WF CN.REMT,CTCU.WF CN.REMT LED00051029-TR0100,https://static.rangdongstore.vn/product/thiet-bi-dien/CTCU.BLE-CN.REM/CTCU.BLE-CN.REM--Den.jpg?fm=webp&w=500,6,,,,754001,528000.0,,,,Điện áp nguồn danh định: 220V/50Hz | Chuẩn điều khiển: Wifi | Công suất tối đa trên nút: 300W | Nhiệt độ làm việc: (-10 - 40) °C | Tiêu chuẩn chống bụi nước: IP44 | Số lần bật tắt trên mỗi nút: 100.000 lần | Khả năng chịu xung sét: 0.5 kV | Tiêu chuẩn áp dụng: TCVN 6480-1:2008 | Kích thước ( Dài x Rộng x Cao): (120x72x34) mm | Khối lượng 1 sản phẩm: 300g | Màu: Trắng | Màu sắc: Trắng
54,CÔNG TẮC CẢM ỨNG CHỮ NHẬT CTCU.WF CN.04T MN,CTCU.WF CN.04T MN LED00059777-DE0100,https://static.rangdongstore.vn/230930014940/2023/09/30/CTCU.WF%20CN.04%20MN_1.jpg?fm=webp&w=500,6,,,,774000,542000.0,,,,Điện áp nguồn danh định: 220V/50Hz | Chuẩn điều khiển: WIFI | Công suất tối đa trên nút: 300W | Nhiệt độ làm việc: (-10 - 40) °C | Tiêu chuẩn chống bụi nước: IP44 | Số lần bật tắt trên mỗi nút: 100.000 lần | Khả năng chịu xung sét: 0.5 kV | Khối lượng: 180g | Kích thước (Dài x Rộng x Cao): (120x72x34) mm | Màu: Trắng | Màu sắc: Trắng
55,CÔNG TẮC CẢM ỨNG CHỮ NHẬT CTCU.WF CN.04T MN,CTCU.WF CN.04T MN LED00059777-TR0100,https://static.rangdongstore.vn/230930014941/2023/09/30/CTCU.WF%20CN.04%20MN_2.jpg?fm=webp&w=500,6,,,,774000,542000.0,,,,Điện áp nguồn danh định: 220V/50Hz | Chuẩn điều khiển: WIFI | Công suất tối đa trên nút: 300W | Nhiệt độ làm việc: (-10 - 40) °C | Tiêu chuẩn chống bụi nước: IP44 | Số lần bật tắt trên mỗi nút: 100.000 lần | Khả năng chịu xung sét: 0.5 kV | Khối lượng: 180g | Kích thước (Dài x Rộng x Cao): (120x72x34) mm | Màu: Trắng | Màu sắc: Trắng
56,CÔNG TẮC CẢM ỨNG CHỮ NHẬT CTCU.WF CN.02T MN,CTCU.WF CN.02T MN LED00059775-DE0100,https://static.rangdongstore.vn/230930014911/2023/09/30/CTCU.WF%20CN.02%20MN_1.jpg?fm=webp&w=500,6,,,,733000,513000.0,,,,Điện áp nguồn danh định: 220V/50Hz | Chuẩn điều khiển: WIFI | Công suất tối đa trên nút: 300W | Nhiệt độ làm việc: (-10 - 40) °C | Tiêu chuẩn chống bụi nước: IP44 | Số lần bật tắt trên mỗi nút: 100.000 lần | Khả năng chịu xung sét: 0.5 kV | Khối lượng: 180g | Kích thước (Dài x Rộng x Cao): (120x72x34) mm | Màu: Trắng | Màu sắc: Trắng
57,CÔNG TẮC CẢM ỨNG CHỮ NHẬT CTCU.WF CN.02T MN,CTCU.WF CN.02T MN LED00059775-TR0100,https://static.rangdongstore.vn/230930014912/2023/09/30/CTCU.WF%20CN.02%20MN_2.jpg?fm=webp&w=500,6,,,,733000,513000.0,,,,Điện áp nguồn danh định: 220V/50Hz | Chuẩn điều khiển: WIFI | Công suất tối đa trên nút: 300W | Nhiệt độ làm việc: (-10 - 40) °C | Tiêu chuẩn chống bụi nước: IP44 | Số lần bật tắt trên mỗi nút: 100.000 lần | Khả năng chịu xung sét: 0.5 kV | Khối lượng: 180g | Kích thước (Dài x Rộng x Cao): (120x72x34) mm | Màu: Trắng | Màu sắc: Trắng
58,CÔNG TẮC CƠ ĐIỆN TỬ 2 CHIỀU CTC2C.WF V1.03 (RALLI),CTC2C.WF V1.03 (Ralli) LED00064293,https://static.rangdongstore.vn/231226016182/2023/12/26/CTC.BLE-V1.03.jpg?fm=webp&w=500,6,,,,616000,431000.0,,,,Điện áp nguồn danh định: 220V/50 Hz | Công suất tối đa trên nút: 300W | Nhiệt độ làm việc: (-10 - 40) °C | Số lần bật tắt trên mỗi nút: 100.000 lần | Khối lượng: 0.17 kg | Chuẩn kết nối điều khiển: WIFI | Số nút: 3.0 | Kích thước ( Dài x Rộng x Cao): (86x86x43) mm | Màu: Trắng | Màu sắc: Trắng
59,CÔNG TẮC CẢM ỨNG CHỮ NHẬT CTCU.WF CN.01T MN,CTCU.WF CN.01T MN LED00059774-DE0100,https://static.rangdongstore.vn/230930014902/2023/09/30/CTCU.WF%20CN.01%20MN_0.jpg?fm=webp&w=500,6,,,,713000,499000.0,,,,Điện áp nguồn danh định: 220 V/50 Hz | Chuẩn điều khiển: WIFI | Công suất tối đa trên nút: 3000W | Nhiệt độ làm việc: (-10 - 40) °C | Tiêu chuẩn chống bụi nước: IP44 | Số lần bật tắt trên mỗi nút: 100.000 lần | Khả năng chịu xung sét: 0.5 kV | Khối lượng: 180g | Kích thước (Dài x Rộng x Cao): (120x72x34) mm | Màu: Trắng | Màu sắc: Trắng
60,CÔNG TẮC CẢM ỨNG CHỮ NHẬT CTCU.WF CN.01T MN,CTCU.WF CN.01T MN LED00059774-TR0100,https://static.rangdongstore.vn/230930014902/2023/09/30/CTCU.WF%20CN.01%20MN_0.jpg?fm=webp&w=500,6,,,,713000,499000.0,,,,Điện áp nguồn danh định: 220 V/50 Hz | Chuẩn điều khiển: WIFI | Công suất tối đa trên nút: 3000W | Nhiệt độ làm việc: (-10 - 40) °C | Tiêu chuẩn chống bụi nước: IP44 | Số lần bật tắt trên mỗi nút: 100.000 lần | Khả năng chịu xung sét: 0.5 kV | Khối lượng: 180g | Kích thước (Dài x Rộng x Cao): (120x72x34) mm | Màu: Trắng | Màu sắc: Trắng
61,CÔNG TẮC CẢM ỨNG VUÔNG CTCU.WF V.04T,CTCU.WF V.04T LED00051033-DE0100,https://static.rangdongstore.vn/230425010369/2023/04/25/CTCU-x4---B.jpg?fm=webp&w=500,6,,,,774000,542000.0,,,,Điện áp nguồn danh định: 220 V/50 Hz | Chuẩn điều khiển: WIFI | Công suất tối đa trên nút: 300W | Nhiệt độ làm việc: (-10 đến 40) °C | Tiêu chuẩn chống bụi nước: IP44 | Số lần bật tắt trên mỗi nút: 100.000 lần | Khả năng chịu xung sét: 0.5 kV | Khối lượng: 180g | Chiều dài: 86 mm | Chiều rộng: 86 mm | Chiều cao: 32 mm | Màu: Trắng | Màu sắc: Trắng
62,CÔNG TẮC CẢM ỨNG VUÔNG CTCU.WF V.04T,CTCU.WF V.04T LED00051033-TR0100,https://static.rangdongstore.vn/230425010368/2023/04/25/z4293013352452_3172559aab8132ec7d2f9bb1f91ad838.jpg?fm=webp&w=500,6,,,,774000,542000.0,,,,Điện áp nguồn danh định: 220 V/50 Hz | Chuẩn điều khiển: WIFI | Công suất tối đa trên nút: 300W | Nhiệt độ làm việc: (-10 đến 40) °C | Tiêu chuẩn chống bụi nước: IP44 | Số lần bật tắt trên mỗi nút: 100.000 lần | Khả năng chịu xung sét: 0.5 kV | Khối lượng: 180g | Chiều dài: 86 mm | Chiều rộng: 86 mm | Chiều cao: 32 mm | Màu: Trắng | Màu sắc: Trắng
63,CÔNG TẮC CẢM ỨNG VUÔNG CTCU.WF V.02T,CTCU.WF V.02T LED00051031-DE0100,https://static.rangdongstore.vn/230425010366/2023/04/25/CTCU-x2---B.jpg?fm=webp&w=500,6,,,,733000,513000.0,,,,Điện áp nguồn danh định: 220 V/50 Hz | Chuẩn điều khiển: WIFI | Công suất tối đa trên nút: 300W | Nhiệt độ làm việc: (-10 đến 40) °C | Tiêu chuẩn chống bụi nước: IP44 | Số lần bật tắt trên mỗi nút: 100.000 lần | Khả năng chịu xung sét: 0.5 kV | Khối lượng: 180g | Chiều dài: 86 mm | Chiều rộng: 86 mm | Chiều cao: 34 mm | Màu: Trắng | Màu sắc: Trắng
64,CÔNG TẮC CẢM ỨNG VUÔNG CTCU.WF V.02T,CTCU.WF V.02T LED00051031-TR0100,https://static.rangdongstore.vn/230425010367/2023/04/25/z4293007244914_832619c4c7c74948c768bedb8cb2878d.jpg?fm=webp&w=500,6,,,,733000,513000.0,,,,Điện áp nguồn danh định: 220 V/50 Hz | Chuẩn điều khiển: WIFI | Công suất tối đa trên nút: 300W | Nhiệt độ làm việc: (-10 đến 40) °C | Tiêu chuẩn chống bụi nước: IP44 | Số lần bật tắt trên mỗi nút: 100.000 lần | Khả năng chịu xung sét: 0.5 kV | Khối lượng: 180g | Chiều dài: 86 mm | Chiều rộng: 86 mm | Chiều cao: 34 mm | Màu: Trắng | Màu sắc: Trắng
65,CÔNG TẮC CẢM ỨNG VUÔNG CTCU.WF V.01T,CTCU.WF V.01T LED00051030-DE0100,https://static.rangdongstore.vn/230425010365/2023/04/25/CTCU-x1---B.jpg?fm=webp&w=500,6,,,,713000,499000.0,,,,Điện áp nguồn danh định: 220 V/50 Hz | Chuẩn điều khiển: WIFI | Công suất tối đa trên nút: 3000W | Nhiệt độ làm việc: (-10 đến 40) °C | Tiêu chuẩn chống bụi nước: IP44 | Số lần bật tắt trên mỗi nút: 100.000 lần | Khả năng chịu xung sét: 0.5 kV | Khối lượng: 180g | Chiều dài: 86 mm | Chiều rộng: 86 mm | Chiều cao: 32 mm | Màu: Trắng | Màu sắc: Trắng
66,CÔNG TẮC CẢM ỨNG VUÔNG CTCU.WF V.01T,CTCU.WF V.01T LED00051030-TR0100,https://static.rangdongstore.vn/230425010364/2023/04/25/z4282128061208_09251c6f096ecbd4830d8b16e2c6254c.jpg?fm=webp&w=500,6,,,,713000,499000.0,,,,Điện áp nguồn danh định: 220 V/50 Hz | Chuẩn điều khiển: WIFI | Công suất tối đa trên nút: 3000W | Nhiệt độ làm việc: (-10 đến 40) °C | Tiêu chuẩn chống bụi nước: IP44 | Số lần bật tắt trên mỗi nút: 100.000 lần | Khả năng chịu xung sét: 0.5 kV | Khối lượng: 180g | Chiều dài: 86 mm | Chiều rộng: 86 mm | Chiều cao: 32 mm | Màu: Trắng | Màu sắc: Trắng
67,CÔNG TẮC CẢM ỨNG VUÔNG CTCU.WF V.03T,CTCU.WF V.03T LED00051032-DE0100,https://static.rangdongstore.vn/230425010363/2023/04/25/CTCU-x3-B.jpg?fm=webp&w=500,6,,,,754001,528000.0,,,,Điện áp nguồn danh định: 220 V/50 Hz | Chuẩn điều khiển: WIFI | Công suất tối đa trên nút: 300W | Nhiệt độ làm việc: (-10 đến 40) °C | Tiêu chuẩn chống bụi nước: IP44 | Số lần bật tắt trên mỗi nút: 100.000 lần | Khả năng chịu xung sét: 0.5 kV | Khối lượng: 180g | Chiều dài: 86 mm | Chiều rộng: 86 mm | Chiều cao: 32 mm | Màu: Trắng | Màu sắc: Trắng
68,CÔNG TẮC CẢM ỨNG VUÔNG CTCU.WF V.03T,CTCU.WF V.03T LED00051032-TR0100,https://static.rangdongstore.vn/230825014054/2023/08/25/CTCU.WF%20V.03-W.jpg?fm=webp&w=500,6,,,,754001,528000.0,,,,Điện áp nguồn danh định: 220 V/50 Hz | Chuẩn điều khiển: WIFI | Công suất tối đa trên nút: 300W | Nhiệt độ làm việc: (-10 đến 40) °C | Tiêu chuẩn chống bụi nước: IP44 | Số lần bật tắt trên mỗi nút: 100.000 lần | Khả năng chịu xung sét: 0.5 kV | Khối lượng: 180g | Chiều dài: 86 mm | Chiều rộng: 86 mm | Chiều cao: 32 mm | Màu: Trắng | Màu sắc: Trắng
69,CÔNG TẮC CẢM ỨNG VUÔNG CTCU.WF V.REMT,CTCU.WF V.REMT LED00051034-DE0100,https://static.rangdongstore.vn/230425010362/2023/04/25/CTCU.BLE-CN.REM--Den.jpg?fm=webp&w=500,6,,,,754001,528000.0,,,,Điện áp nguồn danh định: 220 V/50 Hz | Chuẩn điều khiển: WIFI | Công suất tối đa trên nút: 300W | Nhiệt độ làm việc: (-10 đến 40) °C | Tiêu chuẩn chống bụi nước: IP44 | Số lần bật tắt trên mỗi nút: 100.000 lần | Khả năng chịu xung sét: 0.5 kV | Khối lượng: 180g | Chiều dài: 86 mm | Chiều rộng: 86 mm | Chiều cao: 34 mm | Màu: Trắng | Màu sắc: Trắng
70,CÔNG TẮC CẢM ỨNG VUÔNG CTCU.WF V.04T MN,CTCU.WF V.04T MN LED00059772-DE0100,https://static.rangdongstore.vn/230930014795/2023/09/30/CTCU.WF%20V.04-B.jpg?fm=webp&w=500,6,,,,774000,542000.0,,,,Điện áp nguồn danh định: 220 V/50 Hz | Chuẩn điều khiển: WIFI | Công suất tối đa trên nút: 300W | Nhiệt độ làm việc: (-10 đến 40) °C | Tiêu chuẩn chống bụi nước: IP44 | Số lần bật tắt trên mỗi nút: 100.000 lần | Khả năng chịu xung sét: 0.5 kV | Khối lượng: 180g | Chiều dài: 86 mm | Chiều rộng: 86 mm | Chiều cao: 32 mm | Màu: Trắng | Màu sắc: Trắng
71,CÔNG TẮC CẢM ỨNG VUÔNG CTCU.WF V.04T MN,CTCU.WF V.04T MN LED00059772-TR0100,https://static.rangdongstore.vn/230930014795/2023/09/30/CTCU.WF%20V.04-B.jpg?fm=webp&w=500,6,,,,774000,542000.0,,,,Điện áp nguồn danh định: 220 V/50 Hz | Chuẩn điều khiển: WIFI | Công suất tối đa trên nút: 300W | Nhiệt độ làm việc: (-10 đến 40) °C | Tiêu chuẩn chống bụi nước: IP44 | Số lần bật tắt trên mỗi nút: 100.000 lần | Khả năng chịu xung sét: 0.5 kV | Khối lượng: 180g | Chiều dài: 86 mm | Chiều rộng: 86 mm | Chiều cao: 32 mm | Màu: Trắng | Màu sắc: Trắng
72,CÔNG TẮC CẢM ỨNG VUÔNG CTCU.WF V.03T MN,CTCU.WF V.03T MN LED00059771,https://static.rangdongstore.vn/230930014785/2023/09/30/CTCU.WF%20V.03-B.jpg?fm=webp&w=500,6,,,,754001,528000.0,,,,Điện áp nguồn danh định: 220 V/50 Hz | Chuẩn điều khiển: WIFI | Công suất tối đa trên nút: 300W | Nhiệt độ làm việc: (-10 đến 40) °C | Tiêu chuẩn chống bụi nước: IP44 | Số lần bật tắt trên mỗi nút: 100.000 lần | Khả năng chịu xung sét: 0.5 kV | Khối lượng: 180g | Chiều dài: 86 mm | Chiều rộng: 86 mm | Chiều cao: 32 mm | Màu: Trắng | Màu sắc: Trắng
73,CÔNG TẮC CẢM ỨNG VUÔNG CTCU.WF V.03T MN,CTCU.WF V.03T MN LED00059771-TR0100,https://static.rangdongstore.vn/230930014786/2023/09/30/CTCU.WF%20V.03-W.jpg?fm=webp&w=500,6,,,,754001,528000.0,,,,Điện áp nguồn danh định: 220 V/50 Hz | Chuẩn điều khiển: WIFI | Công suất tối đa trên nút: 300W | Nhiệt độ làm việc: (-10 đến 40) °C | Tiêu chuẩn chống bụi nước: IP44 | Số lần bật tắt trên mỗi nút: 100.000 lần | Khả năng chịu xung sét: 0.5 kV | Khối lượng: 180g | Chiều dài: 86 mm | Chiều rộng: 86 mm | Chiều cao: 32 mm | Màu: Trắng | Màu sắc: Trắng
74,CÔNG TẮC CẢM ỨNG VUÔNG CTCU.WF V.01T MN,CTCU.WF V.01T MN LED00059769-DE0100,https://static.rangdongstore.vn/230930014778/2023/09/30/CTCU.WF%20V.01-B.jpg?fm=webp&w=500,6,,,,713000,499000.0,,,,Điện áp nguồn danh định: 220 V/50 Hz | Chuẩn điều khiển: WIFI | Công suất tối đa trên nút: 3000W | Nhiệt độ làm việc: (-10 đến 40) °C | Tiêu chuẩn chống bụi nước: IP44 | Số lần bật tắt trên mỗi nút: 100.000 lần | Khả năng chịu xung sét: 0.5 kV | Khối lượng: 180g | Chiều dài: 86 mm | Chiều rộng: 86 mm | Chiều cao: 32 mm | Màu: Trắng | Màu sắc: Trắng
75,CÔNG TẮC CẢM ỨNG VUÔNG CTCU.WF V.01T MN,CTCU.WF V.01T MN LED00059769-TR0100,https://static.rangdongstore.vn/230930014779/2023/09/30/CTCU.WF%20V.01-W.jpg?fm=webp&w=500,6,,,,713000,499000.0,,,,Điện áp nguồn danh định: 220 V/50 Hz | Chuẩn điều khiển: WIFI | Công suất tối đa trên nút: 3000W | Nhiệt độ làm việc: (-10 đến 40) °C | Tiêu chuẩn chống bụi nước: IP44 | Số lần bật tắt trên mỗi nút: 100.000 lần | Khả năng chịu xung sét: 0.5 kV | Khối lượng: 180g | Chiều dài: 86 mm | Chiều rộng: 86 mm | Chiều cao: 32 mm | Màu: Trắng | Màu sắc: Trắng
76,CÔNG TẮC CẢM ỨNG VUÔNG CTCU.WF V.01T MN,CTCU.WF V.01T MN LED00059769-TR0100,https://static.rangdongstore.vn/230930014779/2023/09/30/CTCU.WF%20V.01-W.jpg?fm=webp&w=500,6,,,,713000,499000.0,,,,Điện áp nguồn danh định: 220 V/50 Hz | Chuẩn điều khiển: WIFI | Công suất tối đa trên nút: 3000W | Nhiệt độ làm việc: (-10 đến 40) °C | Tiêu chuẩn chống bụi nước: IP44 | Số lần bật tắt trên mỗi nút: 100.000 lần | Khả năng chịu xung sét: 0.5 kV | Khối lượng: 180g | Chiều dài: 86 mm | Chiều rộng: 86 mm | Chiều cao: 32 mm | Màu sắc: Trắng
77,CÔNG TẮC CẢM ỨNG VUÔNG CTCU.WF V.02T MN,CTCU.WF V.02T MN LED00059770-DE0100,https://static.rangdongstore.vn/230930014768/2023/09/30/CTCU.WF%20V.02-B.jpg?fm=webp&w=500,6,,,,733000,513000.0,,,,Điện áp nguồn danh định: 220 V/50 Hz | Chuẩn điều khiển: WIFI | Công suất tối đa trên nút: 300W | Nhiệt độ làm việc: (-10 đến 40) °C | Tiêu chuẩn chống bụi nước: IP44 | Số lần bật tắt trên mỗi nút: 100.000 lần | Khả năng chịu xung sét: 0.5 kV | Khối lượng: 180g | Chiều dài: 86 mm | Chiều rộng: 86 mm | Chiều cao: 32 mm | Màu sắc: Trắng
78,CÔNG TẮC CẢM ỨNG VUÔNG CTCU.WF V.02T MN,CTCU.WF V.02T MN LED00059770-TR0100,https://static.rangdongstore.vn/230930014769/2023/09/30/CTCU.WF%20V.02-W.jpg?fm=webp&w=500,6,,,,733000,513000.0,,,,Điện áp nguồn danh định: 220 V/50 Hz | Chuẩn điều khiển: WIFI | Công suất tối đa trên nút: 300W | Nhiệt độ làm việc: (-10 đến 40) °C | Tiêu chuẩn chống bụi nước: IP44 | Số lần bật tắt trên mỗi nút: 100.000 lần | Khả năng chịu xung sét: 0.5 kV | Khối lượng: 180g | Chiều dài: 86 mm | Chiều rộng: 86 mm | Chiều cao: 32 mm | Màu sắc: Trắng
79,CÔNG TẮC CẢM ỨNG VUÔNG CTCU.WF V.REMT MN,CTCU.WF V.REMT MN LED00059773-DE0100,https://static.rangdongstore.vn/240829022859/2024/08/29/CTCU.WF%20V.REM-B.jpg?fm=webp&w=500,6,,,,754001,528000.0,,,,Điện áp nguồn danh định: 220 V/50 Hz | Chuẩn điều khiển: WIFI | Công suất tối đa trên nút: 300W | Nhiệt độ làm việc: (-10 đến 40) °C | Tiêu chuẩn chống bụi nước: IP44 | Số lần bật tắt trên mỗi nút: 100.000 lần | Khả năng chịu xung sét: 0.5 kV | Khối lượng: 180g | Chiều dài: 86 mm | Chiều rộng: 86 mm | Chiều cao: 34 mm | Màu sắc: Trắng
80,CÔNG TẮC CẢM ỨNG VUÔNG CTCU.WF V.REMT MN,CTCU.WF V.REMT MN LED00059773-TR0100,https://static.rangdongstore.vn/240829022859/2024/08/29/CTCU.WF%20V.REM-B.jpg?fm=webp&w=500,6,,,,754001,528000.0,,,,Điện áp nguồn danh định: 220 V/50 Hz | Chuẩn điều khiển: WIFI | Công suất tối đa trên nút: 300W | Nhiệt độ làm việc: (-10 đến 40) °C | Tiêu chuẩn chống bụi nước: IP44 | Số lần bật tắt trên mỗi nút: 100.000 lần | Khả năng chịu xung sét: 0.5 kV | Khối lượng: 180g | Chiều dài: 86 mm | Chiều rộng: 86 mm | Chiều cao: 34 mm | Màu sắc: Trắng
81,CÔNG TẮC CẢM ỨNG CHỮ NHẬT CTCU.WF CN.DOT.2W.SP CÔNG TẮC CỬA CUỐN,CTCU.WF CN.DOT.2W.SP LED00073169-DE0100,https://static.rangdongstore.vn/241130026813/2024/11/30/CTCU.WF_CN.DOT.2W.SP--Den.jpg?fm=webp&w=500,6,,,,815000,733500.0,,,,Điện áp nguồn danh định: 220 V/50 Hz | Nhiệt độ làm việc: (-10 - 40) °C | Tiêu chuẩn chống bụi nước: IP44 | Số lần bật tắt trên mỗi nút: 100.000 lần | Khả năng chịu xung sét: 0.5 kV | Chuẩn kết nối điều khiển: WIFI/BLE Mesh | Tiêu chuẩn áp dụng: TCVN 6480-1:2008 | Kích thước ( Dài x Rộng x Cao): (120x72x32) mm | Khối lượng 1 sản phẩm: 270 g | Màu sắc: Trắng
82,CÔNG TẮC CẢM ỨNG CHỮ NHẬT CTCU.WF CN.DOT.2W.SP CÔNG TẮC CỬA CUỐN,CTCU.WF CN.DOT.2W.SP LED00073169-TR0100,https://static.rangdongstore.vn/241130026813/2024/11/30/CTCU.WF_CN.DOT.2W.SP--Den.jpg?fm=webp&w=500,6,,,,815000,733500.0,,,,Điện áp nguồn danh định: 220 V/50 Hz | Nhiệt độ làm việc: (-10 - 40) °C | Tiêu chuẩn chống bụi nước: IP44 | Số lần bật tắt trên mỗi nút: 100.000 lần | Khả năng chịu xung sét: 0.5 kV | Chuẩn kết nối điều khiển: WIFI/BLE Mesh | Tiêu chuẩn áp dụng: TCVN 6480-1:2008 | Kích thước ( Dài x Rộng x Cao): (120x72x32) mm | Khối lượng 1 sản phẩm: 270 g | Màu sắc: Trắng
83,CÔNG TẮC CẢM ỨNG CHỮ NHẬT CTCU.WF CN.01T.2W.SP,CTCU.WF CN.01T.2W.SP LED00065842-DE0100,https://static.rangdongstore.vn/240827020413/2024/08/27/CTCU.WF-1-nut.jpg?fm=webp&w=500,6,,,,713000,499100.0,,,,Điện áp nguồn danh định: 220 V/50 Hz | Chuẩn điều khiển: WIFI | Công suất tối đa trên nút: 3000W | Nhiệt độ làm việc: (-10 - 40) °C | Tiêu chuẩn chống bụi nước: IP44 | Số lần bật tắt trên mỗi nút: 100.000 lần | Khả năng chịu xung sét: 0.5 kV | Khối lượng: 180g | Kích thước (Dài x Rộng x Cao): (120x72x34) mm | Màu sắc: Trắng
84,CÔNG TẮC CẢM ỨNG CHỮ NHẬT CTCU.WF CN.01T.2W.SP,CTCU.WF CN.01T.2W.SP LED00065842-TR0100,https://static.rangdongstore.vn/240827020413/2024/08/27/CTCU.WF-1-nut.jpg?fm=webp&w=500,6,,,,713000,499100.0,,,,Điện áp nguồn danh định: 220 V/50 Hz | Chuẩn điều khiển: WIFI | Công suất tối đa trên nút: 3000W | Nhiệt độ làm việc: (-10 - 40) °C | Tiêu chuẩn chống bụi nước: IP44 | Số lần bật tắt trên mỗi nút: 100.000 lần | Khả năng chịu xung sét: 0.5 kV | Khối lượng: 180g | Kích thước (Dài x Rộng x Cao): (120x72x34) mm | Màu sắc: Trắng
85,CÔNG TẮC CẢM ỨNG CHỮ NHẬT CTCU.WF CN.02T.2W.SP,CTCU.WF CN.02T.2W.SP LED00065843-DE0100,https://static.rangdongstore.vn/240827020410/2024/08/27/CTCU.WF-2-nut.jpg?fm=webp&w=500,6,,,,733000,513100.0,,,,Điện áp nguồn danh định: 220V/50Hz | Chuẩn điều khiển: WIFI | Công suất tối đa trên nút: 300W | Nhiệt độ làm việc: (-10 - 40) °C | Tiêu chuẩn chống bụi nước: IP44 | Số lần bật tắt trên mỗi nút: 100.000 lần | Khả năng chịu xung sét: 0.5 kV | Khối lượng: 180g | Kích thước (Dài x Rộng x Cao): (120x72x34) mm | Màu sắc: Trắng
86,CÔNG TẮC CẢM ỨNG CHỮ NHẬT CTCU.WF CN.02T.2W.SP,CTCU.WF CN.02T.2W.SP LED00065843-TR0100,https://static.rangdongstore.vn/240827020410/2024/08/27/CTCU.WF-2-nut.jpg?fm=webp&w=500,6,,,,733000,513100.0,,,,Điện áp nguồn danh định: 220V/50Hz | Chuẩn điều khiển: WIFI | Công suất tối đa trên nút: 300W | Nhiệt độ làm việc: (-10 - 40) °C | Tiêu chuẩn chống bụi nước: IP44 | Số lần bật tắt trên mỗi nút: 100.000 lần | Khả năng chịu xung sét: 0.5 kV | Khối lượng: 180g | Kích thước (Dài x Rộng x Cao): (120x72x34) mm | Màu sắc: Trắng
87,CÔNG TẮC CẢM ỨNG CHỮ NHẬT CTCU.WF CN.03T.2W.SP,CTCU.WF CN.03T.2W.SP LED00065844-DE0100,https://static.rangdongstore.vn/240827020412/2024/08/27/CTCU.WF-3-nuty.jpg?fm=webp&w=500,6,,,,754001,527801.0,,,,Điện áp nguồn danh định: 220V/50Hz | Chuẩn điều khiển: WIFI | Công suất tối đa trên nút: 300W | Nhiệt độ làm việc: (-10 - 40) °C | Tiêu chuẩn chống bụi nước: IP44 | Số lần bật tắt trên mỗi nút: 100.000 lần | Khả năng chịu xung sét: 0.5 kV | Khối lượng: 180g | Kích thước (Dài x Rộng x Cao): (120x72x34) mm | Màu sắc: Trắng
88,CÔNG TẮC CẢM ỨNG CHỮ NHẬT CTCU.WF CN.03T.2W.SP,CTCU.WF CN.03T.2W.SP LED00065844-TR0100,https://static.rangdongstore.vn/240827020412/2024/08/27/CTCU.WF-3-nuty.jpg?fm=webp&w=500,6,,,,754001,527801.0,,,,Điện áp nguồn danh định: 220V/50Hz | Chuẩn điều khiển: WIFI | Công suất tối đa trên nút: 300W | Nhiệt độ làm việc: (-10 - 40) °C | Tiêu chuẩn chống bụi nước: IP44 | Số lần bật tắt trên mỗi nút: 100.000 lần | Khả năng chịu xung sét: 0.5 kV | Khối lượng: 180g | Kích thước (Dài x Rộng x Cao): (120x72x34) mm | Màu sắc: Trắng
89,CÔNG TẮC CẢM ỨNG CHỮ NHẬT CTCU.WF CN.04T.2W.SP,CTCU.WF CN.04T.2W.SP LED00065845-DE0100,https://static.rangdongstore.vn/240827020411/2024/08/27/CTCU.WF-4-nut.jpg?fm=webp&w=500,6,,,,774000,541800.0,,,,Điện áp nguồn danh định: 220V/50Hz | Chuẩn điều khiển: WIFI | Công suất tối đa trên nút: 300W | Nhiệt độ làm việc: (-10 - 40) °C | Tiêu chuẩn chống bụi nước: IP44 | Số lần bật tắt trên mỗi nút: 100.000 lần | Khả năng chịu xung sét: 0.5 kV | Khối lượng: 180g | Kích thước (Dài x Rộng x Cao): (120x72x34) mm | Màu sắc: Trắng
90,CÔNG TẮC CẢM ỨNG CHỮ NHẬT CTCU.WF CN.04T.2W.SP,CTCU.WF CN.04T.2W.SP LED00065845-TR0100,https://static.rangdongstore.vn/240827020411/2024/08/27/CTCU.WF-4-nut.jpg?fm=webp&w=500,6,,,,774000,541800.0,,,,Điện áp nguồn danh định: 220V/50Hz | Chuẩn điều khiển: WIFI | Công suất tối đa trên nút: 300W | Nhiệt độ làm việc: (-10 - 40) °C | Tiêu chuẩn chống bụi nước: IP44 | Số lần bật tắt trên mỗi nút: 100.000 lần | Khả năng chịu xung sét: 0.5 kV | Khối lượng: 180g | Kích thước (Dài x Rộng x Cao): (120x72x34) mm | Màu sắc: Trắng
91,CÔNG TẮC CẢM ỨNG CHỮ NHẬT CTCU.WF CN.04T.2W.SP,CTCU.WF CN.04T.2W.SP LED00065845-TR0100,https://static.rangdongstore.vn/240827020411/2024/08/27/CTCU.WF-4-nut.jpg?fm=webp&w=500,6,,,,774000,541800.0,,,,Điện áp nguồn danh định: 220V/50Hz | Chuẩn điều khiển: WIFI | Công suất tối đa trên nút: 300W | Nhiệt độ làm việc: (-10 - 40) °C | Tiêu chuẩn chống bụi nước: IP44 | Số lần bật tắt trên mỗi nút: 100.000 lần | Khả năng chịu xung sét: 0.5 kV | Khối lượng: 180g | Kích thước (Dài x Rộng x Cao): (120x72x34) mm
92,BẢNG ĐIỀU KHIỂN CẢNH RD-SC06.CN,RD-SC06.CN LED00051035,https://static.rangdongstore.vn/230314010290/2023/03/14/RD-SC06.CN.jpg?fm=webp&w=500,7,,,,1100000,1045000.0,,,,No description
93,CHUÔNG BÁO ĐỘNG THÔNG MINH CBĐ01.WF,CBĐ01.WF LED00059978,https://static.rangdongstore.vn/230808011203/2023/08/08/CB%C4%9001.WF.jpg?fm=webp&w=500,8,,,,937000,843300.0,,,,"Nguồn cung cấp: Adapter 5VDC                            | Dải nhiệt độ hoạt động: (-10 - 50)°C | Dải độ ẩm hoạt động: (0 - 95)%, không đọng sương | Đường kính: 80 mm | Chiều cao: 35 mm"
94,CẢM BIẾN KHÓI CB11.SM.WF,CB11.S.WF LED00059977,https://static.rangdongstore.vn/230807011168/2023/08/07/b31bd384-ecd7-47ea-9ecc-aee75d1f8be2.jpg?fm=webp&w=500,8,,,,1034000,930600.0,,,,"Nguồn cung cấp: Pin CR123A                                                | Dải nhiệt độ hoạt động: (-10 - 50)°C | Dải độ ẩm hoạt động: (0 - 95)%, không đọng sương | Đường kính: 86 mm | Chiều cao: 32 mm"
95,"CHAO TRẦN INOX 1,2M ĐÔI RD-C.02",RD-C.02 LED00005598,https://static.rangdongstore.vn/product/Den-LED/Chao_den/chao_den.jpg?fm=webp&w=500,9,,,,154000,123000.0,,,,No description
96,"MÁNG ĐÈN FS40/36X2-M9-KOBL,KO NẮP(LẮP LED TUBE)",FS40/36x2-9 LED00005578,https://static.rangdongstore.vn/2204006707/2022/04/11/mang-den-fs40-36x2-m9-kobl-ko-nap-lap-led-tube-zt4.jpeg?fm=webp&w=500,9,,,,101001,81000.0,,,,No description
97,MÁNG FS 20/18WX1 TG,FS20/18Wx1TG LED00017376,https://static.rangdongstore.vn/2204006725/2022/04/11/mang-fs-20-18wx1-tg-zim.jpeg?fm=webp&w=500,9,,,,340200,289000.0,,,,No description
98,MÁNG ĐÈN FS-40/36X1-M9-K/BALÁT(LẮP LED TUBE),FS-40/36x1-9 LED00005574,https://static.rangdongstore.vn/2204006705/2022/04/11/mang-den-fs-40-36x1-m9-k-balat-lap-led-tube-xah.jpeg?fm=webp&w=500,9,,,,93000,74000.0,,,,"Lắp đặt với 01 Bóng led: 1,2m 20W | Nguồn điện: 220V/50Hz | Unnamed: 7:   | Chiều dài: 1237 (mm) | Chiều rộng: 48(mm) | Chiều cao: 68 (mm)"
99,MÁNG ĐÈN LED TUBE ĐÔI 1.2M KHÔNG BA LÁT M9 FS 40/36X2 LẮP BÓNG LED,FS40/36x29 LED00005577,https://static.rangdongstore.vn/product/Den-LED/LED_Tube/FS_40_36x2_M9_LED_TUBE/FS_40_36x2%20M9_1.jpg?fm=webp&w=500,9,,,,117000,94000.0,,,,"Nguồn điện: 220V/50Hz | Chiều dài: 1233 (mm) | Chiều rộng: 48 (mm) | Chiều cao: 68 (mm) | Lắp đặt với 02 Bóng HQ: 1,2m 40/36W | Balát điện từ:"
100,MÁNG ĐÈN FS-40/36X1-M9-K/BALÁT(LẮP LED TUBE) KHÔNG NẮP LẮP LED,FS40/36x19 LED00005575,https://static.rangdongstore.vn/product/Den-LED/mang-led-tube/FS_40_36X1_M9/FS_40_36X1_M9_1.jpg?fm=webp&w=500,9,,,,82000,66000.0,,,,"Nguồn điện: 220V/50Hz | Chiều dài: 1237 (mm) | Chiều rộng: 48(mm) | Chiều cao: 68 (mm) | Balát điện từ:   | Lắp đặt với 01 Bóng HQ: 1,2m 40/36W"
101,MÁNG ĐÈN LED TUBE 0.6M KHÔNG BA LÁT M9 FS 20/18X1 LẮP BÓNG LED,FS20/18x19 LED00005570,https://static.rangdongstore.vn/product/Den-LED/mang-led-tube/FS_20_18x1_M9/FS_20_18x1_M9_1.jpg?fm=webp&w=500,9,,,,64800,52000.0,,,,"Nguồn điện: 220V/50Hz | Chiều dài: 628 (mm) | Chiều rộng: 48 (mm) | Chiều cao: 68 (mm) | Balát điện từ:   | Lắp đặt với 01 Bóng HQ:  0,6m 20/18W"
102,MÁNG FS 20/18WX2 TG,FS20/18Wx2TG LED00017378,https://static.rangdongstore.vn/2204006727/2022/04/11/mang-fs-20-18wx2-tg-vwb.jpeg?fm=webp&w=500,9,,,,414720,353000.0,,,,No description
103,"CHAO TRẦN INOX 1,2M RD-C.01",RD-C.01 LED00005597,https://static.rangdongstore.vn/product/Den-LED/Chao_den/chao_den.jpg?fm=webp&w=500,9,,,,120000,96000.0,,,,No description
104,PHÍCH ĐỰNG NƯỚC RD-2035 TS2.E CÓ HIỂN THỊ NHIỆT ĐỘ,2035TS2.E PHN00025087,https://static.rangdongstore.vn/240522018568/2024/05/22/RD-2035-S2.E-2.jpg?fm=webp&w=500,10,,,,486000,316000.0,,,,"Kích thước(RxC) mm: Ø145 ±1.5 x 394.5 ±3 | Độ giữ nhiệt sau 6h: ≥80 °C | dung tích: 2.0 ±6% | Lắp lẫn: Đảm bảo độ kín khít | Rót nước: Lấy 1 chiếc cốc có đường kính miệng từ 6-8 cm đặt trên 1 tờ giấy trắng, kích thước ( 200 x 200 mm). Đựng nước trong phích, rót nước ra cốc ở độ cao 5 cm đo từ miệng phích đến thành cốc, Không có vết nước xuất hiện trên tờ giấy | Độ ổn định: Phích không được mất thăng bằng khi được đặt lên 1 mặt phẳng nghiêng 10˚ so với phương nằm ngang/td> | Sốc nhiệt: Ruột phích không bị nổ vỡ | Hở nút: Đổ vào phích 70% dung tích danh định. Vặn chặt nút, lau khô bên ngoài nút, vành miệng và nắp phích. Để phích treo ngược trong ít nhất 10 phút, Không có giọt nước nào xuất hiện bên ngoài nút đậy, vành miệng và nắp phích. | Độ kín khít của gioăng cổ: - Dung tay lắc phích, ấn nhẹ miệng ruột phích để xem ruột phích có được lắp chắc chắn, không rơ lỏng hay không.
- Đổ đầy nước đến ngang miệng phích, để sau 2 h nước không được chảy vào thân phích.6:18 | Khả năng chịu tác động cơ học từ bên ngoài: Ở nhiệt độ phòng, đổ thật đầy nước vào phích, sau đó thả phích rơi tự do xuống theo phương thẳng đứng từ độ cao 10 cm vào một tấm gỗ nằmg ngang có chiều dày tối thiểu 3 cm. Đảm bảo phích vững chắc, không bị hỏng, vỡ | Cấu tạo vật liệu: Phụ tùng nhựa: Nhựa PP
Thân phích: Thép lá tráng thiếc
Ruột: Thủy tinh
Nút liền nắp : Có hiển thị nhiệt độ
Gioăng: Silicone | Tiêu chuẩn áp dụng: - TCCS 26:2015/RĐ
- BS EN 12546-1:2000
- QCVN 12-1,2,3:2011/BYT
- QCVN 12- 4: 2015/BYT | Sự công bố: 04/Rangdong/2022 | Nguồn gốc: Sản xuất tại Việt Nam | Số lượng (cái): 01 sản phẩm/ hộp trong
06 sản phẩm/ hộp ngoài | Khối lượng tịnh 1 cái (kg): 1.1 ±10% | Khối lượng tịnh cả hộp ngoài: 8.6 ±10% | Kích thước Chất liệu hộp trong: Kích thước: 170 x 146 x 402 (mm)
Chất liệu: Carton bồi duplex 250 g/m2 | Kích thước chất liệu hộp ngoài: Kích thước: 455 x 350 x 412 (mm)
Chất liệu: Carton sóng A, mặt vàng 1 | Unnamed: 24:   | Công dụng: - Nắp, nút được tích hợp 2 trong một, vừa là nút đậy, vừa là nắp mở
- Nắp có hiển thị nhiệt độ, giúp người sử dụng dễ dàng kiểm soát nhiệt độ trong phích
- Kiểu dáng hiện đại, mỹ thuật, tinh tế
- Vật liệu nhựa PP nguyên sinh ATVSTP, cho sản phẩm bóng đẹp, bền với thời gian. Ruột bằng thủy tinh an toàn không có các yếu tố độc hại, an toàn cho sức khỏe
- Ruột phích có lớp chân không cách nhiệt & được phủ tráng bạc tăng khả năng giữ nhiệt
- Kiểu dáng thiết kế đẹp, bắt mắt"
105,PHÍCH ĐỰNG NƯỚC RD 1040 ST4.E,RD-1040ST4.E PHN00023310,https://static.rangdongstore.vn/230905014467/2023/09/05/RD-1040ST1.E-7.jpg?fm=webp&w=500,10,,,,432000,281000.0,,,,"Kích thước(RxC) mm: Ø129 ±1.5 x 264 ±3 | Độ giữ nhiệt sau 6h: ≥ 78 °C | dung tích: 1.0±6% L | Cấu tạo vật liệu: Phụ tùng nhựa: Nhựa ABS, PP
Ruột: Thủy tinh
Gioăng: Silicone | Khối lượng tịnh cả hộp ngoài: 4 ± 10% (kg) | Kích thước Chất liệu hộp trong: Kích thước: 150x140x270 (mm)
Chất liệu: Carton bồi duplex 250 g/m2 | Kích thước chất liệu hộp ngoài: Kích thước: 310 x 290 x 282 (mm)
Chất liệu: Carton sóng A, mặt vàng 1 | Trọng lượng: 730± 10% g | Số lượng: 01 sản phẩm/ hộp trong
04 sản phẩm/ hộp ngoài | Khối lượng tịnh 1 cái: 730 ± 10% g"
106,PHÍCH PHA TRÀ 1L HIỂN THỊ NHIỆT ĐỘ RD-1045 N3.E,RD-1045N3.E PHN00019426-XA0100,https://static.rangdongstore.vn/product/Phich/1045N3.E/1045N3.E-1-1.jpg?fm=webp&w=500,10,,,,454000,295000.0,,,,"Dung tích: 1.0 lít | Vật liệu: Vỏ nhựa ABS, Ruột thủy tinh, Gioăng Silicone | Độ giữ nhiệt: Giữ nóng 12 giờ, giữ lạnh 24 giờ | Số lượng thùng: 01 sản phẩm/hộp trong
04 sản phẩm/hộp ngoài | Kích thước thùng ngoài: (328x328x257) mm | Khối lượng cả hộp ngoài: 4 kg"
107,PHÍCH ĐỰNG NƯỚC RD-1040 ST3,1040ST3 PHN00027987,https://static.rangdongstore.vn/250110027330/2025/01/10/1040ST3_6.jpg?fm=webp&w=500,10,,,,240000,168000.0,,,,No description
108,PHÍCH BƠM NƯỚC 2L RD-2045 ST3.E,RD-2045ST3.E PHN00015356,https://static.rangdongstore.vn/product/Phich/RD-2045ST3.E/RD-2045ST3.E-1.jpg?fm=webp&w=500,10,,,,694000,486000.0,,,,"Dung tích: 2 lít | Vật liệu: Thân inox kẻ cao cấp bền đẹp, ruột thủy tinh, gioăng silicone | Kích thước thùng ngoài: (345x349x415) mm | Độ giữ nhiệt sau 6 giờ: ≥ 80 °C | Trọng lượng 1 phích: 1,3 kg | Đường kính miệng: 45 mm | Số lượng bao gói thùng: 04 cái | Khối lượng: 6,5 (kg)"
109,PHÍCH ĐỰNG NƯỚC 0.75L RD-0740 ST3.E,RD-0740ST3.E PHN00014016,https://static.rangdongstore.vn/product/Phich/0740-ST3-E/2.jpg?fm=webp&w=500,10,,,,359000,251000.0,,,,"Dung tích: 700 ml | Vật liệu: thân Inox, vai nhựa | Độ giữ nhiệt sau 6 giờ: ≥ 78 °C | Số lượng bao gói thùng: 06 cái | Khối lượng: 5,4 (kg) | Kích thước thùng: (390x265x302) mm"
110,PHÍCH ĐỰNG NƯỚC 1L RD-1040 ST3.E,RD-1040ST3.E PHN00013366,https://static.rangdongstore.vn/product/Phich/RD-1040ST3-E/RD-1040ST3-E-1.jpg?fm=webp&w=500,10,,,,384999,270000.0,,,,"Dung tích: 1,0 lít | Vật liệu: thân Inox, vai nhựa | Độ giữ nhiệt sau 6 giờ: ≥ 78 °C | Số lượng bao gói thùng: 06 cái | Khối lượng: 5,5 (kg) | Kích thước thùng: (390x260x330) mm"
111,PHÍCH 1055 ST1.E-1L-PIONEER,1055ST1.E-1L-Pinr PHN00000964,https://static.rangdongstore.vn/2204006796/2022/04/11/phich-1055-st1-e-1l-pioneer-ksn.jpeg?fm=webp&w=500,10,,,,348000,244000.0,,,,"Dung tích: 1,0 lít | Vật liệu: thân Inox, vai nhựa | Độ giữ nhiệt sau 6 giờ: ≥ 75 °C | Số lượng bao gói thùng: 12 cái | Khối lượng: 13 (kg) | Kích thước thùng: (555x392x500) mm | Phích có lọc trà:"
112,PHÍCH PHA TRÀ 1.5L RD-1542 N2.E,RD-1542N2.E PHN00002565-TR0100,https://static.rangdongstore.vn/product/Phich/1542-N2-E/1542-N2-E-do.jpg?fm=webp&w=500,10,,,,372000,242000.0,,,,"Dung tích: 1,5 lít | Vật liệu: Vỏ nhựa ABS, Ruột thủy tinh, Gioăng Silicone | Độ giữ nhiệt: Giữ nóng 12 giờ, giữ lạnh 24 giờ | Số lượng thùng: 04 cái | Kích thước thùng ngoài: (328x328x280) mm | Khối lượng: 5,6 (kg)"
113,PHÍCH ĐỰNG NƯỚC RD-2035 ST2.E CÓ HIỂN THỊ NHIỆT ĐỘ,2035ST2.E PHN00025088,https://static.rangdongstore.vn/240522018569/2024/05/22/RD-2035-S2.E-3.jpg?fm=webp&w=500,10,,,,648000,421000.0,,,,"Kích thước(RxC) mm: Ø145 ±1.5 x 394.5 ±3 | Độ giữ nhiệt sau 6h: ≥80 °C | dung tích: 2.0 ±6% | Lắp lẫn: Đảm bảo độ kín khít | Rót nước: Lấy 1 chiếc cốc có đường kính miệng từ 6-8 cm đặt trên 1 tờ giấy trắng, kích thước ( 200 x 200 mm). Đựng nước trong phích, rót nước ra cốc ở độ cao 5 cm đo từ miệng phích đến thành cốc, Không có vết nước xuất hiện trên tờ giấy | Độ ổn định: Phích không được mất thăng bằng khi được đặt lên 1 mặt phẳng nghiêng 10˚ so với phương nằm ngang/td> | Sốc nhiệt: Ruột phích không bị nổ vỡ | Hở nút: Đổ vào phích 70% dung tích danh định. Vặn chặt nút, lau khô bên ngoài nút, vành miệng và nắp phích. Để phích treo ngược trong ít nhất 10 phút, Không có giọt nước nào xuất hiện bên ngoài nút đậy, vành miệng và nắp phích. | Độ kín khít của gioăng cổ: - Dung tay lắc phích, ấn nhẹ miệng ruột phích để xem ruột phích có được lắp chắc chắn, không rơ lỏng hay không.
- Đổ đầy nước đến ngang miệng phích, để sau 2 h nước không được chảy vào thân phích.6:18 | Khả năng chịu tác động cơ học từ bên ngoài: Ở nhiệt độ phòng, đổ thật đầy nước vào phích, sau đó thả phích rơi tự do xuống theo phương thẳng đứng từ độ cao 10 cm vào một tấm gỗ nằmg ngang có chiều dày tối thiểu 3 cm. Đảm bảo phích vững chắc, không bị hỏng, vỡ | Cấu tạo vật liệu: Phụ tùng nhựa: Nhựa PP
Thân phích: Thép lá tráng thiếc
Ruột: Thủy tinh
Nút liền nắp : Có hiển thị nhiệt độ
Gioăng: Silicone | Tiêu chuẩn áp dụng: - TCCS 26:2015/RĐ
- BS EN 12546-1:2000
- QCVN 12-1,2,3:2011/BYT
- QCVN 12- 4: 2015/BYT | Sự công bố: 04/Rangdong/2022 | Nguồn gốc: Sản xuất tại Việt Nam | Số lượng (cái): 01 sản phẩm/ hộp trong
06 sản phẩm/ hộp ngoài | Khối lượng tịnh 1 cái (kg): 1.1 ±10% | Khối lượng tịnh cả hộp ngoài: 8.6 ±10% | Kích thước Chất liệu hộp trong: Kích thước: 170 x 146 x 402 (mm)
Chất liệu: Carton bồi duplex 250 g/m2 | Kích thước chất liệu hộp ngoài: Kích thước: 455 x 350 x 412 (mm)
Chất liệu: Carton sóng A, mặt vàng 1 | Unnamed: 24:   | Công dụng: - Nắp, nút được tích hợp 2 trong một, vừa là nút đậy, vừa là nắp mở
- Nắp có hiển thị nhiệt độ, giúp người sử dụng dễ dàng kiểm soát nhiệt độ trong phích
- Kiểu dáng hiện đại, mỹ thuật, tinh tế
- Vật liệu nhựa PP nguyên sinh ATVSTP, cho sản phẩm bóng đẹp, bền với thời gian. Ruột bằng thủy tinh an toàn không có các yếu tố độc hại, an toàn cho sức khỏe
- Ruột phích có lớp chân không cách nhiệt & được phủ tráng bạc tăng khả năng giữ nhiệt
- Kiểu dáng thiết kế đẹp, bắt mắt"
114,PHÍCH BƠM NƯỚC 2L RD-2045 ST1.E,RD-2045ST1.E PHN00000010,https://static.rangdongstore.vn/product/Phich/RD-2045ST1-E/2045ST1_E_1.jpg?fm=webp&w=500,10,,,,426000,298000.0,,,,"Dung tích: 2,0 lít | Vật liệu: thân Inox, vai nhựa | Độ giữ nhiệt sau 6 giờ: ≥ 80 °C | Số lượng bao gói thùng: 06 cái | Khối lượng: 10 (kg) | Kích thước thùng: (515x348x415) mm"
115,PHÍCH BƠM NƯỚC 1L RD-1045 ST1.E,RD-1045ST1.E PHN00000009,https://static.rangdongstore.vn/product/Phich/RD-1045ST1-E/RD-1045%20ST1.E-1.jpg?fm=webp&w=500,10,,,,359000,251000.0,,,,"Dung tích: 1,0 lít | Vật liệu: thân Inox, vai nhựa | Độ giữ nhiệt sau 6 giờ: ≥ 78 °C | Số lượng bao gói thùng: 06 cái | Khối lượng: 8 (kg) | Kích thước thùng: (515x348x295) mm"
116,PHÍCH PHA TRÀ 1.5 LÍT RD-1565 N1.E,RD-1565N1.E PHN00008642-XA0100,https://static.rangdongstore.vn/product/Phich/RD-1565-N1.E/RD-1565-N1.E-3.jpg?fm=webp&w=500,10,,,,259000,168000.0,,,,"Dung tích: 1,5 lít | Vật liệu: thân nhựa, vai nhựa | Độ giữ nhiệt sau 6 giờ: ≥80 °C | Số lượng bao gói thùng: 6 cái | Khối lượng: 5,0 (kg) | Kích thước thùng: (476x322x255) mm"
117,"PHÍCH CAO CẤP 2045 ST2.E-2,0L",RD-2045ST2.E PHN00015309-HO0100,https://static.rangdongstore.vn/2204006883/2022/04/11/phich-cao-cap-2045-st2-e-2-0l-1-akj.jpeg?fm=webp&w=500,10,,,,544000,381000.0,,,,"Dung tích: 2,0 lít | Vật liệu: Thân Inox, vai nhựa | Độ giữ nhiệt sau 6 giờ: ≥ 80 °C | Số lượng bao gói thùng: 04 cái | Khối lượng: 6,5 (kg) | Kích thước thùng: (345x349x415) mm"
118,"PHÍCH ĐỰNG NƯỚC 1,5 LÍT RD-1542 N4.E",RD-1542N4.E PHN00020112,https://static.rangdongstore.vn/product/Phich/RD-1542%20N4.E/RD-1542%20N4.E.jpg?fm=webp&w=500,10,,,,480000,312000.0,,,,"Dung tích: 1,5 lít | Vật liệu: thân nhựa ABS | Số lượng bao gói thùng: 04 cái | Khối lượng: 4,5 kg | Kích thước thùng: (328x328x292) mm | Thời gian giữ nhiệt: Giữ nóng 12 giờ, giữ lạnh 24 giờ | Nắp: Hiển thị nhiệt độ | Giữ nóng trong: 12 giờ | Giữ lạnh trong: 24 giờ"
119,PHÍCH ĐỰNG NƯỚC RD-1542 N5.E,RD-1542N5.E PHN00027929-TR0100,https://static.rangdongstore.vn/250109027191/2025/01/09/1542N5.E-trang_2.jpg?fm=webp&w=500,10,,,,637000,,,,,"Độ giữ nhiệt sau 6h: ≥80˚C | dung tích: 1.5±6% lít | Lắp lẫn: Đảm bảo độ kín khít | Cấu tạo vật liệu: Phụ tùng nhựa: Nhựa ABS, PP
Ruột: Thủy tinh
Nắp, thân, đáy: Mạ & sơn
Gioăng: Silicone | Tiêu chuẩn áp dụng: - TCCS 26:2015/RĐ
- BS EN 12546-1:2000
- QCVN 12-1,2,3:2011/BYT
- QCVN 12- 4: 2015/BYT | Khối lượng tịnh cả hộp ngoài: 4.7±10% kg | Kích thước Chất liệu hộp trong: Kích thước: 185 x 163 x 293 (mm)
Chất liệu: Carton bồi duplex 250 g/m2 | Kích thước chất liệu hộp ngoài: Kích thước: 380 x 336 x 303 (mm)
Chất liệu: Carton sóng A, mặt vàng 1 | Trọng lượng: 870±10% g | Số lượng: 01 sản phẩm/hộp trong
04 sản phẩm/ hộp ngoài | Khối lượng tịnh 1 cái: 870±10% g | Kích thước(RxC): (Ø163.8±1.5 x 286±3) mm"
120,PHÍCH CẦM TAY 0.45L RD-04528 N1,RD-04528 N1 PHN00001580-XA0100,https://static.rangdongstore.vn/product/Phich/04528-N1/045282N1-1.jpg?fm=webp&w=500,11,,,,130000,91000.0,,,,"Dung tích: 0,45 lít | Vật liệu: thân nhựa, vai nhựa | Độ giữ nhiệt sau 6 giờ: ≥70 °C | Số lượng bao gói thùng: 24 cái | Kích thước thùng: (635x430x268) mm | Khối lượng: 11 (kg) | Dung Tích: 0.5 Lít | Màu: Xanh Lá Đậm"
121,PHÍCH CẦM TAY 0.45L RD-04528 N1,RD-04528 N1 PHN00001580-DO0100,https://static.rangdongstore.vn/product/Phich/04528-N1/045282N1-1.jpg?fm=webp&w=500,11,,,,130000,91000.0,,,,"Dung tích: 0,45 lít | Vật liệu: thân nhựa, vai nhựa | Độ giữ nhiệt sau 6 giờ: ≥70 °C | Số lượng bao gói thùng: 24 cái | Kích thước thùng: (635x430x268) mm | Khối lượng: 11 (kg) | Dung Tích: 0.5 Lít | Màu: Xanh Lá Đậm"
122,PHÍCH CẦM TAY 0.45L RD-04528 N1,RD-04528 N1 PHN00001580-GH0100,https://static.rangdongstore.vn/product/Phich/04528-N1/045282N1-1.jpg?fm=webp&w=500,11,,,,130000,91000.0,,,,"Dung tích: 0,45 lít | Vật liệu: thân nhựa, vai nhựa | Độ giữ nhiệt sau 6 giờ: ≥70 °C | Số lượng bao gói thùng: 24 cái | Kích thước thùng: (635x430x268) mm | Khối lượng: 11 (kg) | Dung Tích: 0.5 Lít | Màu: Xanh Lá Đậm"
123,PHÍCH CẦM TAY 0.45L RD-04528 N1,RD-04528 N1 PHN00001580-XA0200,https://static.rangdongstore.vn/product/Phich/04528-N1/045282N1-1.jpg?fm=webp&w=500,11,,,,130000,91000.0,,,,"Dung tích: 0,45 lít | Vật liệu: thân nhựa, vai nhựa | Độ giữ nhiệt sau 6 giờ: ≥70 °C | Số lượng bao gói thùng: 24 cái | Kích thước thùng: (635x430x268) mm | Khối lượng: 11 (kg) | Dung Tích: 0.5 Lít | Màu: Xanh Lá Đậm"
124,PHÍCH CẦM TAY 0.45L RD-04528 N1,RD-04528 N1 PHN00001580-VA0100,https://static.rangdongstore.vn/product/Phich/04528-N1/045282N1-1.jpg?fm=webp&w=500,11,,,,130000,91000.0,,,,"Dung tích: 0,45 lít | Vật liệu: thân nhựa, vai nhựa | Độ giữ nhiệt sau 6 giờ: ≥70 °C | Số lượng bao gói thùng: 24 cái | Kích thước thùng: (635x430x268) mm | Khối lượng: 11 (kg) | Dung Tích: 0.5 Lít | Màu: Xanh Lá Đậm"
125,PHÍCH ĐỰNG NƯỚC RD 0538 N3.E,D-0538 N3.E PHN00023440,https://static.rangdongstore.vn/230905014468/2023/09/05/0538N3.E-1.jpg?fm=webp&w=500,11,,,,300000,195000.0,,,,Dung tích: 500 ml | Vật liệu: Vỏ nhựa PP | Độ giữ nhiệt sau 6 giờ: ≥70 °C | Số lượng bao gói thùng: 12 cái | Kích thước thùng: (346x262x297) mm | Khối lượng: 6.5 (kg) | Dung Tích: 0.5 Lít | Màu: Xanh Lá Đậm
126,PHÍCH CẦM TAY 045L RD-04528 N2,RD-04528 N2 PHN00008644-XA0100,https://static.rangdongstore.vn/product/Phich/04528-N2/0-cam.jpg?fm=webp&w=500,11,,,,130000,91000.0,,,,"Dung tích: 0,45 lít | Vật liệu: thân nhựa, vai nhựa | Độ giữ nhiệt sau 6 giờ: ≥70 °C | Số lượng bao gói thùng: 24 cái | Kích thước thùng: (590x395x255) mm | Khối lượng: 11 (kg) | Dung Tích: 0.5 Lít | Màu: Xanh Lá Đậm"
127,PHÍCH CẦM TAY 045L RD-04528 N2,RD-04528 N2 PHN00008644-HO0200,https://static.rangdongstore.vn/product/Phich/04528-N2/0-cam.jpg?fm=webp&w=500,11,,,,130000,91000.0,,,,"Dung tích: 0,45 lít | Vật liệu: thân nhựa, vai nhựa | Độ giữ nhiệt sau 6 giờ: ≥70 °C | Số lượng bao gói thùng: 24 cái | Kích thước thùng: (590x395x255) mm | Khối lượng: 11 (kg) | Dung Tích: 0.5 Lít | Màu: Xanh Lá Đậm"
128,PHÍCH CẦM TAY 045L RD-04528 N2,RD-04528 N2 PHN00008644-HO0100,https://static.rangdongstore.vn/product/Phich/04528-N2/0-cam.jpg?fm=webp&w=500,11,,,,130000,91000.0,,,,"Dung tích: 0,45 lít | Vật liệu: thân nhựa, vai nhựa | Độ giữ nhiệt sau 6 giờ: ≥70 °C | Số lượng bao gói thùng: 24 cái | Kích thước thùng: (590x395x255) mm | Khối lượng: 11 (kg) | Dung Tích: 0.5 Lít | Màu: Xanh Lá Đậm"
129,PHÍCH CẦM TAY 0.5L RD-0538 N1,RD-0538 N1 PHN00000013-XA0200,https://static.rangdongstore.vn/product/Phich/0538N1/0-nau.jpg?fm=webp&w=500,11,,,,130000,84000.0,,,,"Dung tích: 0,5 lít | Vật liệu: thân nhựa, vai nhựa | Độ giữ nhiệt sau 6 giờ: ≥70 °C | Số lượng bao gói thùng: 24 cái | Kích thước thùng: (515x348x455) mm | Khối lượng: 11 (kg) | Dung Tích: 0.5 Lít | Màu: Xanh Lá Đậm"
130,PHÍCH CẦM TAY 0.5L RD-0538 N1,RD-0538 N1 PHN00000013-GH0100,https://static.rangdongstore.vn/product/Phich/0538N1/0-nau.jpg?fm=webp&w=500,11,,,,130000,84000.0,,,,"Dung tích: 0,5 lít | Vật liệu: thân nhựa, vai nhựa | Độ giữ nhiệt sau 6 giờ: ≥70 °C | Số lượng bao gói thùng: 24 cái | Kích thước thùng: (515x348x455) mm | Khối lượng: 11 (kg) | Dung Tích: 0.5 Lít | Màu: Xanh Lá Đậm"
131,PHÍCH CẦM TAY 0.5L RD-0538 N1,RD-0538 N1 PHN00000013-XA0100,https://static.rangdongstore.vn/product/Phich/0538N1/0-nau.jpg?fm=webp&w=500,11,,,,130000,84000.0,,,,"Dung tích: 0,5 lít | Vật liệu: thân nhựa, vai nhựa | Độ giữ nhiệt sau 6 giờ: ≥70 °C | Số lượng bao gói thùng: 24 cái | Kích thước thùng: (515x348x455) mm | Khối lượng: 11 (kg) | Dung Tích: 0.5 Lít | Màu: Xanh Lá Đậm"
132,PHÍCH CẦM TAY 0.5L RD-0538 N1,RD-0538 N1 PHN00000013-NA0100,https://static.rangdongstore.vn/product/Phich/0538N1/0-nau.jpg?fm=webp&w=500,11,,,,130000,84000.0,,,,"Dung tích: 0,5 lít | Vật liệu: thân nhựa, vai nhựa | Độ giữ nhiệt sau 6 giờ: ≥70 °C | Số lượng bao gói thùng: 24 cái | Kích thước thùng: (515x348x455) mm | Khối lượng: 11 (kg) | Dung Tích: 0.5 Lít | Màu: Xanh Lá Đậm"
133,PHÍCH CẦM TAY 0.5L RD-0538 N1,RD-0538 N1 PHN00000013-DO0200,https://static.rangdongstore.vn/product/Phich/0538N1/0-nau.jpg?fm=webp&w=500,11,,,,130000,84000.0,,,,"Dung tích: 0,5 lít | Vật liệu: thân nhựa, vai nhựa | Độ giữ nhiệt sau 6 giờ: ≥70 °C | Số lượng bao gói thùng: 24 cái | Kích thước thùng: (515x348x455) mm | Khối lượng: 11 (kg) | Dung Tích: 0.5 Lít | Màu: Xanh Lá Đậm"
134,PHÍCH CẦM TAY 0.5L RD-0538 N1,RD-0538 N1 PHN00000013-DO0100,https://static.rangdongstore.vn/product/Phich/0538N1/0-nau.jpg?fm=webp&w=500,11,,,,130000,84000.0,,,,"Dung tích: 0,5 lít | Vật liệu: thân nhựa, vai nhựa | Độ giữ nhiệt sau 6 giờ: ≥70 °C | Số lượng bao gói thùng: 24 cái | Kích thước thùng: (515x348x455) mm | Khối lượng: 11 (kg) | Dung Tích: 0.5 Lít | Màu: Xanh Lá Đậm"
135,PHÍCH CẦM TAY 0.5L RD-0538 N2.E,RD-0538 N2.E PHN00013156-HO0100,https://static.rangdongstore.vn/product/Phich/RD-0538-N2-E/RD-0538N2.E-Cybal.jpg?fm=webp&w=500,11,,,,232000,162000.0,,,,Dung tích: 500 ml | Vật liệu: Vỏ nhựa PP | Độ giữ nhiệt sau 6 giờ: ≥70 °C | Số lượng bao gói thùng: 12 cái | Kích thước thùng: (346x262x297) mm | Khối lượng: 6.5 (kg) | Dung Tích: 0.5 Lít | Màu: Xanh Lá Đậm
136,PHÍCH CẦM TAY 0.5L RD-0538 N2.E,RD-0538 N2.E PHN00013156-XA0100,https://static.rangdongstore.vn/product/Phich/RD-0538-N2-E/RD-0538N2.E-Cybal.jpg?fm=webp&w=500,11,,,,232000,162000.0,,,,Dung tích: 500 ml | Vật liệu: Vỏ nhựa PP | Độ giữ nhiệt sau 6 giờ: ≥70 °C | Số lượng bao gói thùng: 12 cái | Kích thước thùng: (346x262x297) mm | Khối lượng: 6.5 (kg) | Dung Tích: 0.5 Lít | Màu: Xanh Lá Đậm
137,PHÍCH CẦM TAY 0.5L RD-0538 N2.E,RD-0538 N2.E PHN00013156-TR0100,https://static.rangdongstore.vn/product/Phich/RD-0538-N2-E/RD-0538N2.E-Cybal.jpg?fm=webp&w=500,11,,,,232000,162000.0,,,,Dung tích: 500 ml | Vật liệu: Vỏ nhựa PP | Độ giữ nhiệt sau 6 giờ: ≥70 °C | Số lượng bao gói thùng: 12 cái | Kích thước thùng: (346x262x297) mm | Khối lượng: 6.5 (kg) | Dung Tích: 0.5 Lít | Màu: Xanh Lá Đậm
138,PHÍCH CẦM TAY 0.5L RD-0538 N2.E,RD-0538 N2.E PHN00013156-XA0200,https://static.rangdongstore.vn/product/Phich/RD-0538-N2-E/RD-0538N2.E-Cybal.jpg?fm=webp&w=500,11,,,,232000,162000.0,,,,Dung tích: 500 ml | Vật liệu: Vỏ nhựa PP | Độ giữ nhiệt sau 6 giờ: ≥70 °C | Số lượng bao gói thùng: 12 cái | Kích thước thùng: (346x262x297) mm | Khối lượng: 6.5 (kg)
139,BÌNH Ủ RD 0900 TS1.E,0900TS1.E PHN00027021,https://static.rangdongstore.vn/241001025874/2024/10/01/RD-0900TS1.S.jpg?fm=webp&w=500,12,,,,324000,226800.0,,,,"Dung tích: 0,9 lít | Vật liệu: Vỏ thép lá tráng thiếc, ruột thủy tinh, gioăng silicone | Độ giữ nhiệt: Sau 8h ≥ 50 độ C | Đường kính miệng: Ø80 ± 1.2 mm | Đường kính thân x chiều cao: Ø137.6 ±1.5 x 241 ±3  | Số lượng bao gói thùng: 06 cái | Kích thước hô p ngoa i: (465 x 312 x 260) mm | Ki ch thươ c hô p trong: (150 x 150 x 250) mm | Màu: Xanh Da Trời | Hoa Văn: Hạc | Dung Tích: 0.85 Lít | TÍNH NĂNG: Nút xoáy | Màu sắc: Trắng sữa"
140,BÌNH Ủ RD 0900 TS1.S,0900TS1.S PHN00027022,https://static.rangdongstore.vn/241001025875/2024/10/01/RD-0900TS1.S%20(1).jpg?fm=webp&w=500,12,,,,410000,287000.0,,,,Màu: Xanh Da Trời | Hoa Văn: Hạc | Dung Tích: 0.85 Lít | TÍNH NĂNG: Nút xoáy | Màu sắc: Trắng sữa
141,BÌNH Ủ RD 0900 ST1.S,0900ST1.S PHN00027020,https://static.rangdongstore.vn/241001025876/2024/10/01/RD-0900ST1.S.jpg?fm=webp&w=500,12,,,,443000,310100.0,,,,Màu: Xanh Da Trời | Hoa Văn: Hạc | Dung Tích: 0.85 Lít | TÍNH NĂNG: Nút xoáy | Màu sắc: Trắng sữa
142,BÌNH Ủ THẢO DƯỢC 1.8L RD-1800 N1,RD-1800N1 PHN00014961-HO01HV02,https://static.rangdongstore.vn/230810011458/2023/08/10/RD-1800-N1-1.jpg?fm=webp&w=500,12,,,,312000,218000.0,,,,"Dung tích: 1,8 lít | Vật liệu: Vỏ nhựa PP, ruột thủy tinh, gioăng silicone | Độ giữ nhiệt: Giữ nóng sau 6 giờ, giữ lạnh sau 12 giờ | Số lượng bao gói thùng: 06 cái | Kích thước hô p ngoa i: (510x367x262) mm | Ki ch thươ c hô p trong: (176x165x250) mm | Màu: Xanh Da Trời | Hoa Văn: Hạc | Dung Tích: 0.85 Lít | Ki ch thươ c thân x chiê u cao: (163.5 x 238)mm | TÍNH NĂNG: Nút xoáy | Màu sắc: Trắng sữa"
143,BÌNH Ủ THẢO DƯỢC 1.8L RD-1800 N1,RD-1800N1 PHN00014961-HO01HV01,https://static.rangdongstore.vn/product/Phich/RD-1800-N1/RD%20-%201892N1-WEB.jpg?fm=webp&w=500,12,,,,312000,218000.0,,,,"Dung tích: 1,8 lít | Vật liệu: Vỏ nhựa PP, ruột thủy tinh, gioăng silicone | Độ giữ nhiệt: Giữ nóng sau 6 giờ, giữ lạnh sau 12 giờ | Số lượng bao gói thùng: 06 cái | Kích thước hô p ngoa i: (510x367x262) mm | Ki ch thươ c hô p trong: (176x165x250) mm | Màu: Xanh Da Trời | Dung Tích: 0.85 Lít | Ki ch thươ c thân x chiê u cao: (163.5 x 238)mm | TÍNH NĂNG: Nút xoáy | Màu sắc: Trắng sữa"
144,BÌNH ĐỰNG THỨC ĂN 1.1L RD-1100 N1.T,RD-1100N1.T PHN00012408-XA0100,https://static.rangdongstore.vn/product/Phich/RD-1100-N1/RD-1100-N1.T-3.jpg?fm=webp&w=500,12,,,,375000,263000.0,,,,"Dung tích: 1 lít | Vật liệu: thân nhựa, vai nhựa | Đường kính miệng:  115 mm | Đường kính thân x chiều cao: 152x211 mm | Màu: Xanh Da Trời | Dung Tích: 0.85 Lít | TÍNH NĂNG: Nút xoáy | Unnamed: 18:   | Số lượng: 6 sản phẩm/ hộp ngoài | Màu sắc: Trắng sữa"
145,BÌNH ĐỰNG THỨC ĂN 1.1L RD-1100 N1.T,RD-1100N1.T PHN00012408-CA0100,https://static.rangdongstore.vn/product/Phich/RD-1100-N1/RD-1100-N1.T-2.jpg?fm=webp&w=500,12,,,,375000,263000.0,,,,"Dung tích: 1 lít | Vật liệu: thân nhựa, vai nhựa | Đường kính miệng:  115 mm | Đường kính thân x chiều cao: 152x211 mm | Màu: Xanh Da Trời | Dung Tích: 0.85 Lít | TÍNH NĂNG: Nút xoáy | Unnamed: 18:   | Số lượng: 6 sản phẩm/ hộp ngoài | Màu sắc: Trắng sữa"
146,BÌNH ĐỰNG THỨC ĂN 1.1L RD-1100 N1.T,RD-1100N1.T PHN00012408-HO0100,https://static.rangdongstore.vn/product/Phich/RD-1100-N1/RD_1100-N1.T.jpg?fm=webp&w=500,12,,,,375000,263000.0,,,,"Dung tích: 1 lít | Vật liệu: thân nhựa, vai nhựa | Đường kính miệng:  115 mm | Đường kính thân x chiều cao: 152x211 mm | Màu: Xanh Da Trời | Dung Tích: 0.85 Lít | TÍNH NĂNG: Nút xoáy | Unnamed: 18:   | Số lượng: 6 sản phẩm/ hộp ngoài | Màu sắc: Trắng sữa"
147,BÌNH Ủ RD 1300 TS1,1300TS1 PHN00020269-VA01HV01,https://static.rangdongstore.vn/product/Phich/RD-1300TS1/1300TS1-2.jpg?fm=webp&w=500,12,,,,369000,258300.0,,,,"Dung tích: 1,3 lít | Vật liệu: Vỏ nhựa PP, ruột thủy tinh, gioăng silicone | Độ giữ nhiệt: Sau 8 giờ ≥ 50 độ C | Đường kính miệng: Ø80 ± 1.2 mm | Đường kính thân x chiều cao: Ø137.5±1.5 x 268 ±3 mm | Số lượng bao gói thùng: 06 cái | Kích thước hô p ngoa i: (470 x 315 x 290) mm | Ki ch thươ c hô p trong: (150 x 150 x 278) mm | Màu: Xanh Da Trời | Dung Tích: 0.85 Lít | TÍNH NĂNG: Nút xoáy | Màu sắc: Trắng sữa"
148,BÌNH Ủ RD 1300 TS1,1300TS1 PHN00020269-TR01HV01,https://static.rangdongstore.vn/product/Phich/RD-1300TS1/1300TS1-2.jpg?fm=webp&w=500,12,,,,369000,258300.0,,,,"Dung tích: 1,3 lít | Vật liệu: Vỏ nhựa PP, ruột thủy tinh, gioăng silicone | Độ giữ nhiệt: Sau 8 giờ ≥ 50 độ C | Đường kính miệng: Ø80 ± 1.2 mm | Đường kính thân x chiều cao: Ø137.5±1.5 x 268 ±3 mm | Số lượng bao gói thùng: 06 cái | Kích thước hô p ngoa i: (470 x 315 x 290) mm | Ki ch thươ c hô p trong: (150 x 150 x 278) mm | Màu: Xanh Da Trời | Dung Tích: 0.85 Lít | TÍNH NĂNG: Nút xoáy | Màu sắc: Trắng sữa"
149,BÌNH Ủ RD-1300TS2.E COMBO,1300TS2.ECmb PHN00024964,https://static.rangdongstore.vn/240131017098/2024/01/31/RD-1300%20TS2.E%20COMBO.jpg?fm=webp&w=500,12,,,,831600,1188000.0,,,,"Dung tích: 1,3 lít | Vật liệu: Vỏ thép lá tráng thiếc, ruột thủy tinh, gioăng silicone | Độ giữ nhiệt: Sau 8h ≥ 50 độ C | Đường kính miệng: Ø80 ± 1.2 mm | Đường kính thân x chiều cao: Ø139 ±1.5 x 268 ±3  | Số lượng bao gói thùng: 04 cái | Kích thước hô p ngoa i: (312 x 312 x 302) mm | Ki ch thươ c hô p trong: (150 x 150 x 290) mm | Màu: Xanh Da Trời | Dung Tích: 0.85 Lít | TÍNH NĂNG: Nút xoáy | Màu sắc: Trắng sữa"
150,BÌNH Ủ 1.3L NẮP CÓ HIỂN THỊ NHIỆT ĐỘ RD-1300ST1.E,RD-1300ST1.E PHN00020111,https://static.rangdongstore.vn/product/Phich/1300ST1.E/1300ST.E.jpg?fm=webp&w=500,12,,,,630000,441000.0,,,,"Dung tích: 1,3 lít | Vật liệu: Thân inox, ruột thủy tinh, gioăng silicone | Độ giữ nhiệt: ≥ 50 độ C sau 8 giờ | Đường kính miệng: Ø80 ± 1.2 mm | Đường kính thân x chiều cao: Ø139 ±1.5 x 268 ±3 mm | Số lượng bao gói thùng: 04 cái | Kích thước hô p ngoa i: (312 x 312 x 302) mm | Ki ch thươ c hô p trong: (150 x 150 x 295) mm | Màu: Xanh Da Trời | Dung Tích: 0.85 Lít | TÍNH NĂNG: Nút xoáy | Màu sắc: Trắng sữa"
151,BÌNH Ủ RD 1300 TS2.E,RD-1300TS2.E PHN00023797,https://static.rangdongstore.vn/241121026758/2024/11/21/RD-1300TS2.E-1.jpg?fm=webp&w=500,12,,,,432000,,,,,"Dung tích: 1,3 lít | Vật liệu: Vỏ thép lá tráng thiếc, ruột thủy tinh, gioăng silicone | Độ giữ nhiệt: Sau 8h ≥ 50 độ C | Đường kính miệng: Ø80 ± 1.2 mm | Đường kính thân x chiều cao: Ø139 ±1.5 x 268 ±3  | Số lượng bao gói thùng: 04 cái | Kích thước hô p ngoa i: (312 x 312 x 302) mm | Ki ch thươ c hô p trong: (150 x 150 x 290) mm | Màu: Xanh Da Trời | Dung Tích: 0.85 Lít | TÍNH NĂNG: Nút xoáy | Màu sắc: Trắng sữa"
152,BÌNH Ủ 1.3L NẮP CÓ HIỂN THỊ NHIỆT ĐỘ RD-1300TS1.E,RD-1300TS1.E PHN00019730-XA01HV01,https://static.rangdongstore.vn/product/Phich/RD-1300TS1.E/RD-1300TS1.E-x-1.jpg?fm=webp&w=500,12,,,,580000,406000.0,,,,"Dung tích: 1,3 lít | Vật liệu: Vỏ thép lá tráng thiếc, ruột thủy tinh, gioăng silicone | Độ giữ nhiệt: Sau 8h ≥ 50 độ C | Đường kính miệng: Ø80 ± 1.2 mm | Đường kính thân x chiều cao: Ø139 ±1.5 x 268 ±3  | Số lượng bao gói thùng: 04 cái | Kích thước hô p ngoa i: (312 x 312 x 302) mm | Ki ch thươ c hô p trong: (150 x 150 x 290) mm | Màu: Xanh Da Trời | Dung Tích: 0.85 Lít | TÍNH NĂNG: Nút xoáy | Màu sắc: Trắng sữa"
153,BÌNH Ủ 1.3L NẮP CÓ HIỂN THỊ NHIỆT ĐỘ RD-1300TS1.E,RD-1300TS1.E PHN00019730-TR01HV01,https://static.rangdongstore.vn/product/Phich/RD-1300TS1.E/RD-1300TS1.E-9.jpg?fm=webp&w=500,12,,,,580000,406000.0,,,,"Dung tích: 1,3 lít | Vật liệu: Vỏ thép lá tráng thiếc, ruột thủy tinh, gioăng silicone | Độ giữ nhiệt: Sau 8h ≥ 50 độ C | Đường kính miệng: Ø80 ± 1.2 mm | Đường kính thân x chiều cao: Ø139 ±1.5 x 268 ±3  | Số lượng bao gói thùng: 04 cái | Kích thước hô p ngoa i: (312 x 312 x 302) mm | Ki ch thươ c hô p trong: (150 x 150 x 290) mm | Màu: Xanh Da Trời | Dung Tích: 0.85 Lít | TÍNH NĂNG: Nút xoáy"
154,BÌNH ĐỰNG THỨC ĂN 0.85L RD-0850 N1.T,RD-0850N1.T PHN00011047-XA0100,https://static.rangdongstore.vn/product/Phich/RD-0850N1.T/1.jpg?fm=webp&w=500,12,,,,245000,172000.0,,,,"Dung tích: 850 ml | Vật liệu: thân nhựa, vai nhựa | Đường kính miệng:  78 mm | Màu: Xanh Da Trời | Dung Tích: 0.85 Lít | TÍNH NĂNG: Nút xoáy | Unnamed: 18:   | Số lượng: 6 sản phẩm/ hộp ngoài"
155,BÌNH ĐỰNG THỨC ĂN 0.85L RD-0850 N1.T,RD-0850N1.T PHN00011047-XA0200,https://static.rangdongstore.vn/product/Phich/RD-0850N1.T/1.jpg?fm=webp&w=500,12,,,,245000,172000.0,,,,"Dung tích: 850 ml | Vật liệu: thân nhựa, vai nhựa | Đường kính miệng:  78 mm | Màu: Xanh Da Trời | Dung Tích: 0.85 Lít | TÍNH NĂNG: Nút xoáy | Unnamed: 18:   | Số lượng: 6 sản phẩm/ hộp ngoài"
156,BÌNH ĐỰNG THỨC ĂN 0.85L RD-0850 N1.T,RD-0850N1.T PHN00011047-XA0100,https://static.rangdongstore.vn/product/Phich/RD-0850N1.T/1.jpg?fm=webp&w=500,12,,,,245000,172000.0,,,,"Dung tích: 850 ml | Vật liệu: thân nhựa, vai nhựa | Đường kính miệng:  78 mm | Unnamed: 18:   | Số lượng: 6 sản phẩm/ hộp ngoài"
157,BÌNH Ủ RD 1800 N1.E,RD-1800N1.E PHN00023312,https://static.rangdongstore.vn/230905014472/2023/09/05/1800%20N1.E.jpg?fm=webp&w=500,12,,,,346000,242200.0,,,,"Dung tích: 1,8 lít | Vật liệu: Vỏ nhựa PP, ruột thủy tinh, gioăng silicone | Độ giữ nhiệt: Giữ nóng sau 6 giờ, giữ lạnh sau 12 giờ | Số lượng bao gói thùng: 06 cái | Kích thước hô p ngoa i: (510x367x262) mm | Ki ch thươ c hô p trong: (176x165x250) mm | Ki ch thươ c thân x chiê u cao: (163.5 x 238)mm"
158,BỘ COMBO QUÀ TẶNG-MODEL: RD-KT.01,RD-KT.01 PHN00023492,https://static.rangdongstore.vn/240412017839/2024/04/12/Anh%20web-03.jpg?fm=webp&w=500,12,,,,626000,438000.0,,,,Bộ combo bao gồm:   | 1 Sản phẩm bình ủ: RD-1300TS1 | 2 Sản phẩm đèn ngủ cảm biến: ĐN02.LS 65x65 0.3W
159,MÁNG ĐÈN LED TUBE ĐÔI 1.2M KHÔNG BA LÁT M9 FS 40/36X2 LẮP BÓNG LED,FS 40/36x2 M9 LED00005577,https://static.rangdongstore.vn/product/Den-LED/LED_Tube/FS_40_36x2_M9_LED_TUBE/FS_40_36x2%20M9_1.jpg?fm=webp&w=500,13,,,,117000,94000.0,,,,"Lắp đặt với 02 Bóng HQ: 1,2m 40/36W | Nguồn điện: 220V/50Hz | Balát điện từ:   | Chiều dài: 1233 (mm) | Chiều rộng: 48 (mm) | Chiều cao: 68 (mm) | Ánh sáng: Ánh sáng trắng 6500K"
160,MÁNG ĐÈN FS-40/36X1-M9-K/BALÁT(LẮP LED TUBE) KHÔNG NẮP LẮP LED,FS 40/36x1 M9 LED00005575,https://static.rangdongstore.vn/product/Den-LED/mang-led-tube/FS_40_36X1_M9/FS_40_36X1_M9_1.jpg?fm=webp&w=500,13,,,,82000,66000.0,,,,"Nguồn điện: 220V/50Hz | Balát điện từ:   | Chiều dài: 1237 (mm) | Chiều rộng: 48(mm) | Chiều cao: 68 (mm) | Lắp đặt với 01 Bóng HQ: 1,2m 40/36W | Ánh sáng: Ánh sáng trắng 6500K"
161,MÁNG ĐÈN LED TUBE 0.6M KHÔNG BA LÁT M9 FS 20/18X1 LẮP BÓNG LED,FS 20/18x1 M9 LED00005570,https://static.rangdongstore.vn/product/Den-LED/mang-led-tube/FS_20_18x1_M9/FS_20_18x1_M9_1.jpg?fm=webp&w=500,13,,,,64800,52000.0,,,,"Nguồn điện: 220V/50Hz | Balát điện từ:   | Chiều dài: 628 (mm) | Chiều rộng: 48 (mm) | Chiều cao: 68 (mm) | Lắp đặt với 01 Bóng HQ:  0,6m 20/18W | Ánh sáng: Ánh sáng trắng 6500K"
162,APTOMAT GIA DỤNG RD.HB 2P1E 20A (CB CÓC),RD.HB 2P1E 20A LED00074747,https://static.rangdongstore.vn/241211026882/2024/12/11/RD.HB-2P1E-c10.jpg?fm=webp&w=500,13,,,,76000,60800.0,,,,"Điện áp danh định: 230V | Tần số danh định: 50/60Hz | Dòng danh định: 20A | Số cực: 2P1E | Định mức ngắt mạch ngắn mạch Icn(A): 1.5kA | Xung định mức với điện áp tiêu chuẩn (1 5 50)Uimp: 2kV | Tuổi thọ điện: 4,000 chu kỳ | Cấp bảo vệ: IP20 | Nhiệt độ hoạt động: (-5)°C - (+40)°C | Độ ẩm hoạt động: <90% | Chủng loại cầu giao: Safety Braker | Kích thước (LxWxH): 70.2x32x55 ± 0.5 mm | Khối lượng: 83±5% g | Tiêu chuẩn áp dụng: TCVN 6434-1:2018
IEC 60898-1:2015 | Ánh sáng: Ánh sáng trắng 6500K"
163,APTOMAT NGẮN MẠCH RD.MCB 2P2E 50A,RD.MCB 2P2E 50A LED00074765,https://static.rangdongstore.vn/241211026878/2024/12/11/RD.MCB-2P2E-C50.jpg?fm=webp&w=500,13,,,,260000,208000.0,,,,"Điện áp danh định: 230/400V | Tần số danh định: 50/60Hz | Dòng danh định: 50A | Số cực: 2 | Định mức ngắt mạch ngắn mạch Icn(A): 6kA | Xung định mức với điện áp tiêu chuẩn (1 5 50)Uimp: 4kV | Tuổi thọ điện: 6,000 chu kỳ | Cấp bảo vệ: IP20 | Nhiệt độ hoạt động: (-25)°C-(+40)°C | Độ ẩm hoạt động: <95% | Chủng loại cầu giao: MCB | Kích thước (LxWxH): 82x36x69.3 ± 0.5 mm | Khối lượng: 210±5% g | Tiêu chuẩn áp dụng: TCVN 6434-1:2018
IEC 60898-1:2015 | Đặc tính đường ngắt: Kiểu C | Tuổi thọ cơ khí: 10,000 chu kỳ | Cách lắp đặt: Gắn trên máng ray DIN 35mm | Báo trạng thái kết nối: Có | Ánh sáng: Ánh sáng trắng 6500K"
164,APTOMAT NGẮN MẠCH RD.MCB 2P2E 32A,RD.MCB 2P2E 32A LED00074763,https://static.rangdongstore.vn/241211026874/2024/12/11/RD.MCB-2P2E-C32.jpg?fm=webp&w=500,13,,,,224000,179200.0,,,,"Điện áp danh định: 230/400V | Tần số danh định: 50/60Hz | Dòng danh định: 32A | Số cực: 2 | Định mức ngắt mạch ngắn mạch Icn(A): 6kA | Xung định mức với điện áp tiêu chuẩn (1 5 50)Uimp: 4kV | Tuổi thọ điện: 6,000 chu kỳ | Cấp bảo vệ: IP20 | Nhiệt độ hoạt động: (-25)°C-(+40)°C | Độ ẩm hoạt động: <95% | Chủng loại cầu giao: MCB | Kích thước (LxWxH): 82x36x69.3 ± 0.5 mm | Khối lượng: 210±5% g | Tiêu chuẩn áp dụng: TCVN 6434-1:2018
IEC 60898-1:2015 | Đặc tính đường ngắt: Kiểu C | Tuổi thọ cơ khí: 10,000 chu kỳ | Cách lắp đặt: Gắn trên máng ray DIN 35mm | Báo trạng thái kết nối: Có | Ánh sáng: Ánh sáng trắng 6500K"
165,APTOMAT NGẮN MẠCH RD.MCB 2P2E 40A,RD.MCB 2P2E 40A LED00074764,https://static.rangdongstore.vn/241211026875/2024/12/11/RD.MCB-2P2E-C40.jpg?fm=webp&w=500,13,,,,224000,179200.0,,,,Ánh sáng: Ánh sáng trắng 6500K
166,APTOMAT NGẮN MẠCH RD.MCB 2P2E 25A,RD.MCB 2P2E 25A LED00074762,https://static.rangdongstore.vn/241210026845/2024/12/10/RD.MCB-2P2E-C25.jpg?fm=webp&w=500,13,,,,224000,179200.0,,,,"Điện áp danh định: 230/400V | Tần số danh định: 50/60Hz | Dòng danh định: 25A | Số cực: 2 | Định mức ngắt mạch ngắn mạch Icn(A): 6kA | Xung định mức với điện áp tiêu chuẩn (1 5 50)Uimp: 4kV | Tuổi thọ điện: 6,000 chu kỳ | Cấp bảo vệ: IP20 | Nhiệt độ hoạt động: (-25)°C-(+40)°C | Độ ẩm hoạt động: <95% | Chủng loại cầu giao: MCB | Kích thước (LxWxH): 82x36x69.3 ± 0.5 mm | Khối lượng: 210±5% g | Tiêu chuẩn áp dụng: TCVN 6434-1:2018
IEC 60898-1:2015 | Đặc tính đường ngắt: Kiểu C | Tuổi thọ cơ khí: 10,000 chu kỳ | Cách lắp đặt: Gắn trên máng ray DIN 35mm | Báo trạng thái kết nối: Có | Ánh sáng: Ánh sáng trắng 6500K"
167,APTOMAT NGẮN MẠCH RD.MCB 2P2E 63A,RD.MCB 2P2E 63A LED00074766,https://static.rangdongstore.vn/241211026880/2024/12/11/RD.MCB-2P2E-C63.jpg?fm=webp&w=500,13,,,,260000,208000.0,,,,Ánh sáng: Ánh sáng trắng 6500K
168,ĐÈN LED PIN ĐỘI ĐẦU 5W PDD03,PDD03 5W LED00017870,https://static.rangdongstore.vn/product/Den-LED/LED_Den_pin/LED_D_PDD03L_5W/LED-D-PDD03L-5W.jpg?fm=webp&w=500,13,,,,240000,192000.0,,,,"Ánh sáng: Ánh sáng trắng 6500K | Điện áp đầu vào nguồn sạc: 220V/50Hz | Điện áp đầu ra nguồn sạc: 4,2V/500mA | Pin: 2400 mA.h Li-ion | Điều chỉnh chế độ: 02 mức độ | Công suất: 5W | Chiếu sáng liên tục: 5 -12 giờ"
169,ĐÈN LED PIN ĐỘI ĐẦU 5W PDD03,PDD03 5W LED00017871,https://static.rangdongstore.vn/product/Den-LED/LED_Den_pin/LED_D_PDD03L_5W/LED-D-PDD03L-5W.jpg?fm=webp&w=500,13,,,,240000,192000.0,,,,"Ánh sáng: Ánh sáng trắng 6500K | Điện áp đầu vào nguồn sạc: 220V/50Hz | Điện áp đầu ra nguồn sạc: 4,2V/500mA | Pin: 2400 mA.h Li-ion | Điều chỉnh chế độ: 02 mức độ | Công suất: 5W | Chiếu sáng liên tục: 5 -12 giờ"
170,ĐÈN LED PIN ĐỘI ĐẦU 3W PDD02 3W,PDD02 3W LED00017872,https://static.rangdongstore.vn/product/Den-LED/LED_Den_pin/LED_D_PDD02L_3W/LED-D-PDD02L-3W.jpg?fm=webp&w=500,13,,,,198000,158000.0,,,,Ánh sáng: Ánh sáng trắng 6500K
171,ĐÈN LED PIN ĐỘI ĐẦU 3W PDD02 3W,PDD02 3W LED00017873,https://static.rangdongstore.vn/product/Den-LED/LED_Den_pin/LED_D_PDD02L_3W/LED-D-PDD02L-3W.jpg?fm=webp&w=500,13,,,,198000,158000.0,,,,Ánh sáng: Ánh sáng trắng 6500K
172,ĐÈN LED PIN ĐỘI ĐẦU 1W PDD01,PDD01 1W LED00017874,https://static.rangdongstore.vn/2204006608/2022/04/11/den-led-pin-doi-dau-pdd01-1w-trang-tal.jpeg?fm=webp&w=500,13,,,,150000,120000.0,,,,Ánh sáng: Ánh sáng trắng 6500K
173,ĐÈN LED PIN ĐỘI ĐẦU 1W PDD01,PDD01 1W LED00017875,https://static.rangdongstore.vn/2204006609/2022/04/11/den-led-pin-doi-dau-pdd01-1w-trang-hh8.jpeg?fm=webp&w=500,13,,,,150000,120000.0,,,,No description
174,TỦ APTOMAT ÂM TƯỜNG TAT01-22 (NHỰA),TAT01-22 (nhựa) LED00079548,https://static.rangdongstore.vn/250211027437/2025/02/11/TAT01-22-3.jpg?fm=webp&w=500,13,,,,660000,462000.0,,,,"Cấp bảo vệ: IP30 | Nhiệt độ hoạt động: (-25°C) - 60°C | Khối lượng: 1320g (±5%) | Kiểu lắp: Âm tường | Số modules kích thước 18mm lớn nhất: 22 modules | Loại mặt trước: Trong suốt | Kiểu mở mặt che: Cửa mở | Kiểu cửa mở: Cửa đơn | Màu sắc: + Đế: màu trắng
+ Mặt che: màu đen trong suốt
+ Mặt ốp: màu trắng | Vật liệu: + Đế: Nhựa ABS chống cháy
+ Mặt: PC+ABS chống cháy
+ Thanh gài: thép tấm cán nguội sơn tĩnh điện | Kích thước: 483 x 260 x 90 (±5 mm) | Kích thước khoét tường: 463 x 240 x 73 (±5 mm) | Tính năng bảo vệ: Bảo vệ sản phẩm Aptomat | Loại thanh gài: Thanh gài có thể điều chỉnh | Thiết bị kết nối: Kết nối bằng dải đồng 0.8 mm | Phụ kiện đi kèm: + Gói vít (Screw Pack): 1 pcs
+ Nhãn dán (Universal Label - EN): 1 pcs
Lưu ý: Tất cả đều được đóng gói bằng một lớp màng bề mặt | Thông số ống PVC: Lỗ Ø20 (Hole for Pipe Ø20): 09
Lỗ Ø25 (Hole for Pipe Ø25): 12
Lỗ Ø25 (Hole for Pipe Ø25): 08  | Số lượng sản phẩm trong 1 hộp ngoài: 02 pcs"
175,ĐUI ĐÈN CHỐNG THẤM NƯỚC E27 IP65,E27 IP65 LED00040617,https://static.rangdongstore.vn/220601009331/2022/06/01/E27IP-5.jpg?fm=webp&w=500,13,,,,14000,12000.0,,,,Công suất tải max: ≤ 300W | Điện áp nguồn danh định: 220V | Kiểu đầu đèn: E27 | Khối lượng lắp trên đui: ≤ 1000g | Chiều dài dây điện: (400±10)mm | Cấp bảo vệ khi treo thả: IP65
176,APTOMAT GIA DỤNG RD.HB 2P1E 15A (CB CÓC),RD.HB 2P1E 15A LED00074746,https://static.rangdongstore.vn/241211026882/2024/12/11/RD.HB-2P1E-c10.jpg?fm=webp&w=500,13,,,,76000,60800.0,,,,"Điện áp danh định: 230V | Tần số danh định: 50/60Hz | Dòng danh định: 15A | Số cực: 2P1E | Định mức ngắt mạch ngắn mạch Icn(A): 1.5kA | Xung định mức với điện áp tiêu chuẩn (1 5 50)Uimp: 2kV | Tuổi thọ điện: 4,000 chu kỳ | Cấp bảo vệ: IP20 | Nhiệt độ hoạt động: (-5)°C - (+40)°C | Độ ẩm hoạt động: <90% | Chủng loại cầu giao: Safety Braker | Kích thước (LxWxH): 70.2x32x55 ± 0.5 mm | Khối lượng: 83±5% g | Tiêu chuẩn áp dụng: TCVN 6434-1:2018
IEC 60898-1:2015"
177,APTOMAT GIA DỤNG RD.HB 2P1E 40A (CB CÓC),RD.HB 2P1E 40A LED00080495,https://static.rangdongstore.vn/250217027576/2025/02/17/RD.HB-2P1E-1.jpg?fm=webp&w=500,13,,,,76000,53200.0,,,,No description
178,APTOMAT NGẮN MẠCH RD.MCB 1P1E 16A,RD.MCB 1P1E 16A LED00074750,https://static.rangdongstore.vn/241210026832/2024/12/10/RD.MCB-1P1E-c16%202.jpg?fm=webp&w=500,13,,,,100000,80000.0,,,,"Điện áp danh định: 230/400V | Tần số danh định: 50/60Hz | Dòng danh định: 16A | Số cực: 1 | Định mức ngắt mạch ngắn mạch Icn(A): 6kA | Xung định mức với điện áp tiêu chuẩn (1 5 50)Uimp: 4kV | Tuổi thọ điện: 6,000 chu kỳ | Cấp bảo vệ: IP20 | Nhiệt độ hoạt động: (-25)°C-(+40)°C | Độ ẩm hoạt động: <95% | Chủng loại cầu giao: MCB | Kích thước (LxWxH): 82x18x69.3 ± 0.5 mm | Khối lượng: 105±5% g | Tiêu chuẩn áp dụng: TCVN 6434-1:2018
IEC 60898-1:2015 | Đặc tính đường ngắt: Kiểu C | Tuổi thọ cơ khí: 10,000 chu kỳ | Cách lắp đặt: Gắn trên máng ray DIN 35mm | Báo trạng thái kết nối: Có"
179,APTOMAT NGẮN MẠCH RD.MCB 1P1E 40A,RD.MCB 1P1E 40A LED00074754,https://static.rangdongstore.vn/241210026842/2024/12/10/RD.MCB-1P1E-C40.jpg?fm=webp&w=500,13,,,,100000,80000.0,,,,"Điện áp danh định: 230/400V | Tần số danh định: 50/60Hz | Dòng danh định: 40A | Số cực: 1 | Định mức ngắt mạch ngắn mạch Icn(A): 6kA | Xung định mức với điện áp tiêu chuẩn (1 5 50)Uimp: 4kV | Tuổi thọ điện: 6,000 chu kỳ | Cấp bảo vệ: IP20 | Nhiệt độ hoạt động: (-25)°C-(+40)°C | Độ ẩm hoạt động: <95% | Chủng loại cầu giao: MCB | Kích thước (LxWxH): 82x18x69.3 ± 0.5 mm | Khối lượng: 105±5% g | Tiêu chuẩn áp dụng: TCVN 6434-1:2018
IEC 60898-1:2015 | Đặc tính đường ngắt: Kiểu C | Tuổi thọ cơ khí: 10,000 chu kỳ | Cách lắp đặt: Gắn trên máng ray DIN 35mm | Báo trạng thái kết nối: Có"
180,APTOMAT NGẮN MẠCH RD.MCB 1P1E 32A,RD.MCB 1P1E 32A LED00074753,https://static.rangdongstore.vn/241210026840/2024/12/10/RD.MCB-1P1E-C32.jpg?fm=webp&w=500,13,,,,100000,80000.0,,,,"Điện áp danh định: 230/400V | Tần số danh định: 50/60Hz | Dòng danh định: 32A | Số cực: 1 | Định mức ngắt mạch ngắn mạch Icn(A): 6kA | Xung định mức với điện áp tiêu chuẩn (1 5 50)Uimp: 4kV | Tuổi thọ điện: 6,000 chu kỳ | Cấp bảo vệ: IP20 | Nhiệt độ hoạt động: (-25)°C-(+40)°C | Độ ẩm hoạt động: <95% | Chủng loại cầu giao: MCB | Kích thước (LxWxH): 82x18x69.3 ± 0.5 mm | Khối lượng: 105±5% g | Tiêu chuẩn áp dụng: TCVN 6434-1:2018
IEC 60898-1:2015 | Đặc tính đường ngắt: Kiểu C | Tuổi thọ cơ khí: 10,000 chu kỳ | Cách lắp đặt: Gắn trên máng ray DIN 35mm | Báo trạng thái kết nối: Có"
181,APTOMAT NGẮN MẠCH RD.MCB 1P1E 25A,RD.MCB 1P1E 25A LED00074752,https://static.rangdongstore.vn/241210026838/2024/12/10/RD.MCB-1P1E-C25.jpg?fm=webp&w=500,13,,,,100000,80000.0,,,,"Điện áp danh định: 230/400V | Tần số danh định: 50/60Hz | Dòng danh định: 25A | Số cực: 1 | Định mức ngắt mạch ngắn mạch Icn(A): 6kA | Xung định mức với điện áp tiêu chuẩn (1 5 50)Uimp: 4kV | Tuổi thọ điện: 6,000 chu kỳ | Cấp bảo vệ: IP20 | Nhiệt độ hoạt động: (-25)°C-(+40)°C | Độ ẩm hoạt động: <95% | Chủng loại cầu giao: MCB | Kích thước (LxWxH): 82x18x69.3 ± 0.5 mm | Khối lượng: 105±5% g | Tiêu chuẩn áp dụng: TCVN 6434-1:2018
IEC 60898-1:2015 | Đặc tính đường ngắt: Kiểu C | Tuổi thọ cơ khí: 10,000 chu kỳ | Cách lắp đặt: Gắn trên máng ray DIN 35mm | Báo trạng thái kết nối: Có"
182,APTOMAT NGẮN MẠCH RD.MCB 1P1E 20A,RD.MCB 1P1E 20A LED00074751,https://static.rangdongstore.vn/241210026836/2024/12/10/RD.MCB-1P1E-C20.jpg?fm=webp&w=500,13,,,,100000,80000.0,,,,No description
183,ĐUI ĐÈN CẢM BIẾN 300W ĐCB01.PIR E27,ĐCB01.PIR E27/300W LED00038116,https://static.rangdongstore.vn/product/Den-LED/Den_cam_bien/dui-den-cam-bien.jpg?fm=webp&w=500,13,,,,209001,167000.0,,,,Điện áp: 220V/50Hz | Công suất tải: ≤300W | Thời gian giữ sáng khi không có chuyển động: (3-900)s | Khoảng cách phát hiện khi gắn tường (h 2 3 5m): 3m-6m | Bán kính phát hiện khi gắn trần (r 2 3 5m): 3m-6m | Mức cảm biến ánh sáng: (30-80)lux | Tuổi thọ: 30.000 giờ | Kích thước (DxRxC): (100x73x64)mm
184,HẠT Ổ CẮM ÂM TƯỜNG HOC01 1C/16A,HOC01 1C/16A LED00054755,https://static.rangdongstore.vn/230421010357/2023/04/21/HOC01-1C.jpg?fm=webp&w=500,13,,,,43000,28000.0,,,,Chiều dài: 47 mm | Chiều rộng: 24 mm | Chiều cao: 35 mm | Khối lượng: 30g | Tiêu chuẩn áp dụng: TCVN 6188-1:2007/ ICE 60884-1:2002 | Điện áp hoạt động tối đa: 250 VAC | Dòng điện ổ cắm tối đa: 16A | Công suất ổ cắm tối đa: 3500W | Dải nhiệt độ hoạt động: ((-10)-(45) 0C | Điện trở cách điện: 4MΩ | Độ bền điện: 1.5 kV/1' | Tiết diện dây đấu nối (mỗi vị trí lỗ): 2.5 mm2
185,HẠT Ổ CẮM MẠNG INTERNET ÂM TƯỜNG HOC.LAN01,HOC.LAN01 LED00054761,https://static.rangdongstore.vn/230421010353/2023/04/21/HOC.LAN01.jpg?fm=webp&w=500,13,,,,54000,35000.0,,,,Chiều dài: 47 mm | Chiều rộng: 24 mm | Chiều cao: 39 mm | Khối lượng: 20g | Loại giắc kết nối: RJ45 | Kiểu kết nối Internet: T568A/T568B
186,HẠT Ổ CẮM TIVI ÂM TƯỜNG HOC.ANTEN01,HOC.ANTEN01 LED00054764,https://static.rangdongstore.vn/230421010348/2023/04/21/HOC.ANTEN01.jpg?fm=webp&w=500,13,,,,41000,27000.0,,,,Chiều dài: 47 mm | Chiều rộng: 24 mm | Chiều cao: 22 mm | Khối lượng: 15g | Kết nối đầu vào: Giắc đực kiểu F 9.5mm | Kết nối đầu ra: Giắc đực kiểu F 9.5mm | Loại cáp: Cáp đồng trục
187,HẠT CÔNG TẮC ÂM TƯỜNG 1 CHIỀU HCT01 1C/10A,HCT01 1C/10A LED00054757,https://static.rangdongstore.vn/230421010345/2023/04/21/HCT01.jpg?fm=webp&w=500,13,,,,27000,22000.0,,,,Chiều dài: 47 mm | Chiều rộng: 24 mm | Chiều cao: 36 mm | Khối lượng: 30g | Tiêu chuẩn áp dụng: TCVN 1834-1994 | Điện áp hoạt động tối đa: 250 VAC | Dải nhiệt độ hoạt động: ((-10)-(45) 0C | Điện trở cách điện: 4MΩ | Độ bền điện: 1.5 kV/1' | Tiết diện dây đấu nối (mỗi vị trí lỗ): 2.5 mm2 | Dòng điện tối đa: 10A | Công suất tối đa: 2500W
188,HẠT Ổ CẮM ÂM TƯỜNG HOC02 2C/16A,HOC02 2C/16A LED00054756,https://static.rangdongstore.vn/230421010346/2023/04/21/HOC02-2C.jpg?fm=webp&w=500,13,,,,97000,63000.0,,,,Chiều dài: 72 mm | Chiều rộng: 46 mm | Chiều cao: 30 mm | Khối lượng: 60g | Tiêu chuẩn áp dụng: TCVN 6188-1:2007/ ICE 60884-1:2002 | Điện áp hoạt động tối đa: 250 VAC | Dòng điện ổ cắm tối đa: 16A | Công suất ổ cắm tối đa: 3500W | Dải nhiệt độ hoạt động: ((-10)-(45) 0C | Điện trở cách điện: 4MΩ | Độ bền điện: 1.5 kV/1' | Tiết diện dây đấu nối (mỗi vị trí lỗ): 2.5 mm2
189,HẠT CÔNG TẮC ÂM TƯỜNG 2 CHIỀU HCT01 2C/10A,HCT01 2C/10A LED00054758,https://static.rangdongstore.vn/230421010341/2023/04/21/HCT02.jpg?fm=webp&w=500,13,,,,48000,38000.0,,,,Chiều dài: 47 mm | Chiều rộng: 24 mm | Chiều cao: 36 mm | Khối lượng: 30g | Tiêu chuẩn áp dụng: TCVN 1834-1994 | Điện áp hoạt động tối đa: 250 VAC | Dải nhiệt độ hoạt động: ((-10)-(45) 0C | Điện trở cách điện: 4MΩ | Độ bền điện: 1.5 kV/1' | Tiết diện dây đấu nối (mỗi vị trí lỗ): 2.5 mm2 | Dòng điện tối đa: 10A | Công suất tối đa: 2500W
190,HẠT Ổ CẮM ĐIỆN THOẠI ÂM TƯỜNG HOC.ĐT01,HOC.ĐT01 LED00054762,https://static.rangdongstore.vn/230421010338/2023/04/21/HOC-DT01.jpg?fm=webp&w=500,13,,,,43000,28000.0,,,,Chiều dài: 47 mm | Chiều rộng: 24 mm | Chiều cao: 39 mm | Khối lượng: 20g | Loại giắc kết nối: RJ11 | Kiểu kết nối: 2 dây/ 4 dây
191,HẠT Ổ CẮM TIVI ÂM TƯỜNG HOC.ANTEN02,HOC.ANTEN02 LED00057779,https://static.rangdongstore.vn/230421010336/2023/04/21/HOC.ANTEN02.jpg?fm=webp&w=500,13,,,,43000,28000.0,,,,Chiều dài: 47 mm | Chiều rộng: 24 mm | Chiều cao: 39 mm | Khối lượng: 15g | Kết nối đầu vào: Cáp đồng trục | Kết nối đầu ra: Giắc Belling-Lee đực | Loại cáp: Cáp đồng trục
192,HẠT CHIẾT ÁP ĐÈN ÂM TƯỜNG HCA D01/300W,HCA D01/300W LED00054759,https://static.rangdongstore.vn/240327017472/2024/03/27/HCA-D01-100W.jpg?fm=webp&w=500,13,,,,151000,121000.0,,,,Chiều dài: 47 mm | Chiều rộng: 24 mm | Chiều cao: 36 mm | Khối lượng: 50g | Tiêu chuẩn áp dụng: TCVN 13082-2:2020/IEC 60393-2:2015 | Điện áp hoạt động tối đa: 250 VAC | Dải nhiệt độ hoạt động: ((-10)-(45) 0C | Điện trở cách điện: 4MΩ | Độ bền điện: 1.5 kV/1' | Tiết diện dây đấu nối (mỗi vị trí lỗ): 2.5 mm2 | Công suất tối đa: 300W | Dải điện áp hoạt động: (150-250)VAC
193,HẠT CHIẾT ÁP QUẠT ÂM TƯỜNG HCA Q01/200W,HCA Q01/200W LED00054760,https://static.rangdongstore.vn/240327017472/2024/03/27/HCA-D01-100W.jpg?fm=webp&w=500,13,,,,151000,121000.0,,,,Chiều dài: 47 mm | Chiều rộng: 24 mm | Chiều cao: 36 mm | Khối lượng: 50g | Tiêu chuẩn áp dụng: TCVN 13082-2:2020/IEC 60393-2:2015 | Điện áp hoạt động tối đa: 250 VAC | Dải nhiệt độ hoạt động: ((-10)-(45) 0C | Điện trở cách điện: 4MΩ | Độ bền điện: 1.5 kV/1' | Tiết diện dây đấu nối (mỗi vị trí lỗ): 2.5 mm2 | Công suất tối đa: 200W | Dải điện áp hoạt động: (150-250)VAC
194,TỦ APTOMAT ÂM TƯỜNG TAT01-14 (NHỰA),TAT01-14 (nhựa) LED00079546,https://static.rangdongstore.vn/250211027426/2025/02/11/TAT01-14%201.jpg?fm=webp&w=500,13,,,,460000,322000.0,,,,No description
195,APTOMAT GIA DỤNG RD.HB 2P1E 30A (CB CÓC),RD.HB 2P1E 30A LED00080494,https://static.rangdongstore.vn/250217027576/2025/02/17/RD.HB-2P1E-1.jpg?fm=webp&w=500,13,,,,76000,53200.0,,,,No description
196,APTOMAT GIA DỤNG RD.HB 2P1E 10A (CB CÓC),RD.HB 2P1E 10A LED00074745,https://static.rangdongstore.vn/241211026882/2024/12/11/RD.HB-2P1E-c10.jpg?fm=webp&w=500,13,,,,76000,60800.0,,,,"Điện áp danh định: 230V | Tần số danh định: 50/60Hz | Dòng danh định: 10A | Số cực: 2P1E | Định mức ngắt mạch ngắn mạch Icn(A): 1.5kA | Xung định mức với điện áp tiêu chuẩn (1 5 50)Uimp: 2kV | Tuổi thọ điện: 4,000 chu kỳ | Cấp bảo vệ: IP20 | Nhiệt độ hoạt động: (-5)°C - (+40)°C | Độ ẩm hoạt động: <90% | Chủng loại cầu giao: Safety Braker | Kích thước (LxWxH): 70.2x32x55 ± 0.5 mm | Khối lượng: 83±5% g | Tiêu chuẩn áp dụng: TCVN 6434-1:2018
IEC 60898-1:2015"
197,TỦ APTOMAT ÂM TƯỜNG TAT01-18 (NHỰA),TAT01-18 (nhựa) LED00079547,https://static.rangdongstore.vn/250211027431/2025/02/11/TAT01-18-1.jpg?fm=webp&w=500,13,,,,580000,406000.0,,,,"Cấp bảo vệ: IP30 | Nhiệt độ hoạt động: (-25°C) - 60°C | Khối lượng: 1150g (±5%) | Kiểu lắp: Âm tường | Số modules kích thước 18mm lớn nhất: 18 modules | Loại mặt trước: Trong suốt | Kiểu mở mặt che: Cửa mở | Kiểu cửa mở: Cửa đơn | Màu sắc: + Đế: màu trắng
+ Mặt che: màu đen trong suốt
+ Mặt ốp: màu trắng | Vật liệu: + Đế: Nhựa ABS chống cháy
+ Mặt: PC+ABS chống cháy
+ Thanh gài: thép tấm cán nguội sơn tĩnh điện | Kích thước: 411 x 260 x 90 (±5 mm) | Kích thước khoét tường: 391 x 240 x 73 (±5 mm) | Tính năng bảo vệ: Bảo vệ sản phẩm Aptomat | Loại thanh gài: Thanh gài có thể điều chỉnh | Thiết bị kết nối: Kết nối bằng dải đồng 0.8 mm | Phụ kiện đi kèm: + Gói vít (Screw Pack): 1 pcs
+ Nhãn dán (Universal Label - EN): 1 pcs
Lưu ý: Tất cả đều được đóng gói bằng một lớp màng bề mặt | Thông số ống PVC: Lỗ Ø20 (Hole for Pipe Ø20): 07 
Lỗ Ø25 (Hole for Pipe Ø25): 12 
Lỗ Ø25 (Hole for Pipe Ø25): 04  | Số lượng sản phẩm trong 1 hộp ngoài: 02 pcs"
198,TỦ APTOMAT ÂM TƯỜNG TAT01-4 (NHỰA),TAT01-4 (nhựa) LED00079544,https://static.rangdongstore.vn/250211027416/2025/02/11/TAT01-04-1.jpg?fm=webp&w=500,13,,,,220000,154000.0,,,,"Cấp bảo vệ: IP30 | Nhiệt độ hoạt động: (-25°C) - 60°C | Khối lượng: 420g (±5%) | Kiểu lắp: Âm tường | Số modules kích thước 18mm lớn nhất: 4 modules | Loại mặt trước: Trong suốt | Kiểu mở mặt che: Cửa mở | Kiểu cửa mở: Cửa đơn | Màu sắc: + Đế: màu trắng
+ Mặt che: màu đen trong suốt
+ Mặt ốp: màu trắng | Vật liệu: + Đế: Nhựa ABS chống cháy
+ Mặt: PC+ABS chống cháy
+ Thanh gài: thép tấm cán nguội sơn tĩnh điện | Kích thước: 159x180x90 (±5 mm) | Kích thước khoét tường: 139xl60x73 (±5 mm) | Tính năng bảo vệ: Bảo vệ sản phẩm Aptomat | Loại thanh gài: Thanh gài có thể điều chỉnh | Thiết bị kết nối: Kết nối bằng dải đồng 0.8 mm | Phụ kiện đi kèm: + Gói vít (Screw Pack): 1 pcs
+ Nhãn dán (Universal Label - EN): 1 pcs
Lưu ý: Tất cả đều được đóng gói bằng một lớp màng bề mặt | Thông số ống PVC: Lỗ Ø20 (Hole for Pipe Ø20): 02 
Lỗ Ø25 (Hole for Pipe Ø25): 04  | Số lượng sản phẩm trong 1 hộp ngoài: 06 pcs"
199,TỦ APTOMAT NỔI TƯỜNG TAT02-10 (KIM LOẠI),TAT02-10 (kim loại) LED00079550,https://static.rangdongstore.vn/250211027445/2025/02/11/TAT02-10-1.jpg?fm=webp&w=500,13,,,,440000,308000.0,,,,"Cấp bảo vệ: IP30 | Nhiệt độ hoạt động: (-25°C) - 60°C | Khối lượng: 1400g (±5%) | Kiểu lắp: Nổi tường | Số modules kích thước 18mm lớn nhất: 10 modules | Loại mặt trước: Trong suốt | Kiểu mở mặt che: Cửa mở | Kiểu cửa mở: Cửa đơn | Màu sắc: + Đế: màu trắng
+ Mặt che: màu đen trong suốt
+ Mặt ốp: màu trắng | Vật liệu: + Đế: Thép tấm cán nguội sơn tĩnh điện
+ Mặt: PC+ABS chống cháy
+ Thanh gài: thép tấm cán nguội sơn tĩnh điện | Kích thước: 267 x 240 x 95 mm (±5 mm) | Kích thước khoét tường:   | Tính năng bảo vệ: Bảo vệ sản phẩm Aptomat | Loại thanh gài: Thanh gài cố định | Thiết bị kết nối: Kết nối bằng dây đồng 0.8 mm | Phụ kiện đi kèm: + Gói vít
+ Nhãn dán
Lưu ý: Tất cả đều được đóng gói bằng một lớp màng bề mặt | Thông số ống PVC: Lỗ Ø20 (Hole for Pipe Ø20): 08  | Số lượng sản phẩm trong 1 hộp ngoài: 04 pcs"
200,APTOMAT NGẮN MẠCH RD.MCB 3P3E 40A,RD.MCB 3P3E 40A LED00074773,https://static.rangdongstore.vn/241211026887/2024/12/11/RD.MCB-3P3E-C40.jpg?fm=webp&w=500,13,,,,340000,272000.0,,,,"Điện áp danh định: 230/400V | Tần số danh định: 50/60Hz | Dòng danh định: 40A | Số cực: 3 | Định mức ngắt mạch ngắn mạch Icn(A): 6kA | Xung định mức với điện áp tiêu chuẩn (1 5 50)Uimp: 4kV | Tuổi thọ điện: 6,000 chu kỳ | Cấp bảo vệ: IP20 | Nhiệt độ hoạt động: (-25)°C-(+40)°C | Độ ẩm hoạt động: <95% | Chủng loại cầu giao: MCB | Kích thước (LxWxH): 82x54x69.3 ± 0.5 mm | Khối lượng: 315±5% g | Tiêu chuẩn áp dụng: TCVN 6434-1:2018
IEC 60898-1:2015 | Đặc tính đường ngắt: Kiểu C | Tuổi thọ cơ khí: 10,000 chu kỳ | Cách lắp đặt: Gắn trên máng ray DIN 35mm | Báo trạng thái kết nối: Có"
201,APTOMAT NGẮN MẠCH RD.MCB 3P3E 50A,RD.MCB 3P3E 50A LED00074774,https://static.rangdongstore.vn/241211026891/2024/12/11/RD.MCB-3P3E-C50.jpg?fm=webp&w=500,13,,,,400000,320000.0,,,,"Điện áp danh định: 230/400V | Tần số danh định: 50/60Hz | Dòng danh định: 50A | Số cực: 3 | Định mức ngắt mạch ngắn mạch Icn(A): 6kA | Xung định mức với điện áp tiêu chuẩn (1 5 50)Uimp: 4kV | Tuổi thọ điện: 6,000 chu kỳ | Cấp bảo vệ: IP20 | Nhiệt độ hoạt động: (-25)°C-(+40)°C | Độ ẩm hoạt động: <95% | Chủng loại cầu giao: MCB | Kích thước (LxWxH): 82x54x69.3 ± 0.5 mm | Khối lượng: 315±5% g | Tiêu chuẩn áp dụng: TCVN 6434-1:2018
IEC 60898-1:2015 | Đặc tính đường ngắt: Kiểu C | Tuổi thọ cơ khí: 10,000 chu kỳ | Cách lắp đặt: Gắn trên máng ray DIN 35mm | Báo trạng thái kết nối: Có"
202,APTOMAT NGẮN MẠCH RD.MCB 3P3E 63A,RD.MCB 3P3E 63A LED00074775,https://static.rangdongstore.vn/241211026893/2024/12/11/RD.MCB-3P3E-C63.jpg?fm=webp&w=500,13,,,,400000,320000.0,,,,"Điện áp danh định: 230/400V | Tần số danh định: 50/60Hz | Dòng danh định: 63A | Số cực: 3 | Định mức ngắt mạch ngắn mạch Icn(A): 6kA | Xung định mức với điện áp tiêu chuẩn (1 5 50)Uimp: 4kV | Tuổi thọ điện: 6,000 chu kỳ | Cấp bảo vệ: IP20 | Nhiệt độ hoạt động: (-25)°C-(+40)°C | Độ ẩm hoạt động: <95% | Chủng loại cầu giao: MCB | Kích thước (LxWxH): 82x54x69.3 ± 0.5 mm | Khối lượng: 315±5% g | Tiêu chuẩn áp dụng: TCVN 6434-1:2018
IEC 60898-1:2015 | Đặc tính đường ngắt: Kiểu C | Tuổi thọ cơ khí: 10,000 chu kỳ | Cách lắp đặt: Gắn trên máng ray DIN 35mm | Báo trạng thái kết nối: Có"
203,APTOMAT NGẮN MẠCH RD.MCB 3P3E 32A,RD.MCB 3P3E 32A LED00074772,https://static.rangdongstore.vn/241211026884/2024/12/11/RD.MCB-3P3E-c32.jpg?fm=webp&w=500,13,,,,340000,272000.0,,,,"Điện áp danh định: 230/400V | Tần số danh định: 50/60Hz | Dòng danh định: 32A | Số cực: 3 | Định mức ngắt mạch ngắn mạch Icn(A): 6kA | Xung định mức với điện áp tiêu chuẩn (1 5 50)Uimp: 4kV | Tuổi thọ điện: 6,000 chu kỳ | Cấp bảo vệ: IP20 | Nhiệt độ hoạt động: (-25)°C-(+40)°C | Độ ẩm hoạt động: <95% | Chủng loại cầu giao: MCB | Kích thước (LxWxH): 82x54x69.3 ± 0.5 mm | Khối lượng: 315±5% g | Tiêu chuẩn áp dụng: TCVN 6434-1:2018
IEC 60898-1:2015 | Đặc tính đường ngắt: Kiểu C | Tuổi thọ cơ khí: 10,000 chu kỳ | Cách lắp đặt: Gắn trên máng ray DIN 35mm | Báo trạng thái kết nối: Có"
204,ĐUI ĐÈN CHỐNG THẤM NƯỚC E27 IP65 (60CM),E27 IP65 (60cm) LED00043707,https://static.rangdongstore.vn/2204006690/2022/04/11/dui-den-chong-tham-nuoc-e27-ip65-60cm-sor.jpeg?fm=webp&w=500,13,,,,16000,14000.0,,,,Cấp bảo vệ: IP65 | Công suất tải max: ≤ 300W | Kiểu đầu đèn: E27 | Điện áp: 220V | Dải nhiệt độ hoạt động: (-10 - 40) độ C | Khối lượng đèn lắp trên đui max: 1000 g | Vật liệu thân: Nhựa PVC | Đường kính: 34 ± 3 | Chiều dài dây: (400±10)mm
205,TỦ APTOMAT ÂM TƯỜNG TAT01-10 (NHỰA),TAT01-10 (nhựa) LED00079545,https://static.rangdongstore.vn/250211027421/2025/02/11/TAT01-10-1.jpg?fm=webp&w=500,13,,,,392000,274400.0,,,,No description
206,ĐÈN LED BÀN HỌC CHỐNG CẬN 5W RD-RL-27.V2,RD-RL-27.V2 5W LED00038680-XA03HV01,https://static.rangdongstore.vn/2204005476/2022/04/11/den-ban-led-bao-ve-thi-luc-rd-rl-27-v2-5w-3000k-jt0.jpeg?fm=webp&w=500,14,,,,246000,172000.0,,,,"Điện áp danh định: 220V/50Hz | Công suất:  5W | Độ rọi trung bình: 700 lux | Điện áp có thể hoạt động: (150 - 250)V | Dòng điện (Max): 0.043 A | Hệ số công suất: 0,5 | Màu ánh sáng:  Trắng/Vàng | Hệ số trả màu (CRI): 80.0 | Tuổi thọ đèn: 20.000 giờ | Số chu kỳ tắt bật: 50.000 lần | Chiều cao: (460±20) mm | Khối lượng: (690±50) g | Màu sắc: Hồng | Hoa Văn: Bò Mery Cow | Ánh sáng: Ánh sáng trắng 6500K"
207,ĐÈN LED BÀN HỌC CHỐNG CẬN 5W RD-RL-27.V2,RD-RL-27.V2 5W LED00038679-XA01HV02,https://static.rangdongstore.vn/product/den-ban/RD-RL-27.V2-5W/14.RD-RL-27.V2-5W.jpg?fm=webp&w=500,14,,,,246000,172000.0,,,,"Điện áp danh định: 220V/50Hz | Công suất:  5W | Độ rọi trung bình: 700 lux | Điện áp có thể hoạt động: (150 - 250)V | Dòng điện (Max): 0.043 A | Hệ số công suất: 0,5 | Màu ánh sáng:  Trắng/Vàng | Hệ số trả màu (CRI): 80.0 | Tuổi thọ đèn: 20.000 giờ | Số chu kỳ tắt bật: 50.000 lần | Chiều cao: (460±20) mm | Khối lượng: (690±50) g | Màu sắc: Hồng | Hoa Văn: Bò Mery Cow | Ánh sáng: Ánh sáng trắng 6500K"
208,ĐÈN LED BÀN HỌC CHỐNG CẬN 5W RD-RL-27.V2,RD-RL-27.V2 5W LED00038679-HO01HV02,https://static.rangdongstore.vn/product/den-ban/RD-RL-27.V2-5W/8.RD-RL-27.V2-5W.jpg?fm=webp&w=500,14,,,,246000,172000.0,,,,"Điện áp danh định: 220V/50Hz | Công suất:  5W | Độ rọi trung bình: 700 lux | Điện áp có thể hoạt động: (150 - 250)V | Dòng điện (Max): 0.043 A | Hệ số công suất: 0,5 | Màu ánh sáng:  Trắng/Vàng | Hệ số trả màu (CRI): 80.0 | Tuổi thọ đèn: 20.000 giờ | Số chu kỳ tắt bật: 50.000 lần | Chiều cao: (460±20) mm | Khối lượng: (690±50) g | Màu sắc: Hồng | Hoa Văn: Bò Mery Cow | Ánh sáng: Ánh sáng trắng 6500K"
209,ĐÈN LED BÀN HỌC CHỐNG CẬN 5W RD-RL-27.V2,RD-RL-27.V2 5W LED00038680-DO02HV01,https://static.rangdongstore.vn/2204005477/2022/04/11/den-ban-led-bao-ve-thi-luc-rd-rl-27-v2-5w-3000k-qdk.jpeg?fm=webp&w=500,14,,,,246000,172000.0,,,,"Điện áp danh định: 220V/50Hz | Công suất:  5W | Độ rọi trung bình: 700 lux | Điện áp có thể hoạt động: (150 - 250)V | Dòng điện (Max): 0.043 A | Hệ số công suất: 0,5 | Màu ánh sáng:  Trắng/Vàng | Hệ số trả màu (CRI): 80.0 | Tuổi thọ đèn: 20.000 giờ | Số chu kỳ tắt bật: 50.000 lần | Chiều cao: (460±20) mm | Khối lượng: (690±50) g | Màu sắc: Hồng | Hoa Văn: Bò Mery Cow | Ánh sáng: Ánh sáng trắng 6500K"
210,ĐÈN LED BÀN HỌC CHỐNG CẬN 5W RD-RL-27.V2,RD-RL-27.V2 5W LED00038679-XA02HV03,https://static.rangdongstore.vn/product/den-ban/RD-RL-27.V2-5W/20.RD-RL-27.V2-5W.jpg?fm=webp&w=500,14,,,,246000,172000.0,,,,"Điện áp danh định: 220V/50Hz | Công suất:  5W | Độ rọi trung bình: 700 lux | Điện áp có thể hoạt động: (150 - 250)V | Dòng điện (Max): 0.043 A | Hệ số công suất: 0,5 | Màu ánh sáng:  Trắng/Vàng | Hệ số trả màu (CRI): 80.0 | Tuổi thọ đèn: 20.000 giờ | Số chu kỳ tắt bật: 50.000 lần | Chiều cao: (460±20) mm | Khối lượng: (690±50) g | Màu sắc: Hồng | Hoa Văn: Bò Mery Cow | Ánh sáng: Ánh sáng trắng 6500K"
211,ĐÈN LED BÀN HỌC CHỐNG CẬN 5W RD-RL-27.V2,RD-RL-27.V2 5W LED00038680-XA04HV01,https://static.rangdongstore.vn/2204005476/2022/04/11/den-ban-led-bao-ve-thi-luc-rd-rl-27-v2-5w-3000k-jt0.jpeg?fm=webp&w=500,14,,,,246000,172000.0,,,,"Điện áp danh định: 220V/50Hz | Công suất:  5W | Độ rọi trung bình: 700 lux | Điện áp có thể hoạt động: (150 - 250)V | Dòng điện (Max): 0.043 A | Hệ số công suất: 0,5 | Màu ánh sáng:  Trắng/Vàng | Hệ số trả màu (CRI): 80.0 | Tuổi thọ đèn: 20.000 giờ | Số chu kỳ tắt bật: 50.000 lần | Chiều cao: (460±20) mm | Khối lượng: (690±50) g | Màu sắc: Hồng | Hoa Văn: Bò Mery Cow | Ánh sáng: Ánh sáng trắng 6500K"
212,ĐÈN LED BÀN HỌC CHỐNG CẬN 5W RD-RL-27.V2,RD-RL-27.V2 5W LED00038680-HO02HV01,https://static.rangdongstore.vn/2204005476/2022/04/11/den-ban-led-bao-ve-thi-luc-rd-rl-27-v2-5w-3000k-jt0.jpeg?fm=webp&w=500,14,,,,246000,172000.0,,,,"Điện áp danh định: 220V/50Hz | Công suất:  5W | Độ rọi trung bình: 700 lux | Điện áp có thể hoạt động: (150 - 250)V | Dòng điện (Max): 0.043 A | Hệ số công suất: 0,5 | Màu ánh sáng:  Trắng/Vàng | Hệ số trả màu (CRI): 80.0 | Tuổi thọ đèn: 20.000 giờ | Số chu kỳ tắt bật: 50.000 lần | Chiều cao: (460±20) mm | Khối lượng: (690±50) g | Màu sắc: Hồng | Hoa Văn: Bò Mery Cow | Ánh sáng: Ánh sáng trắng 6500K"
213,ĐÈN LED BÀN HỌC CHỐNG CẬN 5W RD-RL-27.V2,RD-RL-27.V2 5W LED00038679-DO01HV01,https://static.rangdongstore.vn/product/den-ban/RD-RL-27.V2-5W/2.RD-RL-27.V2-5W.jpg?fm=webp&w=500,14,,,,246000,172000.0,,,,"Điện áp danh định: 220V/50Hz | Công suất:  5W | Độ rọi trung bình: 700 lux | Điện áp có thể hoạt động: (150 - 250)V | Dòng điện (Max): 0.043 A | Hệ số công suất: 0,5 | Màu ánh sáng:  Trắng/Vàng | Hệ số trả màu (CRI): 80.0 | Tuổi thọ đèn: 20.000 giờ | Số chu kỳ tắt bật: 50.000 lần | Chiều cao: (460±20) mm | Khối lượng: (690±50) g | Màu sắc: Hồng | Hoa Văn: Bò Mery Cow | Ánh sáng: Ánh sáng trắng 6500K"
214,ĐÈN LED BÀN HỌC CHỐNG CẬN 5W RD-RL-32,RD-RL-32 5W LED00025507-TR0300,https://static.rangdongstore.vn/product/den-ban/RD-RL-32/RD-RL-32-1.jpg?fm=webp&w=500,14,,,,255000,179000.0,,,,"Công suất:  5W | Độ rọi trung bình: >500 lux | Điện áp có thể hoạt động: 150V – 250V | Dòng điện (Max): 43 mA | Hệ số công suất: 0.48 | Hệ số trả màu (CRI): 75.0 | Số chu kỳ tắt bật: 50.000 lần | Nguồn điện danh định: 220V/50Hz | Độ rọi trung bình trên mặt bàn: >700 lux | Tuổi thọ của đèn: 20000 giờ  | Hàm lượng thủy ngân: 0 mg | Thời gian khởi động của đèn:  < 0,5 giây | Màu sắc: Hồng | Hoa Văn: Bò Mery Cow | Ánh sáng: Ánh sáng trắng 6500K"
215,ĐÈN LED BÀN HỌC CHỐNG CẬN 5W RD-RL-32,RD-RL-32 5W LED00025507-TR0200,https://static.rangdongstore.vn/product/den-ban/RD-RL-32/RD-RL-32-1.jpg?fm=webp&w=500,14,,,,255000,179000.0,,,,"Công suất:  5W | Độ rọi trung bình: >500 lux | Điện áp có thể hoạt động: 150V – 250V | Dòng điện (Max): 43 mA | Hệ số công suất: 0.48 | Hệ số trả màu (CRI): 75.0 | Số chu kỳ tắt bật: 50.000 lần | Nguồn điện danh định: 220V/50Hz | Độ rọi trung bình trên mặt bàn: >700 lux | Tuổi thọ của đèn: 20000 giờ  | Hàm lượng thủy ngân: 0 mg | Thời gian khởi động của đèn:  < 0,5 giây | Màu sắc: Hồng | Hoa Văn: Bò Mery Cow | Ánh sáng: Ánh sáng trắng 6500K"
216,ĐÈN LED BÀN HỌC CHỐNG CẬN 5W RD-RL-32,RD-RL-32 5W LED00025506-TR0100,https://static.rangdongstore.vn/product/den-ban/RD-RL-32/RD-RL-32-1.jpg?fm=webp&w=500,14,,,,255000,179000.0,,,,"Công suất:  5W | Độ rọi trung bình: >500 lux | Điện áp có thể hoạt động: 150V – 250V | Dòng điện (Max): 43 mA | Hệ số công suất: 0.48 | Hệ số trả màu (CRI): 75.0 | Số chu kỳ tắt bật: 50.000 lần | Nguồn điện danh định: 220V/50Hz | Độ rọi trung bình trên mặt bàn: >700 lux | Tuổi thọ của đèn: 20000 giờ  | Hàm lượng thủy ngân: 0 mg | Thời gian khởi động của đèn:  < 0,5 giây | Màu sắc: Hồng | Hoa Văn: Bò Mery Cow | Ánh sáng: Ánh sáng trắng 6500K"
217,ĐÈN LED BÀN HỌC CHỐNG CẬN 5W RD-RL-32,RD-RL-32 5W LED00025507-TR0100,https://static.rangdongstore.vn/product/den-ban/RD-RL-32/RD-RL-32-1.jpg?fm=webp&w=500,14,,,,255000,179000.0,,,,"Công suất:  5W | Độ rọi trung bình: >500 lux | Điện áp có thể hoạt động: 150V – 250V | Dòng điện (Max): 43 mA | Hệ số công suất: 0.48 | Hệ số trả màu (CRI): 75.0 | Số chu kỳ tắt bật: 50.000 lần | Nguồn điện danh định: 220V/50Hz | Độ rọi trung bình trên mặt bàn: >700 lux | Tuổi thọ của đèn: 20000 giờ  | Hàm lượng thủy ngân: 0 mg | Thời gian khởi động của đèn:  < 0,5 giây | Màu sắc: Hồng | Hoa Văn: Bò Mery Cow | Ánh sáng: Ánh sáng trắng 6500K"
218,ĐÈN LED BÀN HỌC CẢM ỨNG 6W RD-RL-41,RD-RL-41 6W LED00043388-XA0100,https://static.rangdongstore.vn/product/Den-LED/LED_Den_ban/RD_RL_41/Anh-web-RD-RL-41-1.jpg?fm=webp&w=500,14,,,,402000,281000.0,,,,"Công suất: 6W | Độ rọi trung bình: >700 lux | Điện áp có thể hoạt động: (150 – 250)V | Dòng điện (Max): 0.08 A | Hệ số công suất: 0.5 | Hệ số trả màu (CRI): 80.0 | Số chu kỳ tắt bật: 50.000 lần | Nguồn điện danh định: 220V/50Hz | Tuổi thọ của đèn: 25.000 giờ  | Hàm lượng thủy ngân: 0 mg | Thời gian khởi động của đèn:  < 0,5 giây | Nhiệt độ màu: 3000K - 6500K | Màu sắc: Hồng | Hoa Văn: Bò Mery Cow | Ánh sáng: Ánh sáng trắng 6500K"
219,ĐÈN LED BÀN HỌC CẢM ỨNG 6W RD-RL-41,RD-RL-41 6W LED00043388-CA0100,https://static.rangdongstore.vn/product/Den-LED/LED_Den_ban/RD_RL_41/Anh-web-RD-RL-41-2.jpg?fm=webp&w=500,14,,,,402000,281000.0,,,,"Công suất: 6W | Độ rọi trung bình: >700 lux | Điện áp có thể hoạt động: (150 – 250)V | Dòng điện (Max): 0.08 A | Hệ số công suất: 0.5 | Hệ số trả màu (CRI): 80.0 | Số chu kỳ tắt bật: 50.000 lần | Nguồn điện danh định: 220V/50Hz | Tuổi thọ của đèn: 25.000 giờ  | Hàm lượng thủy ngân: 0 mg | Thời gian khởi động của đèn:  < 0,5 giây | Nhiệt độ màu: 3000K - 6500K | Màu sắc: Hồng | Hoa Văn: Bò Mery Cow | Ánh sáng: Ánh sáng trắng 6500K"
220,ĐÈN LED BÀN HỌC CẢM ỨNG 6W RD-RL-41,RD-RL-41 6W LED00043388-HO0100,https://static.rangdongstore.vn/product/Den-LED/LED_Den_ban/RD_RL_41/Anh-web-RD-RL-41.jpg?fm=webp&w=500,14,,,,402000,281000.0,,,,"Công suất: 6W | Độ rọi trung bình: >700 lux | Điện áp có thể hoạt động: (150 – 250)V | Dòng điện (Max): 0.08 A | Hệ số công suất: 0.5 | Hệ số trả màu (CRI): 80.0 | Số chu kỳ tắt bật: 50.000 lần | Nguồn điện danh định: 220V/50Hz | Tuổi thọ của đèn: 25.000 giờ  | Hàm lượng thủy ngân: 0 mg | Thời gian khởi động của đèn:  < 0,5 giây | Nhiệt độ màu: 3000K - 6500K | Màu sắc: Hồng | Hoa Văn: Bò Mery Cow | Ánh sáng: Ánh sáng trắng 6500K"
221,ĐÈN LED BÀN HỌC CẢM ỨNG 6W RD-RL-41,RD-RL-41 6W LED00043388-DO0100,https://static.rangdongstore.vn/product/Den-LED/LED_Den_ban/RD_RL_41/Anh-web-RD-RL-41-3.jpg?fm=webp&w=500,14,,,,402000,281000.0,,,,"Công suất: 6W | Độ rọi trung bình: >700 lux | Điện áp có thể hoạt động: (150 – 250)V | Dòng điện (Max): 0.08 A | Hệ số công suất: 0.5 | Hệ số trả màu (CRI): 80.0 | Số chu kỳ tắt bật: 50.000 lần | Nguồn điện danh định: 220V/50Hz | Tuổi thọ của đèn: 25.000 giờ  | Hàm lượng thủy ngân: 0 mg | Thời gian khởi động của đèn:  < 0,5 giây | Nhiệt độ màu: 3000K - 6500K | Màu sắc: Hồng | Hoa Văn: Bò Mery Cow | Ánh sáng: Ánh sáng trắng 6500K"
222,ĐÈN LED BÀN HỌC CHỐNG CẬN 8W RD-RL-40 (OC-OB),RD-RL-40 8W (OC-OB) LED00038286-XA0100,https://static.rangdongstore.vn/product/den-ban/RD-RL-40-OB/4.RD-RL-40-OB.jpg?fm=webp&w=500,14,,,,488000,342000.0,,,,Điện áp danh định: 220V/50Hz | Công suất:  8W | Độ rọi trung bình: 900 lux | Điện áp có thể hoạt động: 150V – 250V | Dòng điện (Max): 0.1 A | Hệ số công suất: 0.5 | Nguồn điện danh định: 220V/50Hz | Tuổi thọ của đèn: 20.000 giờ | Hàm lượng thủy ngân: 0 mg | Thời gian khởi động của đèn: 0.5 giây | Nhiệt độ màu:  3000/4000/6500 K | Quang thông:  380 lm | Tuổi thọ: 20.000 giờ | số chu kỳ tắt bật: 50.000 lần | Màu sắc: Hồng | Hoa Văn: Bò Mery Cow | Ánh sáng: Ánh sáng trắng 6500K
223,ĐÈN LED BÀN HỌC CHỐNG CẬN 8W RD-RL-40 (OC-OB),RD-RL-40 8W (OC-OB) LED00038286-HO0100,https://static.rangdongstore.vn/product/den-ban/RD-RL-40-OB/12.RD-RL-40-OB.jpg?fm=webp&w=500,14,,,,488000,342000.0,,,,Điện áp danh định: 220V/50Hz | Công suất:  8W | Độ rọi trung bình: 900 lux | Điện áp có thể hoạt động: 150V – 250V | Dòng điện (Max): 0.1 A | Hệ số công suất: 0.5 | Nguồn điện danh định: 220V/50Hz | Tuổi thọ của đèn: 20.000 giờ | Hàm lượng thủy ngân: 0 mg | Thời gian khởi động của đèn: 0.5 giây | Nhiệt độ màu:  3000/4000/6500 K | Quang thông:  380 lm | Tuổi thọ: 20.000 giờ | số chu kỳ tắt bật: 50.000 lần | Màu sắc: Hồng | Hoa Văn: Bò Mery Cow | Ánh sáng: Ánh sáng trắng 6500K
224,ĐÈN LED BÀN HỌC CHỐNG CẬN 8W RD-RL-40 (OC-OB),RD-RL-40 8W (OC-OB) LED00038285-XA0100,https://static.rangdongstore.vn/product/den-ban/RD-RL-40-OB/4.RD-RL-40-OB.jpg?fm=webp&w=500,14,,,,488000,342000.0,,,,Điện áp danh định: 220V/50Hz | Công suất:  8W | Độ rọi trung bình: 900 lux | Điện áp có thể hoạt động: 150V – 250V | Dòng điện (Max): 0.1 A | Hệ số công suất: 0.5 | Nguồn điện danh định: 220V/50Hz | Tuổi thọ của đèn: 20.000 giờ | Hàm lượng thủy ngân: 0 mg | Thời gian khởi động của đèn: 0.5 giây | Nhiệt độ màu:  3000/4000/6500 K | Quang thông:  380 lm | Tuổi thọ: 20.000 giờ | số chu kỳ tắt bật: 50.000 lần | Màu sắc: Hồng | Hoa Văn: Bò Mery Cow | Ánh sáng: Ánh sáng trắng 6500K
225,ĐÈN LED BÀN HỌC CHỐNG CẬN 8W RD-RL-40 (OC-OB),RD-RL-40 8W (OC-OB) LED00038285-HO0100,https://static.rangdongstore.vn/product/den-ban/RD-RL-40-OB/10.RD-RL-40-OB.jpg?fm=webp&w=500,14,,,,488000,342000.0,,,,Điện áp danh định: 220V/50Hz | Công suất:  8W | Độ rọi trung bình: 900 lux | Điện áp có thể hoạt động: 150V – 250V | Dòng điện (Max): 0.1 A | Hệ số công suất: 0.5 | Nguồn điện danh định: 220V/50Hz | Tuổi thọ của đèn: 20.000 giờ | Hàm lượng thủy ngân: 0 mg | Thời gian khởi động của đèn: 0.5 giây | Nhiệt độ màu:  3000/4000/6500 K | Quang thông:  380 lm | Tuổi thọ: 20.000 giờ | số chu kỳ tắt bật: 50.000 lần | Màu sắc: Hồng | Hoa Văn: Bò Mery Cow | Ánh sáng: Ánh sáng trắng 6500K
226,ĐÈN LED BÀN HỌC CHỐNG CẬN 5W RD-RL-01.V2,RD-RL-01.V2 5W LED00042017-DO0200,https://static.rangdongstore.vn/product/den-ban/RD-RL-01.V2/RD-RL-27.V2-1.jpg?fm=webp&w=500,14,,,,229000,160000.0,,,,"Điện áp danh định: 220V/50Hz | Công suất:  5W | Độ rọi trung bình: 700 lux | Điện áp có thể hoạt động: (150 - 250)V | Dòng điện (Max): 0.07 A | Hệ số công suất: 0,5 | Màu ánh sáng:  3000K/6500K | Hệ số trả màu (CRI): 80.0 | Tuổi thọ đèn: 20.000 giờ | Số chu kỳ tắt bật: 50.000 lần | Chiều cao: (460±20) mm | Khối lượng: (780±50) g | Màu sắc: Hồng | Hoa Văn: Bò Mery Cow | Ánh sáng: Ánh sáng trắng 6500K"
227,ĐÈN LED BÀN HỌC CHỐNG CẬN 5W RD-RL-01.V2,RD-RL-01.V2 5W LED00042017-DO0100,https://static.rangdongstore.vn/product/den-ban/RD-RL-01.V2/RD-RL-27.V2-1.jpg?fm=webp&w=500,14,,,,229000,160000.0,,,,"Điện áp danh định: 220V/50Hz | Công suất:  5W | Độ rọi trung bình: 700 lux | Điện áp có thể hoạt động: (150 - 250)V | Dòng điện (Max): 0.07 A | Hệ số công suất: 0,5 | Màu ánh sáng:  3000K/6500K | Hệ số trả màu (CRI): 80.0 | Tuổi thọ đèn: 20.000 giờ | Số chu kỳ tắt bật: 50.000 lần | Chiều cao: (460±20) mm | Khối lượng: (780±50) g | Màu sắc: Hồng | Hoa Văn: Bò Mery Cow | Ánh sáng: Ánh sáng trắng 6500K"
228,ĐÈN LED BÀN HỌC CHỐNG CẬN 5W RD-RL-01.V2,RD-RL-01.V2 5W LED00042017-XA0200,https://static.rangdongstore.vn/product/den-ban/RD-RL-01.V2/RD-RL-27.V2-5.jpg?fm=webp&w=500,14,,,,229000,160000.0,,,,"Điện áp danh định: 220V/50Hz | Công suất:  5W | Độ rọi trung bình: 700 lux | Điện áp có thể hoạt động: (150 - 250)V | Dòng điện (Max): 0.07 A | Hệ số công suất: 0,5 | Màu ánh sáng:  3000K/6500K | Hệ số trả màu (CRI): 80.0 | Tuổi thọ đèn: 20.000 giờ | Số chu kỳ tắt bật: 50.000 lần | Chiều cao: (460±20) mm | Khối lượng: (780±50) g | Màu sắc: Hồng | Hoa Văn: Bò Mery Cow | Ánh sáng: Ánh sáng trắng 6500K"
229,ĐÈN LED BÀN HỌC CHỐNG CẬN 5W RD-RL-01.V2,RD-RL-01.V2 5W LED00042017-XA0100,https://static.rangdongstore.vn/product/den-ban/RD-RL-01.V2/RD-RL-27.V2-7.jpg?fm=webp&w=500,14,,,,229000,160000.0,,,,"Điện áp danh định: 220V/50Hz | Công suất:  5W | Độ rọi trung bình: 700 lux | Điện áp có thể hoạt động: (150 - 250)V | Dòng điện (Max): 0.07 A | Hệ số công suất: 0,5 | Màu ánh sáng:  3000K/6500K | Hệ số trả màu (CRI): 80.0 | Tuổi thọ đèn: 20.000 giờ | Số chu kỳ tắt bật: 50.000 lần | Chiều cao: (460±20) mm | Khối lượng: (780±50) g | Màu sắc: Hồng | Hoa Văn: Bò Mery Cow | Ánh sáng: Ánh sáng trắng 6500K"
230,ĐÈN LED BÀN HỌC CHỐNG CẬN 5W RD-RL-01.V2,RD-RL-01.V2 5W LED00042017-HO0100,https://static.rangdongstore.vn/product/den-ban/RD-RL-01.V2/RD-RL-27.V2-3.jpg?fm=webp&w=500,14,,,,229000,160000.0,,,,"Điện áp danh định: 220V/50Hz | Công suất:  5W | Độ rọi trung bình: 700 lux | Điện áp có thể hoạt động: (150 - 250)V | Dòng điện (Max): 0.07 A | Hệ số công suất: 0,5 | Màu ánh sáng:  3000K/6500K | Hệ số trả màu (CRI): 80.0 | Tuổi thọ đèn: 20.000 giờ | Số chu kỳ tắt bật: 50.000 lần | Chiều cao: (460±20) mm | Khối lượng: (780±50) g | Màu sắc: Hồng | Hoa Văn: Bò Mery Cow | Ánh sáng: Ánh sáng trắng 6500K"
231,ĐÈN LED BÀN HỌC CHỐNG CẬN 5W RD-RL-01.V2,RD-RL-01.V2 5W LED00042018-DO0200,https://static.rangdongstore.vn/product/den-ban/RD-RL-01.V2/RD-RL-27.V2-1.jpg?fm=webp&w=500,14,,,,229000,160000.0,,,,"Điện áp danh định: 220V/50Hz | Công suất:  5W | Độ rọi trung bình: 700 lux | Điện áp có thể hoạt động: (150 - 250)V | Dòng điện (Max): 0.07 A | Hệ số công suất: 0,5 | Màu ánh sáng:  3000K/6500K | Hệ số trả màu (CRI): 80.0 | Tuổi thọ đèn: 20.000 giờ | Số chu kỳ tắt bật: 50.000 lần | Chiều cao: (460±20) mm | Khối lượng: (780±50) g | Màu sắc: Hồng | Hoa Văn: Bò Mery Cow | Ánh sáng: Ánh sáng trắng 6500K"
232,ĐÈN LED BÀN HỌC CHỐNG CẬN 5W RD-RL-01.V2,RD-RL-01.V2 5W LED00042018-DO0100,https://static.rangdongstore.vn/product/den-ban/RD-RL-01.V2/RD-RL-27.V2-1.jpg?fm=webp&w=500,14,,,,229000,160000.0,,,,"Điện áp danh định: 220V/50Hz | Công suất:  5W | Độ rọi trung bình: 700 lux | Điện áp có thể hoạt động: (150 - 250)V | Dòng điện (Max): 0.07 A | Hệ số công suất: 0,5 | Màu ánh sáng:  3000K/6500K | Hệ số trả màu (CRI): 80.0 | Tuổi thọ đèn: 20.000 giờ | Số chu kỳ tắt bật: 50.000 lần | Chiều cao: (460±20) mm | Khối lượng: (780±50) g | Màu sắc: Hồng | Hoa Văn: Bò Mery Cow | Ánh sáng: Ánh sáng trắng 6500K"
233,ĐÈN LED BÀN HỌC CHỐNG CẬN 5W RD-RL-01.V2,RD-RL-01.V2 5W LED00042018-XA0200,https://static.rangdongstore.vn/product/den-ban/RD-RL-01.V2/RD-RL-27.V2-1.jpg?fm=webp&w=500,14,,,,229000,160000.0,,,,"Điện áp danh định: 220V/50Hz | Công suất:  5W | Độ rọi trung bình: 700 lux | Điện áp có thể hoạt động: (150 - 250)V | Dòng điện (Max): 0.07 A | Hệ số công suất: 0,5 | Màu ánh sáng:  3000K/6500K | Hệ số trả màu (CRI): 80.0 | Tuổi thọ đèn: 20.000 giờ | Số chu kỳ tắt bật: 50.000 lần | Chiều cao: (460±20) mm | Khối lượng: (780±50) g | Màu sắc: Hồng | Hoa Văn: Bò Mery Cow | Ánh sáng: Ánh sáng trắng 6500K"
234,ĐÈN LED BÀN HỌC CHỐNG CẬN 5W RD-RL-01.V2,RD-RL-01.V2 5W LED00042018-XA0100,https://static.rangdongstore.vn/product/den-ban/RD-RL-01.V2/RD-RL-27.V2-1.jpg?fm=webp&w=500,14,,,,229000,160000.0,,,,"Điện áp danh định: 220V/50Hz | Công suất:  5W | Độ rọi trung bình: 700 lux | Điện áp có thể hoạt động: (150 - 250)V | Dòng điện (Max): 0.07 A | Hệ số công suất: 0,5 | Màu ánh sáng:  3000K/6500K | Hệ số trả màu (CRI): 80.0 | Tuổi thọ đèn: 20.000 giờ | Số chu kỳ tắt bật: 50.000 lần | Chiều cao: (460±20) mm | Khối lượng: (780±50) g | Màu sắc: Hồng | Hoa Văn: Bò Mery Cow | Ánh sáng: Ánh sáng trắng 6500K"
235,ĐÈN LED BÀN HỌC CHỐNG CẬN 5W RD-RL-01.V2,RD-RL-01.V2 5W LED00042018-HO0100,https://static.rangdongstore.vn/product/den-ban/RD-RL-01.V2/RD-RL-27.V2-1.jpg?fm=webp&w=500,14,,,,229000,160000.0,,,,"Điện áp danh định: 220V/50Hz | Công suất:  5W | Độ rọi trung bình: 700 lux | Điện áp có thể hoạt động: (150 - 250)V | Dòng điện (Max): 0.07 A | Hệ số công suất: 0,5 | Màu ánh sáng:  3000K/6500K | Hệ số trả màu (CRI): 80.0 | Tuổi thọ đèn: 20.000 giờ | Số chu kỳ tắt bật: 50.000 lần | Chiều cao: (460±20) mm | Khối lượng: (780±50) g | Màu sắc: Hồng | Hoa Văn: Bò Mery Cow | Ánh sáng: Ánh sáng trắng 6500K"
236,ĐÈN LED BÀN HỌC CHỐNG CẬN 5W RD-RL-16,RD-RL-16 5W LED00005529-HO0100,https://static.rangdongstore.vn/product/den-ban/RD-RL-16/2.jpg?fm=webp&w=500,14,,,,303999,213000.0,,,,"Công suất:  5W | Độ rọi trung bình: > 650 lux | Điện áp có thể hoạt động: 150V - 250V | Dòng điện (Max): 55 mA | Hệ số công suất: 0,5 | Màu ánh sáng:  trắng/vàng | Hệ số trả màu (CRI): 80.0 | Số chu kỳ tắt bật: 50000 lần | Nguồn điện danh định: 220V/50Hz | Độ rọi trung bình trên mặt bàn: > 650 lux | Tuổi thọ của đèn: 15000 giờ | Hàm lượng thủy ngân: 0 mg | Thời gian khởi động của đèn:  < 0,5 giây | Màu sắc: Hồng | Hoa Văn: Bò Mery Cow | Ánh sáng: Ánh sáng trắng 6500K"
237,ĐÈN LED BÀN HỌC CHỐNG CẬN 5W RD-RL-16,RD-RL-16 5W LED00005529-XA0100,https://static.rangdongstore.vn/product/den-ban/RD-RL-16/2.jpg?fm=webp&w=500,14,,,,303999,213000.0,,,,"Công suất:  5W | Độ rọi trung bình: > 650 lux | Điện áp có thể hoạt động: 150V - 250V | Dòng điện (Max): 55 mA | Hệ số công suất: 0,5 | Màu ánh sáng:  trắng/vàng | Hệ số trả màu (CRI): 80.0 | Số chu kỳ tắt bật: 50000 lần | Nguồn điện danh định: 220V/50Hz | Độ rọi trung bình trên mặt bàn: > 650 lux | Tuổi thọ của đèn: 15000 giờ | Hàm lượng thủy ngân: 0 mg | Thời gian khởi động của đèn:  < 0,5 giây | Màu sắc: Hồng | Hoa Văn: Bò Mery Cow | Ánh sáng: Ánh sáng trắng 6500K"
238,ĐÈN LED BÀN HỌC CHỐNG CẬN 5W RD-RL-16,RD-RL-16 5W LED00016222-HO0100,https://static.rangdongstore.vn/product/den-ban/RD-RL-16/2.jpg?fm=webp&w=500,14,,,,303999,213000.0,,,,"Công suất:  5W | Độ rọi trung bình: > 650 lux | Điện áp có thể hoạt động: 150V - 250V | Dòng điện (Max): 55 mA | Hệ số công suất: 0,5 | Màu ánh sáng:  trắng/vàng | Hệ số trả màu (CRI): 80.0 | Số chu kỳ tắt bật: 50000 lần | Nguồn điện danh định: 220V/50Hz | Độ rọi trung bình trên mặt bàn: > 650 lux | Tuổi thọ của đèn: 15000 giờ | Hàm lượng thủy ngân: 0 mg | Thời gian khởi động của đèn:  < 0,5 giây | Màu sắc: Hồng | Hoa Văn: Bò Mery Cow | Ánh sáng: Ánh sáng trắng 6500K"
239,ĐÈN LED BÀN HỌC CHỐNG CẬN 5W RD-RL-16,RD-RL-16 5W LED00016222-XA0100,https://static.rangdongstore.vn/product/den-ban/RD-RL-16/2.jpg?fm=webp&w=500,14,,,,303999,213000.0,,,,"Công suất:  5W | Độ rọi trung bình: > 650 lux | Điện áp có thể hoạt động: 150V - 250V | Dòng điện (Max): 55 mA | Hệ số công suất: 0,5 | Màu ánh sáng:  trắng/vàng | Hệ số trả màu (CRI): 80.0 | Số chu kỳ tắt bật: 50000 lần | Nguồn điện danh định: 220V/50Hz | Độ rọi trung bình trên mặt bàn: > 650 lux | Tuổi thọ của đèn: 15000 giờ | Hàm lượng thủy ngân: 0 mg | Thời gian khởi động của đèn:  < 0,5 giây | Màu sắc: Hồng | Hoa Văn: Bò Mery Cow | Ánh sáng: Ánh sáng trắng 6500K"
240,ĐÈN BÀN LED CẢM ỨNG RD-RL-31 5W,RD-RL-31 5W LED00025844-XA0100,https://static.rangdongstore.vn/230731010950/2023/07/31/RD-RL-31-4.jpg?fm=webp&w=500,14,,,,544000,381000.0,,,,"Công suất:  5W | Độ rọi trung bình: >500 lux | Điện áp có thể hoạt động: 150V – 250V | Dòng điện (Max): 42 mA | Hệ số công suất: 0.48 | Hệ số trả màu (CRI): 75.0 | Số chu kỳ tắt bật: 50.000 lần | Nguồn điện danh định: 220V/50Hz | Độ rọi trung bình trên mặt bàn: >500 lux | Tuổi thọ của đèn: 15000 giờ  | Hàm lượng thủy ngân: 0 mg | Thời gian khởi động của đèn:  < 0,5 giây | Màu sắc: Hồng | Hoa Văn: Bò Mery Cow | Ánh sáng: Ánh sáng trắng 6500K"
241,ĐÈN BÀN LED CẢM ỨNG RD-RL-31 5W,RD-RL-31 5W LED00025844-HO0100,https://static.rangdongstore.vn/230731010948/2023/07/31/RD-RL-31-1.jpg?fm=webp&w=500,14,,,,544000,381000.0,,,,"Công suất:  5W | Độ rọi trung bình: >500 lux | Điện áp có thể hoạt động: 150V – 250V | Dòng điện (Max): 42 mA | Hệ số công suất: 0.48 | Hệ số trả màu (CRI): 75.0 | Số chu kỳ tắt bật: 50.000 lần | Nguồn điện danh định: 220V/50Hz | Độ rọi trung bình trên mặt bàn: >500 lux | Tuổi thọ của đèn: 15000 giờ  | Hàm lượng thủy ngân: 0 mg | Thời gian khởi động của đèn:  < 0,5 giây | Màu sắc: Hồng | Hoa Văn: Bò Mery Cow | Ánh sáng: Ánh sáng trắng 6500K"
242,ĐÈN LED BÀN HỌC CHỐNG CẬN 5W RD-RL-26,RD-RL-26 5W LED00017609-XA0100,https://static.rangdongstore.vn/2204005473/2022/04/11/den-ban-led-bao-ve-thi-luc-rd-rl-26-5w-3000k-1-i1r.jpeg?fm=webp&w=500,14,,,,246000,172000.0,,,,"Công suất:  5W | Độ rọi trung bình: > 700 lux | Điện áp có thể hoạt động: 150V - 250V | Dòng điện (Max): 43 mA | Hệ số công suất: 0,5 | Màu ánh sáng:  trắng/vàng | Hệ số trả màu (CRI): 80.0 | Số chu kỳ tắt bật: 50000 lần | Nguồn điện danh định: 220V/50Hz | Độ rọi trung bình trên mặt bàn: > 700 lux | Tuổi thọ của đèn: 15000 giờ | Hàm lượng thủy ngân: 0 mg | Thời gian khởi động của đèn:  < 0,5 giây | Màu sắc: Hồng | Hoa Văn: Bò Mery Cow | Ánh sáng: Ánh sáng trắng 6500K"
243,ĐÈN LED BÀN HỌC CHỐNG CẬN 5W RD-RL-26,RD-RL-26 5W LED00017609-HO0100,https://static.rangdongstore.vn/product/den-ban/RD-RL-26/RD-RL-26.LED-7.jpg?fm=webp&w=500,14,,,,246000,172000.0,,,,"Công suất:  5W | Độ rọi trung bình: > 700 lux | Điện áp có thể hoạt động: 150V - 250V | Dòng điện (Max): 43 mA | Hệ số công suất: 0,5 | Màu ánh sáng:  trắng/vàng | Hệ số trả màu (CRI): 80.0 | Số chu kỳ tắt bật: 50000 lần | Nguồn điện danh định: 220V/50Hz | Độ rọi trung bình trên mặt bàn: > 700 lux | Tuổi thọ của đèn: 15000 giờ | Hàm lượng thủy ngân: 0 mg | Thời gian khởi động của đèn:  < 0,5 giây | Màu sắc: Hồng | Hoa Văn: Bò Mery Cow | Ánh sáng: Ánh sáng trắng 6500K"
244,ĐÈN LED BÀN HỌC CHỐNG CẬN 5W RD-RL-26,RD-RL-26 5W LED00017608-XA0100,https://static.rangdongstore.vn/2204005473/2022/04/11/den-ban-led-bao-ve-thi-luc-rd-rl-26-5w-3000k-1-i1r.jpeg?fm=webp&w=500,14,,,,246000,172000.0,,,,"Công suất:  5W | Độ rọi trung bình: > 700 lux | Điện áp có thể hoạt động: 150V - 250V | Dòng điện (Max): 43 mA | Hệ số công suất: 0,5 | Màu ánh sáng:  trắng/vàng | Hệ số trả màu (CRI): 80.0 | Số chu kỳ tắt bật: 50000 lần | Nguồn điện danh định: 220V/50Hz | Độ rọi trung bình trên mặt bàn: > 700 lux | Tuổi thọ của đèn: 15000 giờ | Hàm lượng thủy ngân: 0 mg | Thời gian khởi động của đèn:  < 0,5 giây | Màu sắc: Hồng | Hoa Văn: Bò Mery Cow | Ánh sáng: Ánh sáng trắng 6500K"
245,ĐÈN LED BÀN HỌC CHỐNG CẬN 5W RD-RL-26,RD-RL-26 5W LED00017608-HO0100,https://static.rangdongstore.vn/product/den-ban/RD-RL-26/RD-RL-26.LED-7.jpg?fm=webp&w=500,14,,,,246000,172000.0,,,,"Công suất:  5W | Độ rọi trung bình: > 700 lux | Điện áp có thể hoạt động: 150V - 250V | Dòng điện (Max): 43 mA | Hệ số công suất: 0,5 | Màu ánh sáng:  trắng/vàng | Hệ số trả màu (CRI): 80.0 | Số chu kỳ tắt bật: 50000 lần | Nguồn điện danh định: 220V/50Hz | Độ rọi trung bình trên mặt bàn: > 700 lux | Tuổi thọ của đèn: 15000 giờ | Hàm lượng thủy ngân: 0 mg | Thời gian khởi động của đèn:  < 0,5 giây | Màu sắc: Hồng | Hoa Văn: Bò Mery Cow | Ánh sáng: Ánh sáng trắng 6500K"
246,ĐÈN BÀN LED BẢO VỆ THỊ LỰC RD-RL-25 5W 6500K,RD-RL-25 5W LED00017607-XA0100,https://static.rangdongstore.vn/product/den-ban/RD-RL-25/RD-RL-25-1.jpg?fm=webp&w=500,14,,,,246000,172000.0,,,,"Công suất:  5W | Độ rọi trung bình: > 700 lux | Điện áp có thể hoạt động: 150V - 250V | Dòng điện (Max): 43 mA | Hệ số công suất: 0,5 | Màu ánh sáng:  trắng/vàng | Hệ số trả màu (CRI): 80.0 | Số chu kỳ tắt bật: 50000 lần | Nguồn điện danh định: 220V/50Hz | Độ rọi trung bình trên mặt bàn: > 700 lux | Tuổi thọ của đèn: 15000 giờ | Hàm lượng thủy ngân: 0 mg | Thời gian khởi động của đèn:  < 0,5 giây | Màu sắc: Hồng | Hoa Văn: Bò Mery Cow | Ánh sáng: Ánh sáng trắng 6500K"
247,ĐÈN BÀN LED BẢO VỆ THỊ LỰC RD-RL-25 5W 6500K,RD-RL-25 5W LED00017607-HO0100,https://static.rangdongstore.vn/product/den-ban/RD-RL-25/RD-RL-25-1.jpg?fm=webp&w=500,14,,,,246000,172000.0,,,,"Công suất:  5W | Độ rọi trung bình: > 700 lux | Điện áp có thể hoạt động: 150V - 250V | Dòng điện (Max): 43 mA | Hệ số công suất: 0,5 | Màu ánh sáng:  trắng/vàng | Hệ số trả màu (CRI): 80.0 | Số chu kỳ tắt bật: 50000 lần | Nguồn điện danh định: 220V/50Hz | Độ rọi trung bình trên mặt bàn: > 700 lux | Tuổi thọ của đèn: 15000 giờ | Hàm lượng thủy ngân: 0 mg | Thời gian khởi động của đèn:  < 0,5 giây | Màu sắc: Hồng | Hoa Văn: Bò Mery Cow | Ánh sáng: Ánh sáng trắng 6500K"
248,ĐÈN BÀN LED BẢO VỆ THỊ LỰC RD-RL-25 5W 6500K,RD-RL-25 5W LED00017606-XA0100,https://static.rangdongstore.vn/product/den-ban/RD-RL-25/RD-RL-25-1.jpg?fm=webp&w=500,14,,,,246000,172000.0,,,,"Công suất:  5W | Độ rọi trung bình: > 700 lux | Điện áp có thể hoạt động: 150V - 250V | Dòng điện (Max): 43 mA | Hệ số công suất: 0,5 | Màu ánh sáng:  trắng/vàng | Hệ số trả màu (CRI): 80.0 | Số chu kỳ tắt bật: 50000 lần | Nguồn điện danh định: 220V/50Hz | Độ rọi trung bình trên mặt bàn: > 700 lux | Tuổi thọ của đèn: 15000 giờ | Hàm lượng thủy ngân: 0 mg | Thời gian khởi động của đèn:  < 0,5 giây | Màu sắc: Hồng | Hoa Văn: Bò Mery Cow | Ánh sáng: Ánh sáng trắng 6500K"
249,ĐÈN BÀN LED BẢO VỆ THỊ LỰC RD-RL-25 5W 6500K,RD-RL-25 5W LED00017606-HO0100,https://static.rangdongstore.vn/product/den-ban/RD-RL-25/RD-RL-25-1.jpg?fm=webp&w=500,14,,,,246000,172000.0,,,,"Công suất:  5W | Độ rọi trung bình: > 700 lux | Điện áp có thể hoạt động: 150V - 250V | Dòng điện (Max): 43 mA | Hệ số công suất: 0,5 | Màu ánh sáng:  trắng/vàng | Hệ số trả màu (CRI): 80.0 | Số chu kỳ tắt bật: 50000 lần | Nguồn điện danh định: 220V/50Hz | Độ rọi trung bình trên mặt bàn: > 700 lux | Tuổi thọ của đèn: 15000 giờ | Hàm lượng thủy ngân: 0 mg | Thời gian khởi động của đèn:  < 0,5 giây | Màu sắc: Hồng | Hoa Văn: Bò Mery Cow | Ánh sáng: Ánh sáng trắng 6500K"
250,ĐÈN LED BÀN HỌC CHỐNG CẬN 6W RD-RL-38,RD-RL-38 6W LED00033515-XA0100,https://static.rangdongstore.vn/product/den-ban/RD-RL-38/4.RD-RL-38.jpg?fm=webp&w=500,14,,,,303999,213000.0,,,,"Công suất:  6W | Độ rọi trung bình: >500 lux | Điện áp có thể hoạt động: 150V – 250V | Dòng điện (Max): 80 mA | Hệ số công suất: 0.5 | Hệ số trả màu (CRI): 97.0 | Số chu kỳ tắt bật: 50.000 lần | Nguồn điện danh định: 220V/50Hz | Độ rọi trung bình trên mặt bàn: >500 lux | Tuổi thọ của đèn: 25000 giờ  | Hàm lượng thủy ngân: 0 mg | Thời gian khởi động của đèn:  < 0,5 giây | Nhiệt độ màu: 5000K | Màu sắc: Hồng | Hoa Văn: Bò Mery Cow | Ánh sáng: Ánh sáng trắng 6500K"
251,ĐÈN LED BÀN HỌC CHỐNG CẬN 6W RD-RL-38,RD-RL-38 6W LED00033515-HO0100,https://static.rangdongstore.vn/product/den-ban/RD-RL-38/2.RD-RL-38.jpg?fm=webp&w=500,14,,,,303999,213000.0,,,,"Công suất:  6W | Độ rọi trung bình: >500 lux | Điện áp có thể hoạt động: 150V – 250V | Dòng điện (Max): 80 mA | Hệ số công suất: 0.5 | Hệ số trả màu (CRI): 97.0 | Số chu kỳ tắt bật: 50.000 lần | Nguồn điện danh định: 220V/50Hz | Độ rọi trung bình trên mặt bàn: >500 lux | Tuổi thọ của đèn: 25000 giờ  | Hàm lượng thủy ngân: 0 mg | Thời gian khởi động của đèn:  < 0,5 giây | Nhiệt độ màu: 5000K | Màu sắc: Hồng | Hoa Văn: Bò Mery Cow | Ánh sáng: Ánh sáng trắng 6500K"
252,ĐÈN LED BÀN HỌC CHỐNG CẬN 6W RD-RL-38,RD-RL-38 6W LED00033515-XA0200,https://static.rangdongstore.vn/product/den-ban/RD-RL-38/2.RD-RL-38.jpg?fm=webp&w=500,14,,,,303999,213000.0,,,,"Công suất:  6W | Độ rọi trung bình: >500 lux | Điện áp có thể hoạt động: 150V – 250V | Dòng điện (Max): 80 mA | Hệ số công suất: 0.5 | Hệ số trả màu (CRI): 97.0 | Số chu kỳ tắt bật: 50.000 lần | Nguồn điện danh định: 220V/50Hz | Độ rọi trung bình trên mặt bàn: >500 lux | Tuổi thọ của đèn: 25000 giờ  | Hàm lượng thủy ngân: 0 mg | Thời gian khởi động của đèn:  < 0,5 giây | Nhiệt độ màu: 5000K | Màu sắc: Hồng | Hoa Văn: Bò Mery Cow | Ánh sáng: Ánh sáng trắng 6500K"
253,ĐÈN LED BÀN HỌC CHỐNG CẬN 6W RD-RL-38,RD-RL-38 6W LED00032584-XA0100,https://static.rangdongstore.vn/product/den-ban/RD-RL-38/2.RD-RL-38.jpg?fm=webp&w=500,14,,,,303999,213000.0,,,,"Công suất:  6W | Độ rọi trung bình: >500 lux | Điện áp có thể hoạt động: 150V – 250V | Dòng điện (Max): 80 mA | Hệ số công suất: 0.5 | Hệ số trả màu (CRI): 97.0 | Số chu kỳ tắt bật: 50.000 lần | Nguồn điện danh định: 220V/50Hz | Độ rọi trung bình trên mặt bàn: >500 lux | Tuổi thọ của đèn: 25000 giờ  | Hàm lượng thủy ngân: 0 mg | Thời gian khởi động của đèn:  < 0,5 giây | Nhiệt độ màu: 5000K | Màu sắc: Hồng | Hoa Văn: Bò Mery Cow | Ánh sáng: Ánh sáng trắng 6500K"
254,ĐÈN LED BÀN HỌC CHỐNG CẬN 6W RD-RL-38,RD-RL-38 6W LED00032584-HO0100,https://static.rangdongstore.vn/product/den-ban/RD-RL-38/12.RD-RL-38.jpg?fm=webp&w=500,14,,,,303999,213000.0,,,,"Công suất:  6W | Độ rọi trung bình: >500 lux | Điện áp có thể hoạt động: 150V – 250V | Dòng điện (Max): 80 mA | Hệ số công suất: 0.5 | Hệ số trả màu (CRI): 97.0 | Số chu kỳ tắt bật: 50.000 lần | Nguồn điện danh định: 220V/50Hz | Độ rọi trung bình trên mặt bàn: >500 lux | Tuổi thọ của đèn: 25000 giờ  | Hàm lượng thủy ngân: 0 mg | Thời gian khởi động của đèn:  < 0,5 giây | Nhiệt độ màu: 5000K | Màu sắc: Hồng | Hoa Văn: Bò Mery Cow | Ánh sáng: Ánh sáng trắng 6500K"
255,ĐÈN LED BÀN HỌC CHỐNG CẬN 6W RD-RL-38,RD-RL-38 6W LED00032584-XA0200,https://static.rangdongstore.vn/product/den-ban/RD-RL-38/2.RD-RL-38.jpg?fm=webp&w=500,14,,,,303999,213000.0,,,,"Công suất:  6W | Độ rọi trung bình: >500 lux | Điện áp có thể hoạt động: 150V – 250V | Dòng điện (Max): 80 mA | Hệ số công suất: 0.5 | Hệ số trả màu (CRI): 97.0 | Số chu kỳ tắt bật: 50.000 lần | Nguồn điện danh định: 220V/50Hz | Độ rọi trung bình trên mặt bàn: >500 lux | Tuổi thọ của đèn: 25000 giờ  | Hàm lượng thủy ngân: 0 mg | Thời gian khởi động của đèn:  < 0,5 giây | Nhiệt độ màu: 5000K | Màu sắc: Hồng | Hoa Văn: Bò Mery Cow | Ánh sáng: Ánh sáng trắng 6500K"
256,ĐÈN LED BÀN HỌC CHỐNG CẬN 8W RD-RL-40 (OC-USB),RD-RL-40 8W (OC-USB) LED00039442-XA0100,https://static.rangdongstore.vn/product/den-ban/RD-RL-40-USB/Capture10084.JPG?fm=webp&w=500,14,,,,570000,399000.0,,,,Công suất:  8W | Độ rọi trung bình: 900 lux | Điện áp có thể hoạt động: 150V – 250V | Dòng điện (Max): 0.1 A | Hệ số công suất: 0.5 | Nguồn điện danh định: 220V/50Hz | Tuổi thọ của đèn: 20.000 giờ | Hàm lượng thủy ngân: 0 mg | Thời gian khởi động của đèn: 0.5 giây | Nhiệt độ màu:  3000/4000/6500 K | Quang thông:  380 lm | số chu kỳ tắt bật: 50.000 lần | Điện áp danh định sạc USB: 5V | Công suất danh định:  10W | Màu sắc: Hồng | Hoa Văn: Bò Mery Cow | Ánh sáng: Ánh sáng trắng 6500K
257,ĐÈN LED BÀN HỌC CHỐNG CẬN 8W RD-RL-40 (OC-USB),RD-RL-40 8W (OC-USB) LED00039442-HO0100,https://static.rangdongstore.vn/product/den-ban/RD-RL-40-USB/Capture10082.JPG?fm=webp&w=500,14,,,,570000,399000.0,,,,Công suất:  8W | Độ rọi trung bình: 900 lux | Điện áp có thể hoạt động: 150V – 250V | Dòng điện (Max): 0.1 A | Hệ số công suất: 0.5 | Nguồn điện danh định: 220V/50Hz | Tuổi thọ của đèn: 20.000 giờ | Hàm lượng thủy ngân: 0 mg | Thời gian khởi động của đèn: 0.5 giây | Nhiệt độ màu:  3000/4000/6500 K | Quang thông:  380 lm | số chu kỳ tắt bật: 50.000 lần | Điện áp danh định sạc USB: 5V | Công suất danh định:  10W | Màu sắc: Hồng | Hoa Văn: Bò Mery Cow | Ánh sáng: Ánh sáng trắng 6500K
258,ĐÈN LED BÀN HỌC CHỐNG CẬN 8W RD-RL-40 (OC-USB),RD-RL-40 8W (OC-USB) LED00039208-XA0100,https://static.rangdongstore.vn/product/den-ban/RD-RL-40-USB/Capture10116.JPG?fm=webp&w=500,14,,,,570000,399000.0,,,,Công suất:  8W | Độ rọi trung bình: 900 lux | Điện áp có thể hoạt động: 150V – 250V | Dòng điện (Max): 0.1 A | Hệ số công suất: 0.5 | Nguồn điện danh định: 220V/50Hz | Tuổi thọ của đèn: 20.000 giờ | Hàm lượng thủy ngân: 0 mg | Thời gian khởi động của đèn: 0.5 giây | Nhiệt độ màu:  3000/4000/6500 K | Quang thông:  380 lm | số chu kỳ tắt bật: 50.000 lần | Điện áp danh định sạc USB: 5V | Công suất danh định:  10W | Màu sắc: Hồng | Hoa Văn: Bò Mery Cow | Ánh sáng: Ánh sáng trắng 6500K
259,ĐÈN LED BÀN HỌC CHỐNG CẬN 8W RD-RL-40 (OC-USB),RD-RL-40 8W (OC-USB) LED00039208-HO0100,https://static.rangdongstore.vn/product/den-ban/RD-RL-40-USB/Capture10164.JPG?fm=webp&w=500,14,,,,570000,399000.0,,,,Công suất:  8W | Độ rọi trung bình: 900 lux | Điện áp có thể hoạt động: 150V – 250V | Dòng điện (Max): 0.1 A | Hệ số công suất: 0.5 | Nguồn điện danh định: 220V/50Hz | Tuổi thọ của đèn: 20.000 giờ | Hàm lượng thủy ngân: 0 mg | Thời gian khởi động của đèn: 0.5 giây | Nhiệt độ màu:  3000/4000/6500 K | Quang thông:  380 lm | số chu kỳ tắt bật: 50.000 lần | Điện áp danh định sạc USB: 5V | Công suất danh định:  10W | Màu sắc: Hồng | Hoa Văn: Bò Mery Cow | Ánh sáng: Ánh sáng trắng 6500K
260,ĐÈN LED BÀN HỌC CHỐNG CẬN 5W RD-RL-24.V2,RD-RL-24.V2 5W LED00038681-XA02HV02,https://static.rangdongstore.vn/product/den-ban/RD-RL-24.V2/8.RD-RL-24V2-5W.jpg?fm=webp&w=500,14,,,,246000,172000.0,,,,"Điện áp danh định: 220V/50Hz | Công suất:  5W | Độ rọi trung bình: 700 lux | Điện áp có thể hoạt động: (150 - 250V | Dòng điện (Max): 0.043 A | Hệ số công suất: 0,5 | Màu ánh sáng:  Trắng/Vàng | Hệ số trả màu (CRI): 80.0 | Tuổi thọ đèn: 20.000 giờ | Số chu kỳ tắt bật: 50.000 lần | Chiều cao: (460±20) mm | Khối lượng: (800±50) g | Màu sắc: Hồng | Hoa Văn: Bò Mery Cow | Ánh sáng: Ánh sáng trắng 6500K"
261,ĐÈN LED BÀN HỌC CHỐNG CẬN 5W RD-RL-24.V2,RD-RL-24.V2 5W LED00038681-XA03HV03,https://static.rangdongstore.vn/231019015183/2023/10/19/14RD-RL-24V2-5W%20(2).jpg?fm=webp&w=500,14,,,,246000,172000.0,,,,"Điện áp danh định: 220V/50Hz | Công suất:  5W | Độ rọi trung bình: 700 lux | Điện áp có thể hoạt động: (150 - 250V | Dòng điện (Max): 0.043 A | Hệ số công suất: 0,5 | Màu ánh sáng:  Trắng/Vàng | Hệ số trả màu (CRI): 80.0 | Tuổi thọ đèn: 20.000 giờ | Số chu kỳ tắt bật: 50.000 lần | Chiều cao: (460±20) mm | Khối lượng: (800±50) g | Màu sắc: Hồng | Hoa Văn: Bò Mery Cow | Ánh sáng: Ánh sáng trắng 6500K"
262,ĐÈN LED BÀN HỌC CHỐNG CẬN 5W RD-RL-24.V2,RD-RL-24.V2 5W LED00038681-HO01HV04,https://static.rangdongstore.vn/product/den-ban/RD-RL-24.V2/2.RD-RL-24V2-5W.jpg?fm=webp&w=500,14,,,,246000,172000.0,,,,"Điện áp danh định: 220V/50Hz | Công suất:  5W | Độ rọi trung bình: 700 lux | Điện áp có thể hoạt động: (150 - 250V | Dòng điện (Max): 0.043 A | Hệ số công suất: 0,5 | Màu ánh sáng:  Trắng/Vàng | Hệ số trả màu (CRI): 80.0 | Tuổi thọ đèn: 20.000 giờ | Số chu kỳ tắt bật: 50.000 lần | Chiều cao: (460±20) mm | Khối lượng: (800±50) g | Màu sắc: Hồng | Hoa Văn: Bò Mery Cow | Ánh sáng: Ánh sáng trắng 6500K"
263,ĐÈN LED BÀN HỌC CHỐNG CẬN 5W RD-RL-24.V2,RD-RL-24.V2 5W LED00038682-XA01HV01,https://static.rangdongstore.vn/product/den-ban/RD-RL-24.V2/20.RD-RL-24V2-5W.jpg?fm=webp&w=500,14,,,,246000,172000.0,,,,"Điện áp danh định: 220V/50Hz | Công suất:  5W | Độ rọi trung bình: 700 lux | Điện áp có thể hoạt động: (150 - 250V | Dòng điện (Max): 0.043 A | Hệ số công suất: 0,5 | Màu ánh sáng:  Trắng/Vàng | Hệ số trả màu (CRI): 80.0 | Tuổi thọ đèn: 20.000 giờ | Số chu kỳ tắt bật: 50.000 lần | Chiều cao: (460±20) mm | Khối lượng: (800±50) g | Màu sắc: Hồng | Hoa Văn: Bò Mery Cow | Ánh sáng: Ánh sáng trắng 6500K"
264,ĐÈN LED BÀN HỌC CHỐNG CẬN 5W RD-RL-24.V2,RD-RL-24.V2 5W LED00038681-XA01HV01,https://static.rangdongstore.vn/product/den-ban/RD-RL-24.V2/20.RD-RL-24V2-5W.jpg?fm=webp&w=500,14,,,,246000,172000.0,,,,"Điện áp danh định: 220V/50Hz | Công suất:  5W | Độ rọi trung bình: 700 lux | Điện áp có thể hoạt động: (150 - 250V | Dòng điện (Max): 0.043 A | Hệ số công suất: 0,5 | Màu ánh sáng:  Trắng/Vàng | Hệ số trả màu (CRI): 80.0 | Tuổi thọ đèn: 20.000 giờ | Số chu kỳ tắt bật: 50.000 lần | Chiều cao: (460±20) mm | Khối lượng: (800±50) g | Màu sắc: Hồng | Hoa Văn: Bò Mery Cow | Ánh sáng: Ánh sáng trắng 6500K"
265,ĐÈN LED BÀN HỌC CHỐNG CẬN 5W RD-RL-24.V2,RD-RL-24.V2 5W LED00038682-HO01HV04,https://static.rangdongstore.vn/product/den-ban/RD-RL-24.V2/2.RD-RL-24V2-5W.jpg?fm=webp&w=500,14,,,,246000,172000.0,,,,"Điện áp danh định: 220V/50Hz | Công suất:  5W | Độ rọi trung bình: 700 lux | Điện áp có thể hoạt động: (150 - 250V | Dòng điện (Max): 0.043 A | Hệ số công suất: 0,5 | Màu ánh sáng:  Trắng/Vàng | Hệ số trả màu (CRI): 80.0 | Tuổi thọ đèn: 20.000 giờ | Số chu kỳ tắt bật: 50.000 lần | Chiều cao: (460±20) mm | Khối lượng: (800±50) g | Màu sắc: Hồng | Hoa Văn: Bò Mery Cow | Ánh sáng: Ánh sáng trắng 6500K"
266,ĐÈN LED BÀN HỌC CHỐNG CẬN 5W RD-RL-24.V2,RD-RL-24.V2 5W LED00038682-XA02HV02,https://static.rangdongstore.vn/product/den-ban/RD-RL-24.V2/8.RD-RL-24V2-5W.jpg?fm=webp&w=500,14,,,,246000,172000.0,,,,"Điện áp danh định: 220V/50Hz | Công suất:  5W | Độ rọi trung bình: 700 lux | Điện áp có thể hoạt động: (150 - 250V | Dòng điện (Max): 0.043 A | Hệ số công suất: 0,5 | Màu ánh sáng:  Trắng/Vàng | Hệ số trả màu (CRI): 80.0 | Tuổi thọ đèn: 20.000 giờ | Số chu kỳ tắt bật: 50.000 lần | Chiều cao: (460±20) mm | Khối lượng: (800±50) g | Màu sắc: Hồng | Hoa Văn: Bò Mery Cow | Ánh sáng: Ánh sáng trắng 6500K"
267,ĐÈN LED BÀN HỌC CHỐNG CẬN 5W RD-RL-24.V2,RD-RL-24.V2 5W LED00038682-XA03HV03,https://static.rangdongstore.vn/231019015183/2023/10/19/14RD-RL-24V2-5W%20(2).jpg?fm=webp&w=500,14,,,,246000,172000.0,,,,"Điện áp danh định: 220V/50Hz | Công suất:  5W | Độ rọi trung bình: 700 lux | Điện áp có thể hoạt động: (150 - 250V | Dòng điện (Max): 0.043 A | Hệ số công suất: 0,5 | Màu ánh sáng:  Trắng/Vàng | Hệ số trả màu (CRI): 80.0 | Tuổi thọ đèn: 20.000 giờ | Số chu kỳ tắt bật: 50.000 lần | Chiều cao: (460±20) mm | Khối lượng: (800±50) g | Màu sắc: Hồng | Hoa Văn: Bò Mery Cow | Ánh sáng: Ánh sáng trắng 6500K"
268,ĐÈN LED BÀN HỌC CHỐNG CẬN 5W RD-RL-24.V2,RD-RL-24.V2 5W LED00038681-XA01HV01,https://static.rangdongstore.vn/product/den-ban/RD-RL-24.V2/20.RD-RL-24V2-5W.jpg?fm=webp&w=500,14,,,,246000,172000.0,,,,"Điện áp danh định: 220V/50Hz | Công suất:  5W | Độ rọi trung bình: 700 lux | Điện áp có thể hoạt động: (150 - 250V | Dòng điện (Max): 0.043 A | Hệ số công suất: 0,5 | Màu ánh sáng:  Trắng/Vàng | Hệ số trả màu (CRI): 80.0 | Tuổi thọ đèn: 20.000 giờ | Số chu kỳ tắt bật: 50.000 lần | Chiều cao: (460±20) mm | Khối lượng: (800±50) g | Màu sắc: Hồng | Ánh sáng: Ánh sáng trắng 6500K"
269,ĐÈN LED BÀN HỌC CHỐNG CẬN 5W RD-RL-19,RD-RL-19 5W LED00005532-DO0100,https://static.rangdongstore.vn/product/den-ban/RD-RL-19/2.RD-RL-19-LED.jpg?fm=webp&w=500,14,,,,238000,167000.0,,,,"Công suất:  5W | Độ rọi trung bình: > 650 lux | Điện áp có thể hoạt động: 150V - 250V | Dòng điện (Max): 55 mA | Hệ số công suất: 0,5 | Màu ánh sáng: 6500K/3000K | Hệ số trả màu (CRI): 80.0 | Số chu kỳ tắt bật: 50000 lần | Nguồn điện danh định: 220V/50Hz | Độ rọi trung bình trên mặt bàn: > 600 lux | Tuổi thọ của đèn: 15000 giờ | Hàm lượng thủy ngân: 0 mg | Thời gian khởi động của đèn:  < 0,5 giây | Màu sắc: Hồng | Ánh sáng: Ánh sáng trắng 6500K"
270,ĐÈN LED BÀN HỌC CHỐNG CẬN 5W RD-RL-19,RD-RL-19 5W LED00005532-XA0100,https://static.rangdongstore.vn/product/den-ban/RD-RL-19/2.RD-RL-19-LED.jpg?fm=webp&w=500,14,,,,238000,167000.0,,,,"Công suất:  5W | Độ rọi trung bình: > 650 lux | Điện áp có thể hoạt động: 150V - 250V | Dòng điện (Max): 55 mA | Hệ số công suất: 0,5 | Màu ánh sáng: 6500K/3000K | Hệ số trả màu (CRI): 80.0 | Số chu kỳ tắt bật: 50000 lần | Nguồn điện danh định: 220V/50Hz | Độ rọi trung bình trên mặt bàn: > 600 lux | Tuổi thọ của đèn: 15000 giờ | Hàm lượng thủy ngân: 0 mg | Thời gian khởi động của đèn:  < 0,5 giây | Màu sắc: Hồng | Ánh sáng: Ánh sáng trắng 6500K"
271,ĐÈN LED BÀN HỌC CHỐNG CẬN 5W RD-RL-19,RD-RL-19 5W LED00005532-HO0100,https://static.rangdongstore.vn/product/den-ban/RD-RL-19/2.RD-RL-19-LED.jpg?fm=webp&w=500,14,,,,238000,167000.0,,,,"Công suất:  5W | Độ rọi trung bình: > 650 lux | Điện áp có thể hoạt động: 150V - 250V | Dòng điện (Max): 55 mA | Hệ số công suất: 0,5 | Màu ánh sáng: 6500K/3000K | Hệ số trả màu (CRI): 80.0 | Số chu kỳ tắt bật: 50000 lần | Nguồn điện danh định: 220V/50Hz | Độ rọi trung bình trên mặt bàn: > 600 lux | Tuổi thọ của đèn: 15000 giờ | Hàm lượng thủy ngân: 0 mg | Thời gian khởi động của đèn:  < 0,5 giây | Màu sắc: Hồng | Ánh sáng: Ánh sáng trắng 6500K"
272,ĐÈN LED BÀN HỌC CHỐNG CẬN 5W RD-RL-19,RD-RL-19 5W LED00005531-XA0100,https://static.rangdongstore.vn/product/den-ban/RD-RL-19/2.RD-RL-19-LED.jpg?fm=webp&w=500,14,,,,238000,167000.0,,,,"Công suất:  5W | Độ rọi trung bình: > 650 lux | Điện áp có thể hoạt động: 150V - 250V | Dòng điện (Max): 55 mA | Hệ số công suất: 0,5 | Màu ánh sáng: 6500K/3000K | Hệ số trả màu (CRI): 80.0 | Số chu kỳ tắt bật: 50000 lần | Nguồn điện danh định: 220V/50Hz | Độ rọi trung bình trên mặt bàn: > 600 lux | Tuổi thọ của đèn: 15000 giờ | Hàm lượng thủy ngân: 0 mg | Thời gian khởi động của đèn:  < 0,5 giây | Màu sắc: Hồng | Ánh sáng: Ánh sáng trắng 6500K"
273,ĐÈN LED BÀN HỌC CHỐNG CẬN 5W RD-RL-19,RD-RL-19 5W LED00005532-HO0100,https://static.rangdongstore.vn/product/den-ban/RD-RL-19/2.RD-RL-19-LED.jpg?fm=webp&w=500,14,,,,238000,167000.0,,,,"Công suất:  5W | Độ rọi trung bình: > 650 lux | Điện áp có thể hoạt động: 150V - 250V | Dòng điện (Max): 55 mA | Hệ số công suất: 0,5 | Màu ánh sáng: 6500K/3000K | Hệ số trả màu (CRI): 80.0 | Số chu kỳ tắt bật: 50000 lần | Nguồn điện danh định: 220V/50Hz | Độ rọi trung bình trên mặt bàn: > 600 lux | Tuổi thọ của đèn: 15000 giờ | Hàm lượng thủy ngân: 0 mg | Thời gian khởi động của đèn:  < 0,5 giây"
274,ĐÈN LED BÀN HỌC CẢM ỨNG 6W RD-RL-20V2,RD-RL-20V26W LED00031181-XA0100,https://static.rangdongstore.vn/product/den-ban/RD-RL-20-v2/RD-RL-20-v2-1.jpg?fm=webp&w=500,15,,,,450000,315000.0,,,,"Nguồn điện danh định: 220V/50Hz | Công suất:  6W | Độ rọi trung bình trên mặt bàn: >700 lux | Điện áp có thể hoạt động: 150V – 250V | Dòng điện (Max): 80 mA | Hệ số công suất: 0.5 | Độ rọi trung bình: >600 lux | Nhiệt độ màu: 3000K-6500K | Hệ số trả màu (CRI): 86.0 | Tuổi thọ của đèn: 25000 giờ  | Số chu kỳ tắt bật: 50.000 lần | Hàm lượng thủy ngân: 0 mg | Thời gian khởi động của đèn:  < 0,5 giây"
275,ĐÈN LED BÀN HỌC CẢM ỨNG 7W RD-RL-39,RD-RL-397W LED00038555,https://static.rangdongstore.vn/product/den-ban/RD-RL-39/1.jpg?fm=webp&w=500,15,,,,1580000,1106000.0,,,,"Nguồn điện danh định: 220V/50Hz | Công suất: 6W | Điện áp có thể hoạt động: 150V – 250V | Dòng điện (Max): 0.1 A | Hệ số công suất: 0.5 | Độ rọi trung bình: >700 lux | Nhiệt độ màu: 2700K ÷ 6500K | Hệ số trả màu (CRI): 80.0 | Tuổi thọ của đèn: 30000 giờ  | Số chu kỳ tắt bật: 50.000 lần | Hàm lượng thủy ngân: 0 mg | Thời gian khởi động của đèn:  < 0,5 giây | Điện áp danh định: 220V/50Hz | Tuổi thọ: 30.000 giờ | Công suất đèn học: 7W | Công suất đèn ngủ: 3W | Điện áp danh định sạc USB: 5V | Công suất danh định Max: 10W | Dòng điện Max: 4A | Điện áp Max: 250V"
276,ĐÈN BÀN LED CẢM ỨNG RD-RL-45 6W,RD-RL-456W LED00053646-HO0100,https://static.rangdongstore.vn/240731019534/2024/07/31/RD-RL-45%206w%20H%201.jpg?fm=webp&w=500,15,,,,376000,265000.0,,,,"Nguồn điện danh định: 220V/50Hz | Công suất: 6W | Điện áp có thể hoạt động: 150V – 250V | Dòng điện (Max): 0.08 A | Hệ số công suất: 0.45 | Độ rọi trung bình: 700 lux | Nhiệt độ màu: 3000K - 6500K | Hệ số trả màu (CRI): 80.0 | Tuổi thọ của đèn: 25000 giờ  | Số chu kỳ tắt bật: 50.000 lần | Hàm lượng thủy ngân: 0 mg | Thời gian khởi động của đèn:  < 0,5 giây"
277,ĐÈN LED BÀN HỌC CẢM ỨNG 8W RD-RL-60,RD-RL-608W LED00044175-TR0100,https://static.rangdongstore.vn/2204008604/2022/04/19/RD_RL_60_2.jpg?fm=webp&w=500,15,,,,594000,415000.0,,,,"Nguồn điện danh định: 220V/50Hz | Công suất: 8W | Điện áp có thể hoạt động: 150V – 250V | Dòng điện (Max): 0.1 A | Hệ số công suất: 0.5 | Độ rọi trung bình: 700 lux | Nhiệt độ màu: 3000K - 6500K | Hệ số trả màu (CRI): 97.0 | Tuổi thọ của đèn: 25000 giờ  | Số chu kỳ tắt bật: 50.000 lần | Hàm lượng thủy ngân: 0 mg | Thời gian khởi động của đèn:  < 0,5 giây"
278,ĐÈN BÀN LED CẢM ỨNG RD-RL-21 6W,RD-RL-216W LED00012781-XA0100,https://static.rangdongstore.vn/240731019520/2024/07/31/RD-RL-21-4.jpg?fm=webp&w=500,15,,,,598000,355000.0,,,,"Nguồn điện danh định: 220V/50Hz | Công suất:  6W | Độ rọi trung bình trên mặt bàn: >700 lux | Điện áp có thể hoạt động: (150 – 250)V | Dòng điện (Max): 80 mA | Hệ số công suất: 0.5 | Nhiệt độ màu: 3000K - 6500K | Hệ số trả màu (CRI): 80.0 | Tuổi thọ của đèn: 25000 giờ  | Số chu kỳ tắt bật: 50.000 lần | Hàm lượng thủy ngân: 0 mg | Thời gian khởi động của đèn:  < 0,5 giây"
279,ĐÈN BÀN LED CẢM ỨNG RD-RL-46 6W,RD-RL-466W LED00053647-HO01HV01,https://static.rangdongstore.vn/240731019537/2024/07/31/46%20h%E1%BB%93ng%201.jpg?fm=webp&w=500,15,,,,450000,285000.0,,,,No description
280,ĐÈN LED BÀN HỌC CẢM ỨNG 6W RD-RL-36,RD-RL-366W LED00030325-GH0100,https://static.rangdongstore.vn/240801019542/2024/08/01/RD_RL_36_6W-xanh%20ng%E1%BB%8Dc.jpg?fm=webp&w=500,15,,,,376000,265000.0,,,,"Nguồn điện danh định: 220V/50Hz | Công suất:  6W | Độ rọi trung bình trên mặt bàn:  ≥700 lux | Điện áp có thể hoạt động: 150V – 250V | Dòng điện (Max): 80 mA | Hệ số công suất: 0.5 | Độ rọi trung bình:  ≥700 lux | Nhiệt độ màu: 5000K | Hệ số trả màu (CRI): 86.0 | Tuổi thọ của đèn: 25000 giờ  | Số chu kỳ tắt bật: 50.000 lần | Hàm lượng thủy ngân: 0 mg | Thời gian khởi động của đèn:  < 0,5 giây"
281,VỢT BẮT MUỖI VBM RD.02,VBRD.02 LED00047176,https://static.rangdongstore.vn/product/Den-LED/Den-bat-muoi-vot-muoi/VBM.02.jpg?fm=webp&w=500,16,,,,194000,126000.0,,,,Điện áp nguồn sạc: (100-250) V-50/60 Hz | Công suất: 1.5W | Thời gian sạc đầy pin: (6-10) giờ | Loại pin: Pin Lithium/3.7 V/ 500 mAh/ 14500 | Chiều dài: 538 mm | Chiều rộng: 210 mm | Chiều cao: 47 mm
282,VỢT BẮT MUỖI VBM RD.03,VBRD.03 LED00050489,https://static.rangdongstore.vn/product/thiet-bi-dien/Vot-bat-muoi/VBM-RD.03/VBM-RD.03.jpg?fm=webp&w=500,16,,,,194000,116000.0,,,,Điện áp nguồn sạc: (150 - 250) V | Tần số nguồn sạc: 50Hz | Công suất sạc điện (max): 1.0 W | Loại ắc quy: Ắc quy 4.2V | Thời gian sạc đầy pin (tại 220V): (8 - 10) giờ | Thời gian sử dụng bắt muỗi: (8 - 10) giờ | Điện áp đầu ra: ≥ 3.0 kV | Bộ vỏ ngoài thiết kế bằng nhựa có độ bền cao đảm bảo cách điện an toàn cho người sử dụng: Màu sắc: Trắng – Xanh dương
283,VỢT BẮT MUỖI VBM RD.05,VBRD.05 LED00062204,https://static.rangdongstore.vn/231019015160/2023/10/19/VBM-RD.05.jpg?fm=webp&w=500,16,,,,194000,116000.0,,,,Điện áp nguồn sạc: (150 - 250) V | Loại pin: 4.2V | Tần số nguồn sạc: 50Hz | Công suất sạc điện (max): 1.0 W | Thời gian sạc đầy pin (tại 220V): (8 - 10) giờ | Thời gian sử dụng bắt muỗi: (8 - 10) giờ | Điện áp đầu ra: ≥ 3.0 kV | Bộ vỏ ngoài thiết kế bằng nhựa có độ bền cao đảm bảo cách điện an toàn cho người sử dụng: Màu sắc: Trắng – Xanh dương
284,ĐÈN BẮT MUỖI 5W DBM01,DB015W LED00043445,https://static.rangdongstore.vn/product/Den-LED/Den-bat-muoi/DBM01%205W.jpg?fm=webp&w=500,16,,,,540000,378000.0,,,,"Công suất: 5W | Chiều cao: 238 mm | Nguồn điện danh định: 220V/50Hz | Bước sóng LED UV: 365 nm | Điện áp có thể hoạt động: (150 ÷ 250)V | Dòng điện đầu vào lớn nhất: 0,1A | Hệ số công suất: 0,5 | Mức tiêu thụ điện 1000 giờ: 5 kWh | Mức hiệu suất năng lượng: A+ | Đường kính: 200 mm | Hàm lượng thủy ngân: 0 mg | Thời gian khởi động của đèn: < 0,5 giây | Nhiệt độ làm việc: (-10 - 45)°C"
285,BỘ ĐÈN LED CSLH.LS 300X1200/40W,CSLH.LS300x1200/40W LED00074689,https://static.rangdongstore.vn/241123026765/2024/11/23/CSLH.LS-300x1200.40W_UD-3.jpg?fm=webp&w=500,17,,,,1404000,1123000.0,,,,No description
286,ĐÈN LED TUBE T8 CHIẾU SÁNG LỚP HỌC CSLH/20WX2,CSLH/20Wx2 LED00014195,https://static.rangdongstore.vn/product/Den-LED/chieu-sang-lop-hoc/BD-T8L-TT01_CSLH.jpg?fm=webp&w=500,17,,,,953000,762000.0,,,,"Nguồn điện danh định: 220V/50Hz | Công suất: 20x2 W | Lắp thay thế bộ đèn huỳnh quang: 1,2m công suất 40W/36W | Vật liệu bóng: Nhôm nhựa | Điện áp có thể hoạt động: 170 V - 250 V | Dòng điện (Max): 460 mA | Hệ số công suất: 0,5 | Quang thông: 3200 lm | Hiệu suất sáng: 3000K/4000K/6500K | Hệ số trả màu (CRI): 82.0 | Tuổi thọ đèn: 30.000 giờ | Chu kỳ tắt bật: 50.000 lần | Mức tiêu thụ điện 1000 giờ: 20x2 kWh | Mức hiệu suất năng lượng: A+ | Chiếu dài: 1236 mm | Chiều rộng: 240mm | Chiều cao: 90 mm | Hàm lượng thủy ngân: 0 mg | Thời gian khởi động của đèn: < 0,5 giây"
287,ĐÈN LED TUBE 20W CHIẾU SÁNG LỚP HỌC,CSLH/20Wx1 LED00014194,https://static.rangdongstore.vn/product/Den-LED/chieu-sang-lop-hoc/BD-CSLH-120-20W.jpg?fm=webp&w=500,17,,,,697000,558000.0,,,,"Nguồn điện danh định: 220V/50Hz | Công suất: 20W | Điện áp có thể hoạt động: 150 - 250 V | Quang thông: 2000 lm | Hiệu suất sáng: 100 lm/W | Hệ số trả màu (CRI): 80.0 | Tuổi thọ đèn: 20.000 giờ | Chu kỳ tắt bật: 50.000 lần | Mức tiêu thụ điện 1000 giờ: 20 kWh | Mức hiệu suất năng lượng: A+ | Chiếu dài: 1210 mm | Chiều rộng: 100 mm | Hàm lượng thủy ngân: 0 mg | Thời gian khởi động của đèn: < 0,5 giây | Nhiệt độ màu ánh sáng: 5000K/6500K | Bê da y: 100 mm"
288,ĐÈN LED TUBE 1.2M 36W CHIẾU SÁNG LỚP HỌC CSLH,CSLH1200/36W LED00033848,https://static.rangdongstore.vn/product/Den-LED/chieu-sang-lop-hoc/CSLH_36Wx1%20(1).jpg?fm=webp&w=500,17,,,,1307000,1046000.0,,,,"Nguồn điện danh định: 220V/50Hz | Công suất: 36W | Điện áp có thể hoạt động: 170 - 250 V | Quang thông: 3780 lm | Hiệu suất sáng: 105 lm/W | Hệ số trả màu (CRI): 85.0 | Tuổi thọ đèn: 30.000 giờ | Chu kỳ tắt bật: 50.000 lần | Mức tiêu thụ điện 1000 giờ: 36 kWh | Mức hiệu suất năng lượng: A+ | Chiếu dài: 1200 mm | Chiều rộng: 103 mm | Hàm lượng thủy ngân: 0 mg | Thời gian khởi động của đèn: < 0,5 giây | Nhiệt độ màu ánh sáng: 6500K | Bê da y: 78 mm"
289,BỘ ĐÈN CHIẾU SÁNG BẢNG T8 TT01 CSBA /20WX1 6500K,T8TT01CSBA/20Wx1 LED00035425,https://static.rangdongstore.vn/240903023929/2024/09/03/FS_40.36x1_CM1_EH_BACS_2.jpg?fm=webp&w=500,17,,,,545000,436000.0,,,,"Nguồn điện danh định: 220V/50Hz | Công suất: 20 W | Lắp thay thế bộ đèn huỳnh quang: 1,2m công suất 40W/36W | Vật liệu bóng: Thủy tinh  | Điện áp có thể hoạt động: 170 V - 250 V | Dòng điện (Max): 180 mA | Hệ số công suất: 0,5 | Quang thông: 1600 lm | Hiệu suất sáng: 3000K/4000K/6500K | Hệ số trả màu (CRI): 82.0 | Tuổi thọ đèn: 20.000 giờ | Chu kỳ tắt bật: 50.000 lần | Mức tiêu thụ điện 1000 giờ: 20 kWh | Mức hiệu suất năng lượng: A+ | Chiếu dài: 1236 mm | Chiều rộng: 192 mm | Chiều cao: 90 mm | Hàm lượng thủy ngân: 0 mg | Thời gian khởi động của đèn: < 0,5 giây"
290,BỘ ĐÈN LED TUBE T8 CSBA/20WX1 6500K,T8CSBA/20Wx16500K LED00048276,https://static.rangdongstore.vn/250110027214/2025/01/10/FS_40.36x1_CM1_EH_BACS_2%20(1).jpg?fm=webp&w=500,17,,,,633000,506400.0,,,,No description
291,ĐÈN LED TUBE 1.2M 18W CHIẾU SÁNG BẢNG,CSBA1200/18W LED00012722,https://static.rangdongstore.vn/product/Den-LED/chieu-sang-lop-hoc/CSBA_1200_18W_1.jpg?fm=webp&w=500,17,,,,513000,410000.0,,,,"Nguồn điện danh định: 220V/50Hz | Công suất: 18W | Điện áp có thể hoạt động: 170 - 250 V | Quang thông: 1700 lm | Hiệu suất sáng: 94 lm/W | Hệ số trả màu (CRI): 80.0 | Tuổi thọ đèn: 25.000 giờ | Chu kỳ tắt bật: 50.000 lần | Mức tiêu thụ điện 1000 giờ: 18 kWh | Mức hiệu suất năng lượng: A+ | Chiếu dài: 1200 mm | Chiều rộng: 460 mm | Hàm lượng thủy ngân: 0 mg | Thời gian khởi động của đèn: < 0,5 giây | Nhiệt độ màu ánh sáng: 5000K/6500K | Bê da y: 100 mm"
292,BỘ ĐÈN LED TUBE T8 20W CHIẾU SÁNG LỚP HỌC TT01 CSLH/20WX2,T8TT01CSLH/20Wx2 LED00035535,https://static.rangdongstore.vn/product/Den-LED/chieu-sang-lop-hoc/BD-T8L-TT01_CSLH.jpg?fm=webp&w=500,17,,,,767000,614000.0,,,,No description
293,BỘ ĐÈN LED TUBE T8 20W CHIẾU SÁNG LỚP HỌC TT01 CSLH/20WX1,T8TT01CSLH/20Wx1 LED00036314,https://static.rangdongstore.vn/product/Den-LED/chieu-sang-lop-hoc/BD-T8L-TT01_CSLH.jpg?fm=webp&w=500,17,,,,545000,436000.0,,,,No description
294,BỘ ĐÈN LED CSLH.LS 1200/36W 6500K SS,CSLH.LS1200/36W LED00043986,https://static.rangdongstore.vn/230314010294/2023/03/14/1-CSLH.LS-1200-36W.jpg?fm=webp&w=500,17,,,,1307000,1046000.0,,,,No description
295,ĐÈN LED UFO NLMT UFO01.SL.RF 150W 6500K,UFO01.SL.RF 150W 6500K LED00057861,https://static.rangdongstore.vn/230420010335/2023/04/20/UFO01.SL.RF-150W.jpg?fm=webp&w=500,18,,,,2333000,1633000.0,,,2 năm,"Quang thông danh định: 1500 lm | Nhiệt độ màu danh định: 3000/6500 K | Chỉ số thể hiện màu: > 70 | Chế độ sáng: 5 chế độ sáng để lựa chọn: Auto, 3h, 5h, 8h, dimming | Thời gian chiếu sáng: 12 giờ | Kích thước: 600*350*17 mm | Nhiệt độ hoạt động: (-10 đến 40) oC | Tuổi thọ sản phẩm: 30000h, L70 | LED: SMD 3030 SAMSUNG | Công nghệ: Lithium LiFePO4 | Điện áp danh định: 3.2V | Tuổi thọ danh định: >10 năm | Dung lượng danh định: 20 Ah | Bộ điều khiển (nạp xả): Điều khiển nạp xả thông minh | Tiêu chuẩn áp dụng: TCVN 7722-1/ IEC 60598-1 | Tiêu chuẩn hệ thống quản lý chất lượng: ISO 9001: 2015 | Tiêu chuẩn môi trường: RoHS"
296,ĐÈN LED UFO NLMT ĐỔI MÀU UFO01.SL.RF ĐM 150W,UFO01.SL.RF ĐM 150W LED00057863,https://static.rangdongstore.vn/230420010332/2023/04/20/UFO01.SL.RF-150W.jpg?fm=webp&w=500,18,,,,2484000,1739000.0,,,2 năm,"Quang thông danh định: 1500 lm | Nhiệt độ màu danh định: 3000/4000/6500 K | Chỉ số thể hiện màu: > 70 | Chế độ sáng: 5 chế độ sáng để lựa chọn: Auto, 3h, 5h, 8h, dimming | Thời gian chiếu sáng: 12 giờ | Kích thước: 600*350*17 mm | Nhiệt độ hoạt động: (-10 đến 40) oC | Tuổi thọ sản phẩm: 30000h, L70 | LED: SMD 3030 SAMSUNG | Công nghệ: Lithium LiFePO4 | Điện áp danh định: 3.2V | Tuổi thọ danh định: >10 năm | Dung lượng danh định: 20 Ah | Bộ điều khiển (nạp xả): Điều khiển nạp xả thông minh | Tiêu chuẩn áp dụng: TCVN 7722-1/ IEC 60598-1 | Tiêu chuẩn hệ thống quản lý chất lượng: ISO 9001: 2015 | Tiêu chuẩn môi trường: RoHS"
297,ĐÈN LED ỐP TRẦN NLMT LN01.SL.RF 320/200W 6500K,LN01.SL.RF 320/200W LED00059245,https://static.rangdongstore.vn/231010015013/2023/10/10/LN01.SL.RF-320-200W-1.jpg?fm=webp&w=500,18,,,,2376000,1663200.0,,,,"Chế độ sáng: 5 chế độ sáng ( Auto, hẹn giờ(3h,5h,8h), dimming) | Thời gian chiếu sáng: >12h | Nhiệt độ hoạt động: (-10) - (40) độ C | Công nghệ: Lithium LiFePO4 | Tiêu chuẩn áp dụng: TCVN 7722-1/IEC 60598-2-3 | Tiêu chuẩn hệ thống quản lý chất lượng: ISO 9001: 2015 | Tiêu chuẩn môi trường: ISO 14001: 2015 | Công suất: 20 W | Quang thông: 1200 lm | Nhiệt độ màu: 6.500 K | Chế độ thể hiện màu (CRI): >80 | Thời gian sạc đầy Pin: 4-6 giờ | LED báo sạc: 1 LED (LED nhấp nháy (đang sạc), LED sáng không nháy (đầy Pin)) | Cấp bảo vệ: IP4X | Kích thước đèn: D320x60 mm | Khối tượng đèn: 1.2 kg | Tuổi thọ đèn: 30.000 giờ, L70 | Chiều cao lắp đặt: 3-5m | Điện áp: 3.2 V | Tuổi thọ: >20 | Kích thước (DxRxC)mm: 450x350x17 | Kích thước dây PV: 2x1mm2 - 5.5m | Khối lượng: 1.5 kg | Dung lượng: 15 Ah | Tuổ thọ: >10 năm"
298,ĐÈN LED CÂY XĂNG D CX01L/80W,DCX01L/80W 00000320,https://static.rangdongstore.vn/2204005613/2022/04/11/den-led-cay-xang-d-cx01l-80w-u8r.jpeg?fm=webp&w=500,19,,,,5288000,4230000.0,,,,No description
299,ĐÈN PHA LED 50W CP08,CP08/50W LED00037304,https://static.rangdongstore.vn/product/Den-LED/LED_Chieu_pha/CP08-50W/1.jpg?fm=webp&w=500,20,,,,617000,494000.0,,,,"Nguồn điện danh định: 220V/50-60Hz | Chip LED: Samsung | Cấp bảo vệ: IP65 | Điện áp có thể hoạt động: (150 – 250)V | Dòng điện (Max): 0.6 A | Hệ số công suất: 0,5 | Quang thông: 5500/5500/5000 lm | Hiệu suất sáng: 110/110/100 lm/W | Nhiệt độ màu ánh sáng:  6500K/5000K/3000K | Hệ số trả màu (CRI): 80 | Tuổi thọ đèn: 25.000 giờ | Chu kỳ tắt bật: 50.000 lần | Mức tiêu thụ điện 1000 giờ: 50 kWh | Chiều dài: 248 mm | Chiều rộng: 215 mm | Chiều cao: 62 mm | Hàm lượng thủy ngân: 0 mg | Thời gian khởi động của đèn: < 0,5 giây | Khối lượng: 1,15 kg | Ánh sáng: Ánh sáng trắng 6500K | Góc Chiếu: 90 độ | Công suất: 200W"
300,ĐÈN PHA LED 350W CP09,CP09 350W LED00041423,https://static.rangdongstore.vn/product/Den-LED/LED_Chieu_pha/CP09/CP09-350W.jpg?fm=webp&w=500,20,,,,9288000,7430000.0,,,,Ánh sáng: Ánh sáng trắng 6500K | Góc Chiếu: 90 độ | Công suất: 200W
301,ĐÈN PHA LED 100W CP07,CP07 100W LED00044952,https://static.rangdongstore.vn/product/Den-LED/LED_Chieu_pha/CP07-100W/CP07-100W.jpg?fm=webp&w=500,20,,,,3888000,3110400.0,,,,"Nguồn điện danh định: 220V/50-60Hz | Dòng điện (Max): 1.1 A | Hệ số công suất: 0,95 | Quang thông: 13.500 lm | Hiệu suất sáng: 135 lm/W | Hệ số trả màu (CRI): ≥ 70 | Tuổi thọ đèn: 50.000 giờ | Chu kỳ tắt bật: 50.000 lần | Mức tiêu thụ điện 1000 giờ: 100 kWh | Chiều dài: 347 mm | Chiều rộng: 152 mm | Chiều cao: 75 mm | Hàm lượng thủy ngân: 0 mg | Thời gian khởi động của đèn: < 0,5 giây | Ánh sáng: Ánh sáng trắng 6500K | Góc Chiếu: 90 độ | Vật liệu: Chip LumiLED, vỏ nhôm đúc | Dải điện áp hoạt động: (100-277) V | Nhiệt độ màu: 4000/5000K | Công suất: 200W"
302,ĐÈN PHA LED 100W CP07,CP07 100W LED00048934,https://static.rangdongstore.vn/product/Den-LED/LED_Chieu_pha/CP07-100W/CP07-100W.jpg?fm=webp&w=500,20,,,,3888000,3110000.0,,,,"Nguồn điện danh định: 220V/50-60Hz | Dòng điện (Max): 1.1 A | Hệ số công suất: 0,95 | Quang thông: 13.500 lm | Hiệu suất sáng: 135 lm/W | Hệ số trả màu (CRI): ≥ 70 | Tuổi thọ đèn: 50.000 giờ | Chu kỳ tắt bật: 50.000 lần | Mức tiêu thụ điện 1000 giờ: 100 kWh | Chiều dài: 347 mm | Chiều rộng: 152 mm | Chiều cao: 75 mm | Hàm lượng thủy ngân: 0 mg | Thời gian khởi động của đèn: < 0,5 giây | Ánh sáng: Ánh sáng trắng 6500K | Góc Chiếu: 90 độ | Vật liệu: Chip LumiLED, vỏ nhôm đúc | Dải điện áp hoạt động: (100-277) V | Nhiệt độ màu: 4000/5000K | Công suất: 200W"
303,ĐÈN PHA LED 150W CP07,CP07 150W LED00042926,https://static.rangdongstore.vn/product/Den-LED/LED_Chieu_pha/CP07-150W/CP07-150W.jpg?fm=webp&w=500,20,,,,4968000,3974000.0,,,,"Nguồn điện danh định: 220V/50-60Hz | Dòng điện (Max): 1.7 A | Hệ số công suất: 0,95 | Quang thông: 20.250 lm | Hiệu suất sáng: 135 lm/W | Hệ số trả màu (CRI): ≥ 70 | Tuổi thọ đèn: 50.000 giờ | Chu kỳ tắt bật: 50.000 lần | Mức tiêu thụ điện 1000 giờ: 150 kWh | Chiều dài: 347 mm | Chiều rộng: 232 mm | Chiều cao: 75 mm | Hàm lượng thủy ngân: 0 mg | Thời gian khởi động của đèn: < 0,5 giây | Ánh sáng: Ánh sáng trắng 6500K | Góc Chiếu: 90 độ | Vật liệu: Chip LumiLED, vỏ nhôm đúc | Dải điện áp hoạt động: (100-277) V | Nhiệt độ màu: 4000/5000K | Công suất: 200W"
304,ĐÈN PHA LED 200W CP07,CP07 200W LED00042927,https://static.rangdongstore.vn/product/Den-LED/LED_Chieu_pha/CP07-200W/CP07-200W.jpg?fm=webp&w=500,20,,,,6480000,5184000.0,,,,"Nguồn điện danh định: 220V/50-60Hz | Dòng điện (Max): 2.2 A | Hệ số công suất: 0,95 | Quang thông: 27.000 lm | Hiệu suất sáng: 135 lm/W | Hệ số trả màu (CRI): ≥ 70 | Tuổi thọ đèn: 50.000 giờ | Chu kỳ tắt bật: 50.000 lần | Mức tiêu thụ điện 1000 giờ: 200 kWh | Chiều dài: 347 mm | Chiều rộng: 313 mm | Chiều cao: 75 mm | Hàm lượng thủy ngân: 0 mg | Thời gian khởi động của đèn: < 0,5 giây | Ánh sáng: Ánh sáng trắng 6500K | Góc Chiếu: 90 độ | Vật liệu: Chip LumiLED, vỏ nhôm đúc | Dải điện áp hoạt động: (100-277) V | Nhiệt độ màu: 4000/5000K | Công suất: 200W"
305,ĐÈN PHA LED 200W CP07,CP07 200W LED00042922,https://static.rangdongstore.vn/product/Den-LED/LED_Chieu_pha/CP07-200W/CP07-200W.jpg?fm=webp&w=500,20,,,,6480000,5184000.0,,,,"Nguồn điện danh định: 220V/50-60Hz | Dòng điện (Max): 2.2 A | Hệ số công suất: 0,95 | Quang thông: 27.000 lm | Hiệu suất sáng: 135 lm/W | Hệ số trả màu (CRI): ≥ 70 | Tuổi thọ đèn: 50.000 giờ | Chu kỳ tắt bật: 50.000 lần | Mức tiêu thụ điện 1000 giờ: 200 kWh | Chiều dài: 347 mm | Chiều rộng: 313 mm | Chiều cao: 75 mm | Hàm lượng thủy ngân: 0 mg | Thời gian khởi động của đèn: < 0,5 giây | Ánh sáng: Ánh sáng trắng 6500K | Góc Chiếu: 90 độ | Vật liệu: Chip LumiLED, vỏ nhôm đúc | Dải điện áp hoạt động: (100-277) V | Nhiệt độ màu: 4000/5000K | Công suất: 200W"
306,ĐÈN PHA LED 250W CP07,CP07 250W LED00042962,https://static.rangdongstore.vn/product/Den-LED/LED_Chieu_pha/CP07-250W/CP07-250W.jpg?fm=webp&w=500,20,,,,8640000,6912000.0,,,,"Nguồn điện danh định: 220V/50-60Hz | Dòng điện (Max): 2.8 A | Hệ số công suất: 0,95 | Quang thông: 33.750 lm | Hiệu suất sáng: 135 lm/W | Hệ số trả màu (CRI): ≥ 70 | Tuổi thọ đèn: 50.000 giờ | Chu kỳ tắt bật: 50.000 lần | Mức tiêu thụ điện 1000 giờ: 200 kWh | Chiều dài: 347 mm | Chiều rộng: 394 mm | Chiều cao: 75 mm | Hàm lượng thủy ngân: 0 mg | Thời gian khởi động của đèn: < 0,5 giây | Ánh sáng: Ánh sáng trắng 6500K | Góc Chiếu: 90 độ | Vật liệu: Chip LumiLED, vỏ nhôm đúc | Dải điện áp hoạt động: (100-277) V | Nhiệt độ màu: 4000/5000K | Công suất: 200W"
307,ĐÈN PHA LED 250W CP07,CP07 250W LED00042923,https://static.rangdongstore.vn/product/Den-LED/LED_Chieu_pha/CP07-250W/CP07-250W.jpg?fm=webp&w=500,20,,,,8640000,6912000.0,,,,"Nguồn điện danh định: 220V/50-60Hz | Dòng điện (Max): 2.8 A | Hệ số công suất: 0,95 | Quang thông: 33.750 lm | Hiệu suất sáng: 135 lm/W | Hệ số trả màu (CRI): ≥ 70 | Tuổi thọ đèn: 50.000 giờ | Chu kỳ tắt bật: 50.000 lần | Mức tiêu thụ điện 1000 giờ: 200 kWh | Chiều dài: 347 mm | Chiều rộng: 394 mm | Chiều cao: 75 mm | Hàm lượng thủy ngân: 0 mg | Thời gian khởi động của đèn: < 0,5 giây | Ánh sáng: Ánh sáng trắng 6500K | Góc Chiếu: 90 độ | Vật liệu: Chip LumiLED, vỏ nhôm đúc | Dải điện áp hoạt động: (100-277) V | Nhiệt độ màu: 4000/5000K | Công suất: 200W"
308,ĐÈN PHA LED 250W CP07,CP07 250W LED00042928,https://static.rangdongstore.vn/product/Den-LED/LED_Chieu_pha/CP07-250W/CP07-250W.jpg?fm=webp&w=500,20,,,,8640000,6912000.0,,,,"Nguồn điện danh định: 220V/50-60Hz | Dòng điện (Max): 2.8 A | Hệ số công suất: 0,95 | Quang thông: 33.750 lm | Hiệu suất sáng: 135 lm/W | Hệ số trả màu (CRI): ≥ 70 | Tuổi thọ đèn: 50.000 giờ | Chu kỳ tắt bật: 50.000 lần | Mức tiêu thụ điện 1000 giờ: 200 kWh | Chiều dài: 347 mm | Chiều rộng: 394 mm | Chiều cao: 75 mm | Hàm lượng thủy ngân: 0 mg | Thời gian khởi động của đèn: < 0,5 giây | Ánh sáng: Ánh sáng trắng 6500K | Góc Chiếu: 90 độ | Vật liệu: Chip LumiLED, vỏ nhôm đúc | Dải điện áp hoạt động: (100-277) V | Nhiệt độ màu: 4000/5000K | Công suất: 200W"
309,ĐÈN PHA LED 400W CP07,CP07 400W LED00047611,https://static.rangdongstore.vn/product/Den-LED/LED_Chieu_pha/CP07-400w/CP07-400w.jpg?fm=webp&w=500,20,,,,17928000,14608000.0,,,,"Nguồn điện danh định: 220V/50-60Hz | Hệ số công suất: 0,95 | Quang thông: 54.000 lm | Hiệu suất sáng: 135 lm/W | Hệ số trả màu (CRI): ≥ 70 | Tuổi thọ đèn: 50.000 giờ | Chu kỳ tắt bật: 50.000 lần | Mức tiêu thụ điện 1000 giờ: 400 kWh | Chiều dài: 651 mm | Chiều rộng: 358,2 mm | Chiều cao: 139,3 mm | Hàm lượng thủy ngân: 0 mg | Thời gian khởi động của đèn: < 0,5 giây | Ánh sáng: Ánh sáng trắng 6500K | Góc Chiếu: 90 độ | Vật liệu: Chip LumiLED, vỏ nhôm đúc | Dải điện áp hoạt động: (100-277) V | Nhiệt độ màu: 4000/5000K | Công suất: 200W"
310,ĐÈN PHA LED ĐỔI MÀU 20W CP09.RGB,CP09.RGB 20W LED00046739,https://static.rangdongstore.vn/product/Den-LED/LED_Chieu_pha/CP09/CP09-RGB.jpg?fm=webp&w=500,20,,,,778000,622000.0,,,,Ánh sáng: Ánh sáng trắng 6500K | Góc Chiếu: 90 độ | Công suất: 200W
311,ĐÈN PHA LED 10W CP06,CP06 10W LED00023364,https://static.rangdongstore.vn/product/Den-LED/LED_Chieu_pha/CP06-10W/1.jpg?fm=webp&w=500,20,,,,294000,176000.0,,,,"Nguồn điện danh định: 220V/50-60Hz | Cấp bảo vệ: IP66 | Điện áp có thể hoạt động: 150V – 250V | Dòng điện (Max): 0,14 A | Hệ số công suất: 0,5 | Quang thông: 950 lm | Hiệu suất sáng: 95 lm/W | Nhiệt độ màu ánh sáng: 6500K/4000K/3000K | Hệ số trả màu (CRI): 80 | Tuổi thọ đèn: 30.000 giờ | Chu kỳ tắt bật: 50.000 lần | Mức tiêu thụ điện 1000 giờ: 10 kWh | Chiều dài: 136 mm | Chiều rộng: 116 mm | Chiều cao: 40 mm | Hàm lượng thủy ngân: 0 mg | Thời gian khởi động của đèn: < 0,5 giây | Khối lượng: 5 kg | Ánh sáng: Ánh sáng trắng 6500K | Góc Chiếu: 90 độ | Dạng Chip LED: SMT | Công suất: 200W"
312,ĐÈN PHA LED 20W CP06,CP06 20W LED00023454,https://static.rangdongstore.vn/220602009347/2022/06/02/3.jpg?fm=webp&w=500,20,,,,404000,242000.0,,,,"Nguồn điện danh định: 220V/50Hz | Cấp bảo vệ: IP66 | Điện áp có thể hoạt động: 150V – 250V | Dòng điện (Max): 0,25 A | Hệ số công suất: 0,5 | Quang thông: 1800 lm | Hiệu suất sáng: 90 lm/W | Nhiệt độ màu ánh sáng: 6500K/4000K/3000K | Hệ số trả màu (CRI): 80 | Tuổi thọ đèn: 30.000 giờ | Chu kỳ tắt bật: 50.000 lần | Mức tiêu thụ điện 1000 giờ: 20 kWh | Chiều dài: 136 mm | Chiều rộng: 116 mm | Chiều cao: 40 mm | Hàm lượng thủy ngân: 0 mg | Thời gian khởi động của đèn: < 0,5 giây | Khối lượng: 390 g | Ánh sáng: Ánh sáng trắng 6500K | Góc Chiếu: 90 độ | Dạng Chip LED: SMT | Unnamed: 31: 20W | Công suất: 200W"
313,ĐÈN PHA LED 20W CP06,CP06 20W LED00023453,https://static.rangdongstore.vn/220602009347/2022/06/02/3.jpg?fm=webp&w=500,20,,,,404000,242000.0,,,,"Nguồn điện danh định: 220V/50Hz | Cấp bảo vệ: IP66 | Điện áp có thể hoạt động: 150V – 250V | Dòng điện (Max): 0,25 A | Hệ số công suất: 0,5 | Quang thông: 1800 lm | Hiệu suất sáng: 90 lm/W | Nhiệt độ màu ánh sáng: 6500K/4000K/3000K | Hệ số trả màu (CRI): 80 | Tuổi thọ đèn: 30.000 giờ | Chu kỳ tắt bật: 50.000 lần | Mức tiêu thụ điện 1000 giờ: 20 kWh | Chiều dài: 136 mm | Chiều rộng: 116 mm | Chiều cao: 40 mm | Hàm lượng thủy ngân: 0 mg | Thời gian khởi động của đèn: < 0,5 giây | Khối lượng: 390 g | Ánh sáng: Ánh sáng trắng 6500K | Góc Chiếu: 90 độ | Dạng Chip LED: SMT | Công suất: 200W"
314,ĐÈN PHA LED 30W CP06,CP06 30W LED00025227,https://static.rangdongstore.vn/product/Den-LED/LED_Chieu_pha/CP06-30W/1.jpg?fm=webp&w=500,20,,,,469000,281000.0,,,,"Nguồn điện danh định: 220V/50-60Hz | Cấp bảo vệ: IP66 | Điện áp có thể hoạt động: 150V – 250V | Dòng điện (Max): 0,35 A | Hệ số công suất: 0,5 | Quang thông: 2850 lm | Hiệu suất sáng: 95 lm/W | Nhiệt độ màu ánh sáng: 6500K/4000K/3000K | Hệ số trả màu (CRI): 80 | Tuổi thọ đèn: 30.000 giờ | Chu kỳ tắt bật: 50.000 lần | Mức tiêu thụ điện 1000 giờ: 30 kWh | Chiều dài: 200 mm | Chiều rộng: 180 mm | Chiều cao: 55 mm | Hàm lượng thủy ngân: 0 mg | Thời gian khởi động của đèn: < 0,5 giây | Khối lượng: 940 g | Ánh sáng: Ánh sáng trắng 6500K | Góc Chiếu: 90 độ | Dạng Chip LED: SMT | Công suất: 200W"
315,ĐÈN PHA LED 30W CP06,CP06 30W LED00025220,https://static.rangdongstore.vn/product/Den-LED/LED_Chieu_pha/CP06-30W/1.jpg?fm=webp&w=500,20,,,,469000,281000.0,,,,"Nguồn điện danh định: 220V/50-60Hz | Cấp bảo vệ: IP66 | Điện áp có thể hoạt động: 150V – 250V | Dòng điện (Max): 0,35 A | Hệ số công suất: 0,5 | Quang thông: 2850 lm | Hiệu suất sáng: 95 lm/W | Nhiệt độ màu ánh sáng: 6500K/4000K/3000K | Hệ số trả màu (CRI): 80 | Tuổi thọ đèn: 30.000 giờ | Chu kỳ tắt bật: 50.000 lần | Mức tiêu thụ điện 1000 giờ: 30 kWh | Chiều dài: 200 mm | Chiều rộng: 180 mm | Chiều cao: 55 mm | Hàm lượng thủy ngân: 0 mg | Thời gian khởi động của đèn: < 0,5 giây | Khối lượng: 940 g | Ánh sáng: Ánh sáng trắng 6500K | Góc Chiếu: 90 độ | Dạng Chip LED: SMT | Công suất: 200W"
316,ĐÈN PHA LED 50W CP06,CP06 50W LED00023359,https://static.rangdongstore.vn/product/Den-LED/LED_Chieu_pha/CP06-50W/1.jpg?fm=webp&w=500,20,,,,678000,407000.0,,,,"Nguồn điện danh định: 220V/50Hz | Cấp bảo vệ: IP66 | Điện áp có thể hoạt động: 150V – 250V | Hệ số công suất: 0,5 | Quang thông: 3740 - 4150 lm | Hiệu suất sáng: 75 - 83 lm/W | Nhiệt độ màu ánh sáng: 6500K/4000K/3000K | Hệ số trả màu (CRI): 80 | Tuổi thọ đèn: 30.000 giờ | Chu kỳ tắt bật: 50.000 lần | Mức tiêu thụ điện 1000 giờ: 50 kWh | Chiều dài: 220 mm | Chiều rộng: 197 mm | Chiều cao: 55 mm | Hàm lượng thủy ngân: 0 mg | Thời gian khởi động của đèn: < 0,5 giây | Khối lượng: 1063 g | Ánh sáng: Ánh sáng trắng 6500K | Góc Chiếu: 90 độ | Dạng Chip LED: SMT | Dòng điện danh đi nh đâ u va o: 600 mA | Công suất: 200W"
317,ĐÈN PHA LED 50W CP06,CP06 50W LED00023321,https://static.rangdongstore.vn/product/Den-LED/LED_Chieu_pha/CP06-50W/4.jpg?fm=webp&w=500,20,,,,678000,407000.0,,,,"Nguồn điện danh định: 220V/50Hz | Cấp bảo vệ: IP66 | Điện áp có thể hoạt động: 150V – 250V | Hệ số công suất: 0,5 | Quang thông: 3740 - 4150 lm | Hiệu suất sáng: 75 - 83 lm/W | Nhiệt độ màu ánh sáng: 6500K/4000K/3000K | Hệ số trả màu (CRI): 80 | Tuổi thọ đèn: 30.000 giờ | Chu kỳ tắt bật: 50.000 lần | Mức tiêu thụ điện 1000 giờ: 50 kWh | Chiều dài: 220 mm | Chiều rộng: 197 mm | Chiều cao: 55 mm | Hàm lượng thủy ngân: 0 mg | Thời gian khởi động của đèn: < 0,5 giây | Khối lượng: 1063 g | Ánh sáng: Ánh sáng trắng 6500K | Góc Chiếu: 90 độ | Dạng Chip LED: SMT | Dòng điện danh đi nh đâ u va o: 600 mA | Công suất: 200W"
318,ĐÈN PHA LED 70W CP06,CP06 70W LED00023149,https://static.rangdongstore.vn/product/Den-LED/LED_Chieu_pha/CP06-70W/2-CP06-70W.jpg?fm=webp&w=500,20,,,,1406000,844000.0,,,,"Nguồn điện danh định: 220V/50Hz | Cấp bảo vệ: IP66 | Điện áp có thể hoạt động: 150V – 250V | Dòng điện (Max): 510 mA | Hệ số công suất: 0,9 | Quang thông: 6300 lm | Hiệu suất sáng: 90 lm/W | Nhiệt độ màu ánh sáng:  6500K/5000K/3000K | Hệ số trả màu (CRI): 80 | Tuổi thọ đèn: 20.000 giờ | Chu kỳ tắt bật: 50.000 lần | Mức tiêu thụ điện 1000 giờ: 70 kWh | Chiều dài: 265 mm | Chiều rộng: 220 mm | Chiều cao: 65 mm | Hàm lượng thủy ngân: 0 mg | Thời gian khởi động của đèn: < 0,5 giây | Khối lượng: 1,7 kg | Ánh sáng: Ánh sáng trắng 6500K | Góc Chiếu: 90 độ | Dạng Chip LED: SMT | Công suất: 200W"
319,ĐÈN PHA LED 70W CP06,CP06 70W LED00023147,https://static.rangdongstore.vn/product/Den-LED/LED_Chieu_pha/CP06-70W/2-CP06-70W.jpg?fm=webp&w=500,20,,,,1406000,844000.0,,,,"Nguồn điện danh định: 220V/50Hz | Cấp bảo vệ: IP66 | Điện áp có thể hoạt động: 150V – 250V | Dòng điện (Max): 510 mA | Hệ số công suất: 0,9 | Quang thông: 6300 lm | Hiệu suất sáng: 90 lm/W | Nhiệt độ màu ánh sáng:  6500K/5000K/3000K | Hệ số trả màu (CRI): 80 | Tuổi thọ đèn: 20.000 giờ | Chu kỳ tắt bật: 50.000 lần | Mức tiêu thụ điện 1000 giờ: 70 kWh | Chiều dài: 265 mm | Chiều rộng: 220 mm | Chiều cao: 65 mm | Hàm lượng thủy ngân: 0 mg | Thời gian khởi động của đèn: < 0,5 giây | Khối lượng: 1,7 kg | Ánh sáng: Ánh sáng trắng 6500K | Góc Chiếu: 90 độ | Dạng Chip LED: SMT | Công suất: 200W"
320,ĐÈN PHA LED 100W CP06,CP06 100W LED00023159,https://static.rangdongstore.vn/product/Den-LED/LED_Chieu_pha/CP06-100W/1.jpg?fm=webp&w=500,20,,,,1950000,1170000.0,,,,"Nguồn điện danh định: 220V/50Hz | Cấp bảo vệ: IP66 | Điện áp có thể hoạt động: 150V – 250V | Dòng điện (Max): 650 mA | Hệ số công suất: 0,9 | Quang thông: 9500 lm | Hiệu suất sáng: 95 lm/W | Nhiệt độ màu ánh sáng: 6500K/5000K/3000K | Hệ số trả màu (CRI): 80 | Tuổi thọ đèn: 20.000 giờ | Chu kỳ tắt bật: 50.000 lần | Mức tiêu thụ điện 1000 giờ: 100 kWh | Chiều rộng: 282 mm | Chiều cao: 78 mm | Hàm lượng thủy ngân: 0 mg | Thời gian khởi động của đèn: < 0,5 giây | Khối lượng: 3,0 kg | Ánh sáng: Ánh sáng trắng 6500K | Góc Chiếu: 90 độ | Dạng Chip LED: SMT | Chiếu dài: 328 mm | Công suất: 200W"
321,ĐÈN PHA LED 150W CP06,CP06 150W LED00023891,https://static.rangdongstore.vn/product/Den-LED/LED_Chieu_pha/CP06-150W/1.jpg?fm=webp&w=500,20,,,,2758000,1655000.0,,,,"Nguồn điện danh định: 220V/50Hz | Cấp bảo vệ: IP66 | Điện áp có thể hoạt động: 150V – 250V | Dòng điện (Max): 1,1 A | Hệ số công suất: 0,9 | Quang thông: 13500 lm | Hiệu suất sáng: 90 lm/W | Nhiệt độ màu ánh sáng: 6500K/5000K/3000K | Hệ số trả màu (CRI): 80 | Tuổi thọ đèn: 20.000 giờ | Chu kỳ tắt bật: 50.000 lần | Mức tiêu thụ điện 1000 giờ: 150 kWh | Chiều dài: 405 mm | Chiều rộng: 335 mm | Chiều cao: 85 mm | Hàm lượng thủy ngân: 0 mg | Thời gian khởi động của đèn: < 0,5 giây | Khối lượng: 4,7 kg | Ánh sáng: Ánh sáng trắng 6500K | Góc Chiếu: 90 độ | Dạng Chip LED: SMT | Công suất: 200W"
322,ĐÈN PHA LED 150W CP06,CP06 150W LED00023889,https://static.rangdongstore.vn/product/Den-LED/LED_Chieu_pha/CP06-150W/1.jpg?fm=webp&w=500,20,,,,2758000,1655000.0,,,,"Nguồn điện danh định: 220V/50Hz | Cấp bảo vệ: IP66 | Điện áp có thể hoạt động: 150V – 250V | Dòng điện (Max): 1,1 A | Hệ số công suất: 0,9 | Quang thông: 13500 lm | Hiệu suất sáng: 90 lm/W | Nhiệt độ màu ánh sáng: 6500K/5000K/3000K | Hệ số trả màu (CRI): 80 | Tuổi thọ đèn: 20.000 giờ | Chu kỳ tắt bật: 50.000 lần | Mức tiêu thụ điện 1000 giờ: 150 kWh | Chiều dài: 405 mm | Chiều rộng: 335 mm | Chiều cao: 85 mm | Hàm lượng thủy ngân: 0 mg | Thời gian khởi động của đèn: < 0,5 giây | Khối lượng: 4,7 kg | Ánh sáng: Ánh sáng trắng 6500K | Góc Chiếu: 90 độ | Dạng Chip LED: SMT | Công suất: 200W"
323,ĐÈN PHA LED 200W CP06,CP06 200W LED00024037,https://static.rangdongstore.vn/product/Den-LED/LED_Chieu_pha/CP06/CP06-200W.jpg?fm=webp&w=500,20,,,,4350000,2610000.0,,,,"Nguồn điện danh định: 220V/50Hz | Cấp bảo vệ: IP66 | Điện áp có thể hoạt động: 150V – 250V | Dòng điện (Max): 1,3 A | Hệ số công suất: 0,9 | Quang thông: 20000 lm | Hiệu suất sáng: 100 lm/W | Nhiệt độ màu ánh sáng: 6500K/5000K/3000K | Hệ số trả màu (CRI): 80 | Tuổi thọ đèn: 20.000 giờ | Chu kỳ tắt bật: 50.000 lần | Mức tiêu thụ điện 1000 giờ: 150 kWh | Chiều dài: 406 mm | Chiều rộng: 377 mm | Chiều cao: 97 mm | Hàm lượng thủy ngân: 0 mg | Thời gian khởi động của đèn: < 0,5 giây | Khối lượng: 5 kg | Ánh sáng: Ánh sáng trắng 6500K | Góc Chiếu: 90 độ | Dạng Chip LED: SMT | Công suất: 200W"
324,ĐÈN PHA LED 200W CP06,CP06 200W LED00024035,https://static.rangdongstore.vn/product/Den-LED/LED_Chieu_pha/CP06/CP06-200W.jpg?fm=webp&w=500,20,,,,4350000,2610000.0,,,,"Nguồn điện danh định: 220V/50Hz | Cấp bảo vệ: IP66 | Điện áp có thể hoạt động: 150V – 250V | Dòng điện (Max): 1,3 A | Hệ số công suất: 0,9 | Quang thông: 20000 lm | Hiệu suất sáng: 100 lm/W | Nhiệt độ màu ánh sáng: 6500K/5000K/3000K | Hệ số trả màu (CRI): 80 | Tuổi thọ đèn: 20.000 giờ | Chu kỳ tắt bật: 50.000 lần | Mức tiêu thụ điện 1000 giờ: 150 kWh | Chiều dài: 406 mm | Chiều rộng: 377 mm | Chiều cao: 97 mm | Hàm lượng thủy ngân: 0 mg | Thời gian khởi động của đèn: < 0,5 giây | Khối lượng: 5 kg | Ánh sáng: Ánh sáng trắng 6500K | Góc Chiếu: 90 độ | Dạng Chip LED: SMT | Công suất: 200W"
325,ĐÈN LED CHIẾU PHA CP07 300W,CP07 300W LED00047639,https://static.rangdongstore.vn/250225027719/2025/02/25/CP07-300W-1.jpg?fm=webp&w=500,20,,,,11880000,9504000.0,,,,"Nguồn điện danh định: 220V/50-60Hz | Hệ số công suất: 0,95 | Quang thông: 40.500 lm | Hiệu suất sáng: 135 lm/W | Hệ số trả màu (CRI): ≥ 70 | Tuổi thọ đèn: 50.000 giờ | Chu kỳ tắt bật: 50.000 lần | Mức tiêu thụ điện 1000 giờ: 300 kWh | Chiều dài: 278.4 mm | Chiều rộng: 345 mm | Chiều cao: 155 mm | Hàm lượng thủy ngân: 0 mg | Thời gian khởi động của đèn: < 0,5 giây | Ánh sáng: Ánh sáng trắng 6500K | Góc Chiếu: 90 độ | Vật liệu: Chip LumiLED, vỏ nhôm đúc | Dải điện áp hoạt động: (100-277) V | Nhiệt độ màu: 4000/5000K | Công suất: 300 W"
326,ĐÈN LED CHIẾU PHA CP07 300W,CP07 300W LED00047590,https://static.rangdongstore.vn/250225027719/2025/02/25/CP07-300W-1.jpg?fm=webp&w=500,20,,,,11880000,9504000.0,,,,"Nguồn điện danh định: 220V/50-60Hz | Hệ số công suất: 0,95 | Quang thông: 40.500 lm | Hiệu suất sáng: 135 lm/W | Hệ số trả màu (CRI): ≥ 70 | Tuổi thọ đèn: 50.000 giờ | Chu kỳ tắt bật: 50.000 lần | Mức tiêu thụ điện 1000 giờ: 300 kWh | Chiều dài: 278.4 mm | Chiều rộng: 345 mm | Chiều cao: 155 mm | Hàm lượng thủy ngân: 0 mg | Thời gian khởi động của đèn: < 0,5 giây | Ánh sáng: Ánh sáng trắng 6500K | Góc Chiếu: 90 độ | Vật liệu: Chip LumiLED, vỏ nhôm đúc | Dải điện áp hoạt động: (100-277) V | Nhiệt độ màu: 4000/5000K | Công suất: 300 W"
327,ĐÈN LED CHIẾU PHA CP07 300W,CP07 300W LED00047590,https://static.rangdongstore.vn/250225027719/2025/02/25/CP07-300W-1.jpg?fm=webp&w=500,20,,,,11880000,9504000.0,,,,"Nguồn điện danh định: 220V/50-60Hz | Hệ số công suất: 0,95 | Quang thông: 40.500 lm | Hiệu suất sáng: 135 lm/W | Hệ số trả màu (CRI): ≥ 70 | Tuổi thọ đèn: 50.000 giờ | Chu kỳ tắt bật: 50.000 lần | Mức tiêu thụ điện 1000 giờ: 300 kWh | Chiều dài: 278.4 mm | Chiều rộng: 345 mm | Chiều cao: 155 mm | Hàm lượng thủy ngân: 0 mg | Thời gian khởi động của đèn: < 0,5 giây | Ánh sáng: Ánh sáng trắng 6500K | Vật liệu: Chip LumiLED, vỏ nhôm đúc | Dải điện áp hoạt động: (100-277) V | Nhiệt độ màu: 4000/5000K | Công suất: 300 W"
328,ĐÈN LED CHIẾU PHA CP07 500W 4000K (60 ĐỘ),CP07 500W LED00057552,https://static.rangdongstore.vn/250225027718/2025/02/25/CP07-400w.jpg?fm=webp&w=500,20,,,,20520000,16416000.0,,,,"Nguồn điện danh định: 220V/50-60Hz | Dòng điện (Max): 1.1 A | Hệ số công suất: 0,95 | Quang thông: 13.500 lm | Hiệu suất sáng: 135 lm/W | Hệ số trả màu (CRI): ≥ 70 | Tuổi thọ đèn: 50.000 giờ | Chu kỳ tắt bật: 50.000 lần | Mức tiêu thụ điện 1000 giờ: 100 kWh | Chiều dài: 347 mm | Chiều rộng: 152 mm | Chiều cao: 75 mm | Hàm lượng thủy ngân: 0 mg | Thời gian khởi động của đèn: < 0,5 giây | Ánh sáng: Ánh sáng trắng 6500K | Vật liệu: Chip LumiLED, vỏ nhôm đúc | Dải điện áp hoạt động: (100-277) V | Nhiệt độ màu: 4000/5000K | Công suất: 100 W"
329,ĐÈN LED CHIẾU PHA CP10 100W 6500K SS,CP10 100W LED00065176,https://static.rangdongstore.vn/230905014449/2023/09/05/CP10-100W-1.jpg?fm=webp&w=500,20,,,,1166000,700000.0,,,,"Nguồn điện danh định: 220V/50-60Hz | Cấp bảo vệ: IP66 | Điện áp có thể hoạt động: 170V – 250V | Dòng điện (Max): 760 mA | Hệ số công suất: 0,5 | Quang thông: 9500 lm | Hiệu suất sáng: 95 lm/W | Nhiệt độ màu ánh sáng: 6500K/4000K/3000K | Hệ số trả màu (CRI): 80 | Tuổi thọ đèn: 25.000 giờ | Chu kỳ tắt bật: 50.000 lần | Mức tiêu thụ điện 1000 giờ: 100 kWh | Chiều rộng: 208 mm | Chiều cao: 40 mm | Hàm lượng thủy ngân: 0 mg | Thời gian khởi động của đèn: < 0,5 giây | Khối lượng: 1,344 kg | Ánh sáng: Ánh sáng trắng 6500K | Chiếu dài: 275 mm | Công suất: 100W"
330,ĐÈN LED CHIẾU PHA CP10 100W 6500K SS,CP10 100W LED00059906,https://static.rangdongstore.vn/230905014449/2023/09/05/CP10-100W-1.jpg?fm=webp&w=500,20,,,,1166000,700000.0,,,,"Nguồn điện danh định: 220V/50-60Hz | Cấp bảo vệ: IP66 | Điện áp có thể hoạt động: 170V – 250V | Dòng điện (Max): 760 mA | Hệ số công suất: 0,5 | Quang thông: 9500 lm | Hiệu suất sáng: 95 lm/W | Nhiệt độ màu ánh sáng: 6500K/4000K/3000K | Hệ số trả màu (CRI): 80 | Tuổi thọ đèn: 25.000 giờ | Chu kỳ tắt bật: 50.000 lần | Mức tiêu thụ điện 1000 giờ: 100 kWh | Chiều rộng: 208 mm | Chiều cao: 40 mm | Hàm lượng thủy ngân: 0 mg | Thời gian khởi động của đèn: < 0,5 giây | Khối lượng: 1,344 kg | Ánh sáng: Ánh sáng trắng 6500K | Chiếu dài: 275 mm | Công suất: 100W"
331,ĐÈN LED CHIẾU PHA CP10 50W 6500K SS,CP10 50W LED00065172,https://static.rangdongstore.vn/230905014448/2023/09/05/CP10-50W-6.jpg?fm=webp&w=500,20,,,,475000,285000.0,,,,"Nguồn điện danh định: 220V/50-60Hz | Cấp bảo vệ: IP66 | Điện áp có thể hoạt động: 170V – 250V | Dòng điện (Max): 420 mA | Hệ số công suất: 0,5 | Quang thông: 4500 lm | Hiệu suất sáng: 90 lm/W | Nhiệt độ màu ánh sáng: 6500K/4000K/3000K | Hệ số trả màu (CRI): 80 | Tuổi thọ đèn: 25.000 giờ | Chu kỳ tắt bật: 50.000 lần | Mức tiêu thụ điện 1000 giờ: 50 kWh | Chiều rộng: 144 mm | Chiều cao: 38 mm | Hàm lượng thủy ngân: 0 mg | Thời gian khởi động của đèn: < 0,5 giây | Khối lượng: 0,68 kg | Ánh sáng: Ánh sáng trắng 6500K | Chiếu dài: 213 mm | Công suất: 50W"
332,ĐÈN LED CHIẾU PHA CP10 50W 6500K SS,CP10 50W LED00059905,https://static.rangdongstore.vn/230905014448/2023/09/05/CP10-50W-6.jpg?fm=webp&w=500,20,,,,475000,285000.0,,,,"Nguồn điện danh định: 220V/50-60Hz | Cấp bảo vệ: IP66 | Điện áp có thể hoạt động: 170V – 250V | Dòng điện (Max): 420 mA | Hệ số công suất: 0,5 | Quang thông: 4500 lm | Hiệu suất sáng: 90 lm/W | Nhiệt độ màu ánh sáng: 6500K/4000K/3000K | Hệ số trả màu (CRI): 80 | Tuổi thọ đèn: 25.000 giờ | Chu kỳ tắt bật: 50.000 lần | Mức tiêu thụ điện 1000 giờ: 50 kWh | Chiều rộng: 144 mm | Chiều cao: 38 mm | Hàm lượng thủy ngân: 0 mg | Thời gian khởi động của đèn: < 0,5 giây | Khối lượng: 0,68 kg | Ánh sáng: Ánh sáng trắng 6500K | Chiếu dài: 213 mm | Công suất: 50W"
333,ĐÈN LED CHIẾU PHA CP10 30W 6500K SS,CP10 30W LED00065170,https://static.rangdongstore.vn/230905014442/2023/09/05/CP%2010%2030W.jpg?fm=webp&w=500,20,,,,346000,208000.0,,,,"Nguồn điện danh định: 220V/50-60Hz | Cấp bảo vệ: IP66 | Điện áp có thể hoạt động: 170V – 250V | Dòng điện (Max): 210 mA | Hệ số công suất: 0,5 | Quang thông: 2850 lm | Hiệu suất sáng: 95 lm/W | Nhiệt độ màu ánh sáng: 6500K/4000K/3000K | Hệ số trả màu (CRI): 80 | Tuổi thọ đèn: 25.000 giờ | Chu kỳ tắt bật: 50.000 lần | Mức tiêu thụ điện 1000 giờ: 30 kWh | Chiều rộng: 129 mm | Chiều cao: 36 mm | Hàm lượng thủy ngân: 0 mg | Thời gian khởi động của đèn: < 0,5 giây | Khối lượng: 0,492 kg | Ánh sáng: Ánh sáng trắng 6500K | Chiếu dài: 175 mm | Công suất: 30W"
334,ĐÈN LED CHIẾU PHA CP10 30W 6500K SS,CP10 30W LED00059904,https://static.rangdongstore.vn/230905014442/2023/09/05/CP%2010%2030W.jpg?fm=webp&w=500,20,,,,346000,208000.0,,,,"Nguồn điện danh định: 220V/50-60Hz | Cấp bảo vệ: IP66 | Điện áp có thể hoạt động: 170V – 250V | Dòng điện (Max): 210 mA | Hệ số công suất: 0,5 | Quang thông: 2850 lm | Hiệu suất sáng: 95 lm/W | Nhiệt độ màu ánh sáng: 6500K/4000K/3000K | Hệ số trả màu (CRI): 80 | Tuổi thọ đèn: 25.000 giờ | Chu kỳ tắt bật: 50.000 lần | Mức tiêu thụ điện 1000 giờ: 30 kWh | Chiều rộng: 129 mm | Chiều cao: 36 mm | Hàm lượng thủy ngân: 0 mg | Thời gian khởi động của đèn: < 0,5 giây | Khối lượng: 0,492 kg | Ánh sáng: Ánh sáng trắng 6500K | Chiếu dài: 175 mm | Công suất: 30W"
335,ĐÈN LED CHIẾU PHA CP10 70W 6500K SS,CP10 70W LED00065174,https://static.rangdongstore.vn/231118015750/2023/11/18/CP10-70W-1.jpg?fm=webp&w=500,20,,,,842000,505000.0,,,,"Nguồn điện danh định: 220V/50-60Hz | Cấp bảo vệ: IP66 | Điện áp có thể hoạt động: 180V – 240V | Dòng điện (Max): 700 mA | Hệ số công suất: 0,5 | Quang thông: 6650 lm | Hiệu suất sáng: 95 lm/W | Nhiệt độ màu ánh sáng: 6500K/4000K/3000K | Hệ số trả màu (CRI): 80 | Tuổi thọ đèn: 25.000 giờ | Chu kỳ tắt bật: 50.000 lần | Mức tiêu thụ điện 1000 giờ: 70 kWh | Chiều rộng: 190 mm | Chiều cao: 40 mm | Hàm lượng thủy ngân: 0 mg | Thời gian khởi động của đèn: < 0,5 giây | Khối lượng: 0,9 kg | Ánh sáng: Ánh sáng trắng 6500K | Chiếu dài: 240 mm | Công suất: 70W"
336,ĐÈN LED CHIẾU PHA CP10 70W 6500K SS,CP10 70W LED00062075,https://static.rangdongstore.vn/231118015750/2023/11/18/CP10-70W-1.jpg?fm=webp&w=500,20,,,,842000,505000.0,,,,"Nguồn điện danh định: 220V/50-60Hz | Cấp bảo vệ: IP66 | Điện áp có thể hoạt động: 180V – 240V | Dòng điện (Max): 700 mA | Hệ số công suất: 0,5 | Quang thông: 6650 lm | Hiệu suất sáng: 95 lm/W | Nhiệt độ màu ánh sáng: 6500K/4000K/3000K | Hệ số trả màu (CRI): 80 | Tuổi thọ đèn: 25.000 giờ | Chu kỳ tắt bật: 50.000 lần | Mức tiêu thụ điện 1000 giờ: 70 kWh | Chiều rộng: 190 mm | Chiều cao: 40 mm | Hàm lượng thủy ngân: 0 mg | Thời gian khởi động của đèn: < 0,5 giây | Khối lượng: 0,9 kg | Ánh sáng: Ánh sáng trắng 6500K | Chiếu dài: 240 mm | Công suất: 70W"
337,ĐÈN LED CHIẾU PHA CP10 10W 6500K SS,CP10 10W LED00070122,https://static.rangdongstore.vn/240321017433/2024/03/21/CP10-10w-1.jpg?fm=webp&w=500,20,,,,216000,130000.0,,,,"Nguồn điện danh định: 220V/50-60Hz | Cấp bảo vệ: IP66 | Điện áp có thể hoạt động: 180V – 240V | Dòng điện (Max): 0.1 A | Hệ số công suất: 0,5 | Quang thông: 950 lm | Hiệu suất sáng: 95 lm/W | Nhiệt độ màu ánh sáng: 6500K/4000K/3000K | Hệ số trả màu (CRI): 80 | Tuổi thọ đèn: 25.000 giờ | Chiều rộng: 94 mm | Chiều cao: 30 mm | Khối lượng: 0,176 kg | Ánh sáng: Ánh sáng trắng 6500K | Chiếu dài: 110 mm | Công suất: 10W"
338,ĐÈN LED CHIẾU PHA CP10 10W 6500K SS,CP10 10W LED00064680,https://static.rangdongstore.vn/240321017433/2024/03/21/CP10-10w-1.jpg?fm=webp&w=500,20,,,,216000,130000.0,,,,"Nguồn điện danh định: 220V/50-60Hz | Cấp bảo vệ: IP66 | Điện áp có thể hoạt động: 180V – 240V | Dòng điện (Max): 0.1 A | Hệ số công suất: 0,5 | Quang thông: 950 lm | Hiệu suất sáng: 95 lm/W | Nhiệt độ màu ánh sáng: 6500K/4000K/3000K | Hệ số trả màu (CRI): 80 | Tuổi thọ đèn: 25.000 giờ | Chiều rộng: 94 mm | Chiều cao: 30 mm | Khối lượng: 0,176 kg | Ánh sáng: Ánh sáng trắng 6500K | Chiếu dài: 110 mm | Công suất: 10W"
339,ĐÈN LED CHIẾU PHA CP10 20W 6500K SS,CP10 20W LED00070123,https://static.rangdongstore.vn/240321017434/2024/03/21/CP10-20W-2.jpg?fm=webp&w=500,20,,,,270000,162000.0,,,,"Nguồn điện danh định: 220V/50-60Hz | Cấp bảo vệ: IP66 | Điện áp có thể hoạt động: 180V – 240V | Dòng điện (Max): 0.2 A | Hệ số công suất: 0,5 | Quang thông: 1900 lm | Hiệu suất sáng: 95 lm/W | Nhiệt độ màu ánh sáng: 6500K/4000K/3000K | Hệ số trả màu (CRI): 80 | Tuổi thọ đèn: 25.000 giờ | Chiều rộng: 110 mm | Chiều cao: 32 mm | Khối lượng: 0,243 kg | Ánh sáng: Ánh sáng trắng 6500K | Chiếu dài: 129.6 mm | Công suất: 20W"
340,ĐÈN LED CHIẾU PHA CP10 20W 6500K SS,CP10 20W LED00064681,https://static.rangdongstore.vn/240321017434/2024/03/21/CP10-20W-2.jpg?fm=webp&w=500,20,,,,270000,162000.0,,,,"Nguồn điện danh định: 220V/50-60Hz | Cấp bảo vệ: IP66 | Điện áp có thể hoạt động: 180V – 240V | Dòng điện (Max): 0.2 A | Hệ số công suất: 0,5 | Quang thông: 1900 lm | Hiệu suất sáng: 95 lm/W | Nhiệt độ màu ánh sáng: 6500K/4000K/3000K | Hệ số trả màu (CRI): 80 | Tuổi thọ đèn: 25.000 giờ | Chiều rộng: 110 mm | Chiều cao: 32 mm | Khối lượng: 0,243 kg | Chiếu dài: 129.6 mm | Công suất: 20W"
341,ĐÈN LED CHIẾU PHA CP10 150W 6500K,CP10 150W LED00067054,https://static.rangdongstore.vn/240626019258/2024/06/26/CP10-150W-1.jpg?fm=webp&w=500,20,,,,1879000,1127000.0,,,,"Nguồn điện danh định: 220V/50-60Hz | Cấp bảo vệ: IP66 | Điện áp có thể hoạt động: 180V – 240V | Dòng điện (Max): 1.9 A | Hệ số công suất: 0,5 | Quang thông: 14250 lm | Hiệu suất sáng: 95 lm/W | Nhiệt độ màu ánh sáng: 6500K/4000K/3000K | Hệ số trả màu (CRI): 80 | Tuổi thọ đèn: 25.000 giờ | Chiều rộng: 230 mm | Chiều cao: 50 mm | Khối lượng: 1,1 kg | Chiếu dài: 360 mm | Công suất: 150W"
342,ĐÈN LED CHIẾU PHA CP10 200W 6500K,CP10 200W LED00067055,https://static.rangdongstore.vn/240626019257/2024/06/26/CP10-200W-1.jpg?fm=webp&w=500,20,,,,2808000,1685000.0,,,,"Nguồn điện danh định: 220V/50-60Hz | Cấp bảo vệ: IP66 | Điện áp có thể hoạt động: 180V – 240V | Dòng điện (Max): 2.6 A | Hệ số công suất: 0,5 | Quang thông: 19000 lm | Hiệu suất sáng: 95 lm/W | Nhiệt độ màu ánh sáng: 6500K/4000K/3000K | Hệ số trả màu (CRI): 80 | Tuổi thọ đèn: 25.000 giờ | Chiều rộng: 288 mm | Chiều cao: 50 mm | Khối lượng: 1,45 kg | Chiếu dài: 405 mm | Công suất: 200W"
343,ĐÈN ĐƯỜNG LED 30W CSD05,CSD05 30W LED00025219,https://static.rangdongstore.vn/product/Den-LED/Chieu-sang-duong/CSD05-30W/1.jpg?fm=webp&w=500,21,,,,281000,197000.0,,,,"Công suất: 30W | Nguồn điện danh định: 220V/50Hz | Dạng Chip LED: SMT | Chỉ số bảo vệ: IP 40 | Dimming: Non-Dimmable | Điện áp có thể hoạt động: 150V – 250V | Dòng điện (Max): 150 mA | Hệ số công suất: 0,5 | Quang thông: 3000 lm | Hiệu suất sáng: 100 lm/W | Nhiệt độ màu ánh sáng: 5000K | Hệ số trả màu (CRI): 83 | Tuổi thọ đèn: 20000 giờ | Chu kỳ tắt bật: 50.000 lần | Mức tiêu thụ điện 1000 giờ: 30 kWh | Chiếu dài: 243 mm | Đường kính: 55 mm | Unnamed: 23:   | Hàm lượng thủy ngân: 0 mg | Thời gian khởi động của đèn: < 0,5 giây | Khối lượng: 280 g | Ánh sáng: Ánh sáng trung tính 5000K | Nhiệt độ màu: 5000K"
344,ĐÈN ĐƯỜNG LED 100W CSD05,CSD05 100W LED00025153,https://static.rangdongstore.vn/product/Den-LED/Chieu-sang-duong/CSD05-100W/1.jpg?fm=webp&w=500,21,,,,6696000,,,,,"Công suất: 100W | Nguồn điện danh định: 220V/50Hz | Dạng Chip LED: SMT | Chỉ số bảo vệ: IP 66; IK 08 | Dimming: 5 cấp công suất | Điện áp có thể hoạt động: 100V – 277V | Dòng điện (Max): 110 mA | Hệ số công suất: 0,95 | Quang thông: 13500 lm | Hiệu suất sáng: 150 lm/W | Nhiệt độ màu ánh sáng:  5000K/4000K | Hệ số trả màu (CRI): >70 | Tuổi thọ đèn:  50.000 giờ | Chu kỳ tắt bật: 50.000 lần | Mức tiêu thụ điện 1000 giờ: 100 kWh | Chiếu dài: 702 mm | Hàm lượng thủy ngân: 0 mg | Thời gian khởi động của đèn: < 0,5 giây | Khối lượng: 7,5 kg | Chiều rộng: 316 mm | Chiều cao: 90 mm | Ánh sáng: Ánh sáng trung tính 5000K | Nhiệt độ màu: 5000K"
345,ĐÈN ĐƯỜNG LED 100W CSD05,CSD05 100W LED00025146,https://static.rangdongstore.vn/product/Den-LED/Chieu-sang-duong/CSD05-100W/1.jpg?fm=webp&w=500,21,,,,6696000,,,,,"Công suất: 100W | Nguồn điện danh định: 220V/50Hz | Dạng Chip LED: SMT | Chỉ số bảo vệ: IP 66; IK 08 | Dimming: 5 cấp công suất | Điện áp có thể hoạt động: 100V – 277V | Dòng điện (Max): 110 mA | Hệ số công suất: 0,95 | Quang thông: 13500 lm | Hiệu suất sáng: 150 lm/W | Nhiệt độ màu ánh sáng:  5000K/4000K | Hệ số trả màu (CRI): >70 | Tuổi thọ đèn:  50.000 giờ | Chu kỳ tắt bật: 50.000 lần | Mức tiêu thụ điện 1000 giờ: 100 kWh | Chiếu dài: 702 mm | Hàm lượng thủy ngân: 0 mg | Thời gian khởi động của đèn: < 0,5 giây | Khối lượng: 7,5 kg | Chiều rộng: 316 mm | Chiều cao: 90 mm | Ánh sáng: Ánh sáng trung tính 5000K | Nhiệt độ màu: 5000K"
346,ĐÈN ĐƯỜNG LED 120W CSD05,CSD05 120W LED00025152,https://static.rangdongstore.vn/product/Den-LED/Chieu-sang-duong/CSD05-120W/1-CSD05L-120.jpg?fm=webp&w=500,21,,,,7020000,,,,,"Công suất: 120W | Nguồn điện danh định: 220V/50Hz | Dạng Chip LED: SMT | Chỉ số bảo vệ: IP 66; IK 08 | Dimming: 5 cấp công suất | Điện áp có thể hoạt động: 100V – 277V | Dòng điện (Max): 120 mA | Hệ số công suất: 0,95 | Quang thông: 17400 lm | Hiệu suất sáng: 145 lm/W | Nhiệt độ màu ánh sáng:  5000K/4000K | Hệ số trả màu (CRI): >70 | Tuổi thọ đèn:  50.000 giờ | Chu kỳ tắt bật: 50.000 lần | Mức tiêu thụ điện 1000 giờ: 120 kWh | Chiếu dài: 702 mm | Hàm lượng thủy ngân: 0 mg | Thời gian khởi động của đèn: < 0,5 giây | Khối lượng: 7,5 kg | Chiều rộng: 316 mm | Chiều cao: 90 mm | Ánh sáng: Ánh sáng trung tính 5000K | Nhiệt độ màu: 5000K"
347,ĐÈN ĐƯỜNG LED 120W CSD05,CSD05 120W LED00025149,https://static.rangdongstore.vn/product/Den-LED/Chieu-sang-duong/CSD05-120W/1-CSD05L-120.jpg?fm=webp&w=500,21,,,,7020000,,,,,"Công suất: 120W | Nguồn điện danh định: 220V/50Hz | Dạng Chip LED: SMT | Chỉ số bảo vệ: IP 66; IK 08 | Dimming: 5 cấp công suất | Điện áp có thể hoạt động: 100V – 277V | Dòng điện (Max): 120 mA | Hệ số công suất: 0,95 | Quang thông: 17400 lm | Hiệu suất sáng: 145 lm/W | Nhiệt độ màu ánh sáng:  5000K/4000K | Hệ số trả màu (CRI): >70 | Tuổi thọ đèn:  50.000 giờ | Chu kỳ tắt bật: 50.000 lần | Mức tiêu thụ điện 1000 giờ: 120 kWh | Chiếu dài: 702 mm | Hàm lượng thủy ngân: 0 mg | Thời gian khởi động của đèn: < 0,5 giây | Khối lượng: 7,5 kg | Chiều rộng: 316 mm | Chiều cao: 90 mm | Ánh sáng: Ánh sáng trung tính 5000K | Nhiệt độ màu: 5000K"
348,ĐÈN ĐƯỜNG LED 150W CSD05,CSD05 150W LED00038677,https://static.rangdongstore.vn/product/Den-LED/Chieu-sang-duong/CSD05-150W/1-CSD05L-150.jpg?fm=webp&w=500,21,,,,7344000,,,,,"Công suất: 150W | Nguồn điện danh định: 220V/50Hz | Dạng Chip LED: SMT | Chỉ số bảo vệ: IP 66; IK 08 | Dimming: 5 cấp công suất | Điện áp có thể hoạt động: 100V – 277V | Dòng điện (Max): 150 mA | Hệ số công suất: 0,95 | Quang thông: 20250 lm | Hiệu suất sáng: 135 lm/W | Nhiệt độ màu ánh sáng:  5000K/4000K | Hệ số trả màu (CRI): >70 | Tuổi thọ đèn:  50.000 giờ | Chu kỳ tắt bật: 50.000 lần | Mức tiêu thụ điện 1000 giờ: 150 kWh | Chiếu dài: 702 mm | Hàm lượng thủy ngân: 0 mg | Thời gian khởi động của đèn: < 0,5 giây | Khối lượng: 7,5 kg | Chiều rộng: 316 mm | Chiều cao: 90 mm | Ánh sáng: Ánh sáng trung tính 5000K | Nhiệt độ màu: 5000K"
349,ĐÈN ĐƯỜNG LED 150W CSD05,CSD05 150W LED00025151,https://static.rangdongstore.vn/product/Den-LED/Chieu-sang-duong/CSD05-150W/1-CSD05L-150.jpg?fm=webp&w=500,21,,,,7344000,,,,,"Công suất: 150W | Nguồn điện danh định: 220V/50Hz | Dạng Chip LED: SMT | Chỉ số bảo vệ: IP 66; IK 08 | Dimming: 5 cấp công suất | Điện áp có thể hoạt động: 100V – 277V | Dòng điện (Max): 150 mA | Hệ số công suất: 0,95 | Quang thông: 20250 lm | Hiệu suất sáng: 135 lm/W | Nhiệt độ màu ánh sáng:  5000K/4000K | Hệ số trả màu (CRI): >70 | Tuổi thọ đèn:  50.000 giờ | Chu kỳ tắt bật: 50.000 lần | Mức tiêu thụ điện 1000 giờ: 150 kWh | Chiếu dài: 702 mm | Hàm lượng thủy ngân: 0 mg | Thời gian khởi động của đèn: < 0,5 giây | Khối lượng: 7,5 kg | Chiều rộng: 316 mm | Chiều cao: 90 mm | Ánh sáng: Ánh sáng trung tính 5000K | Nhiệt độ màu: 5000K"
350,ĐÈN ĐƯỜNG LED 150W CSD05,CSD05 150W LED00025150,https://static.rangdongstore.vn/product/Den-LED/Chieu-sang-duong/CSD05-150W/1-CSD05L-150.jpg?fm=webp&w=500,21,,,,7344000,,,,,"Công suất: 150W | Nguồn điện danh định: 220V/50Hz | Dạng Chip LED: SMT | Chỉ số bảo vệ: IP 66; IK 08 | Dimming: 5 cấp công suất | Điện áp có thể hoạt động: 100V – 277V | Dòng điện (Max): 150 mA | Hệ số công suất: 0,95 | Quang thông: 20250 lm | Hiệu suất sáng: 135 lm/W | Nhiệt độ màu ánh sáng:  5000K/4000K | Hệ số trả màu (CRI): >70 | Tuổi thọ đèn:  50.000 giờ | Chu kỳ tắt bật: 50.000 lần | Mức tiêu thụ điện 1000 giờ: 150 kWh | Chiếu dài: 702 mm | Hàm lượng thủy ngân: 0 mg | Thời gian khởi động của đèn: < 0,5 giây | Khối lượng: 7,5 kg | Chiều rộng: 316 mm | Chiều cao: 90 mm | Ánh sáng: Ánh sáng trung tính 5000K | Nhiệt độ màu: 5000K"
351,ĐÈN ĐƯỜNG LED 80W CSD04,CSD04 80W LED00023010,https://static.rangdongstore.vn/product/Den-LED/Chieu-sang-duong/CSD04-80W/1.jpg?fm=webp&w=500,21,,,,7236000,,,,,"Công suất: 80W | Nguồn điện danh định: 220V/50-60Hz | Dạng Chip LED: SMT | Chỉ số bảo vệ: IP66; IK 10 | Dimming: 5 cấp công suất | Điện áp có thể hoạt động: 100V – 277V | Dòng điện (Max): 0.9A | Hệ số công suất: 0,95 | Quang thông: 10400 lm | Hiệu suất sáng: 130 lm/W | Nhiệt độ màu ánh sáng:  5000K/4000K | Hệ số trả màu (CRI): >=70 | Tuổi thọ đèn:  50.000 giờ | Chu kỳ tắt bật: 50.000 lần | Mức tiêu thụ điện 1000 giờ: 80 kWh | Chiếu dài: 504 mm | Hàm lượng thủy ngân: 0 mg | Thời gian khởi động của đèn: < 0,5 giây | Khối lượng: 6,3 kg | Chiều rộng: 316 mm | Chiều cao: 136 mm | Ánh sáng: Ánh sáng trung tính 5000K | Nhiệt độ màu: 5000K"
352,ĐÈN ĐƯỜNG LED 80W CSD04,CSD04 80W LED00025809,https://static.rangdongstore.vn/product/Den-LED/Chieu-sang-duong/CSD04-80W/1.jpg?fm=webp&w=500,21,,,,7236000,,,,,"Công suất: 80W | Nguồn điện danh định: 220V/50-60Hz | Dạng Chip LED: SMT | Chỉ số bảo vệ: IP66; IK 10 | Dimming: 5 cấp công suất | Điện áp có thể hoạt động: 100V – 277V | Dòng điện (Max): 0.9A | Hệ số công suất: 0,95 | Quang thông: 10400 lm | Hiệu suất sáng: 130 lm/W | Nhiệt độ màu ánh sáng:  5000K/4000K | Hệ số trả màu (CRI): >=70 | Tuổi thọ đèn:  50.000 giờ | Chu kỳ tắt bật: 50.000 lần | Mức tiêu thụ điện 1000 giờ: 80 kWh | Chiếu dài: 504 mm | Hàm lượng thủy ngân: 0 mg | Thời gian khởi động của đèn: < 0,5 giây | Khối lượng: 6,3 kg | Chiều rộng: 316 mm | Chiều cao: 136 mm | Ánh sáng: Ánh sáng trung tính 5000K | Nhiệt độ màu: 5000K"
353,ĐÈN ĐƯỜNG LED 100W CSD04,CSD04 100W LED00027482,https://static.rangdongstore.vn/product/Den-LED/Chieu-sang-duong/CSD04-100W/1.jpg?fm=webp&w=500,21,,,,7668000,,,,,"Công suất: 100W | Nguồn điện danh định: 220V/50-60Hz | Dạng Chip LED: SMT | Chỉ số bảo vệ: IP66; IK 10 | Dimming: 5 cấp công suất | Điện áp có thể hoạt động: 100V – 277V | Dòng điện (Max): 1.1A | Hệ số công suất: 0,95 | Quang thông: 13000 lm | Hiệu suất sáng: 130 lm/W | Nhiệt độ màu ánh sáng:  5000K/4000K | Hệ số trả màu (CRI): >=70 | Tuổi thọ đèn:  50.000 giờ | Chu kỳ tắt bật: 50.000 lần | Mức tiêu thụ điện 1000 giờ: 100 kWh | Chiếu dài: 504 mm | Hàm lượng thủy ngân: 0 mg | Thời gian khởi động của đèn: < 0,5 giây | Khối lượng: 6,3 kg | Chiều rộng: 316 mm | Chiều cao: 136 mm | Ánh sáng: Ánh sáng trung tính 5000K | Nhiệt độ màu: 5000K"
354,ĐÈN ĐƯỜNG LED 100W CSD04,CSD04 100W LED00025285,https://static.rangdongstore.vn/product/Den-LED/Chieu-sang-duong/CSD04-100W/1.jpg?fm=webp&w=500,21,,,,7668000,,,,,"Công suất: 100W | Nguồn điện danh định: 220V/50-60Hz | Dạng Chip LED: SMT | Chỉ số bảo vệ: IP66; IK 10 | Dimming: 5 cấp công suất | Điện áp có thể hoạt động: 100V – 277V | Dòng điện (Max): 1.1A | Hệ số công suất: 0,95 | Quang thông: 13000 lm | Hiệu suất sáng: 130 lm/W | Nhiệt độ màu ánh sáng:  5000K/4000K | Hệ số trả màu (CRI): >=70 | Tuổi thọ đèn:  50.000 giờ | Chu kỳ tắt bật: 50.000 lần | Mức tiêu thụ điện 1000 giờ: 100 kWh | Chiếu dài: 504 mm | Hàm lượng thủy ngân: 0 mg | Thời gian khởi động của đèn: < 0,5 giây | Khối lượng: 6,3 kg | Chiều rộng: 316 mm | Chiều cao: 136 mm | Ánh sáng: Ánh sáng trung tính 5000K | Nhiệt độ màu: 5000K"
355,ĐÈN ĐƯỜNG LED 120W CSD04,CSD04 120W LED00025810,https://static.rangdongstore.vn/product/Den-LED/Chieu-sang-duong/CSD04-150W/1.jpg?fm=webp&w=500,21,,,,8316000,,,,,"Công suất: 120W | Nguồn điện danh định: 220V/50Hz | Dạng Chip LED: SMT | Chỉ số bảo vệ: IP 66; IK 10 | Dimming: 5 cấp công suất | Điện áp có thể hoạt động: 100V – 277V | Dòng điện (Max): 1.3 A | Hệ số công suất: 0,95 | Quang thông: 15600lm | Hiệu suất sáng: 130 lm/W | Nhiệt độ màu ánh sáng:  5000K/4000K | Hệ số trả màu (CRI): >=70 | Tuổi thọ đèn:  50.000 giờ | Chu kỳ tắt bật: 50.000 lần | Mức tiêu thụ điện 1000 giờ: 120 kWh | Chiếu dài: 577 mm | Hàm lượng thủy ngân: 0 mg | Thời gian khởi động của đèn: < 0,5 giây | Khối lượng: 7,4 kg | Chiều rộng: 316 mm | Chiều cao: 136 mm | Ánh sáng: Ánh sáng trung tính 5000K | Nhiệt độ màu: 5000K"
356,ĐÈN ĐƯỜNG LED 120W CSD04,CSD04 120W LED00024365,https://static.rangdongstore.vn/product/Den-LED/Chieu-sang-duong/CSD04-150W/1.jpg?fm=webp&w=500,21,,,,8316000,,,,,"Công suất: 120W | Nguồn điện danh định: 220V/50Hz | Dạng Chip LED: SMT | Chỉ số bảo vệ: IP 66; IK 10 | Dimming: 5 cấp công suất | Điện áp có thể hoạt động: 100V – 277V | Dòng điện (Max): 1.3 A | Hệ số công suất: 0,95 | Quang thông: 15600lm | Hiệu suất sáng: 130 lm/W | Nhiệt độ màu ánh sáng:  5000K/4000K | Hệ số trả màu (CRI): >=70 | Tuổi thọ đèn:  50.000 giờ | Chu kỳ tắt bật: 50.000 lần | Mức tiêu thụ điện 1000 giờ: 120 kWh | Chiếu dài: 577 mm | Hàm lượng thủy ngân: 0 mg | Thời gian khởi động của đèn: < 0,5 giây | Khối lượng: 7,4 kg | Chiều rộng: 316 mm | Chiều cao: 136 mm | Ánh sáng: Ánh sáng trung tính 5000K | Nhiệt độ màu: 5000K"
357,ĐÈN ĐƯỜNG LED 150W CSD04,CSD04 150W LED00025157,https://static.rangdongstore.vn/product/Den-LED/Chieu-sang-duong/CSD04-150W/1.jpg?fm=webp&w=500,21,,,,9072000,7258000.0,,,,"Công suất: 150W | Nguồn điện danh định: 220V/50-60Hz | Dạng Chip LED: SMT | Chỉ số bảo vệ: IP 66; IK 10 | Dimming: 5 cấp công suất | Điện áp có thể hoạt động: 100V – 277V | Dòng điện (Max): 1.7 A | Hệ số công suất: 0,95 | Quang thông: 19500 lm | Hiệu suất sáng: 130 lm/W | Nhiệt độ màu ánh sáng:  5000K/4000K | Hệ số trả màu (CRI): >= 70 | Tuổi thọ đèn:  50.000 giờ | Chu kỳ tắt bật: 50.000 lần | Mức tiêu thụ điện 1000 giờ: 150 kWh | Chiếu dài: 577 mm | Hàm lượng thủy ngân: 0 mg | Thời gian khởi động của đèn: < 0,5 giây | Khối lượng: 7,4 kg | Chiều rộng: 316 mm | Chiều cao: 136 mm | Ánh sáng: Ánh sáng trung tính 5000K | Nhiệt độ màu: 5000K"
358,ĐÈN ĐƯỜNG LED 150W CSD04,CSD04 150W LED00017845,https://static.rangdongstore.vn/product/Den-LED/Chieu-sang-duong/CSD04-150W/1.jpg?fm=webp&w=500,21,,,,9072000,,,,,"Công suất: 150W | Nguồn điện danh định: 220V/50-60Hz | Dạng Chip LED: SMT | Chỉ số bảo vệ: IP 66; IK 10 | Dimming: 5 cấp công suất | Điện áp có thể hoạt động: 100V – 277V | Dòng điện (Max): 1.7 A | Hệ số công suất: 0,95 | Quang thông: 19500 lm | Hiệu suất sáng: 130 lm/W | Nhiệt độ màu ánh sáng:  5000K/4000K | Hệ số trả màu (CRI): >= 70 | Tuổi thọ đèn:  50.000 giờ | Chu kỳ tắt bật: 50.000 lần | Mức tiêu thụ điện 1000 giờ: 150 kWh | Chiếu dài: 577 mm | Hàm lượng thủy ngân: 0 mg | Thời gian khởi động của đèn: < 0,5 giây | Khối lượng: 7,4 kg | Chiều rộng: 316 mm | Chiều cao: 136 mm | Ánh sáng: Ánh sáng trung tính 5000K | Nhiệt độ màu: 5000K"
359,ĐÈN ĐƯỜNG LED 180W CSD04,CSD04 180W LED00031170,https://static.rangdongstore.vn/product/Den-LED/Chieu-sang-duong/CSD04-180W/1.jpg?fm=webp&w=500,21,,,,9504000,,,,,"Công suất: 180W | Nguồn điện danh định: 220V/50-60Hz | Dạng Chip LED: SMT | Chỉ số bảo vệ: IP 66; IK 10 | Dimming: 5 cấp công suất | Điện áp có thể hoạt động: 100V – 277V | Dòng điện (Max): 2.0 A | Hệ số công suất: 0,95 | Quang thông: 23400 lm | Hiệu suất sáng: 130 lm/W | Nhiệt độ màu ánh sáng:  5000K/4000K | Hệ số trả màu (CRI): >=70 | Tuổi thọ đèn:  50.000 giờ | Chu kỳ tắt bật: 50.000 lần | Mức tiêu thụ điện 1000 giờ: 180 kWh | Chiếu dài: 650mm | Hàm lượng thủy ngân: 0 mg | Thời gian khởi động của đèn: < 0,5 giây | Khối lượng: 8,2 kg | Chiều rộng: 316 mm | Chiều cao: 136 mm | Ánh sáng: Ánh sáng trung tính 5000K | Nhiệt độ màu: 5000K"
360,ĐÈN LED CHIẾU SÁNG ĐƯỜNG CSD04 200W,CSD04 200W LED00044431,https://static.rangdongstore.vn/230314010303/2023/03/14/d6d9988b-a0a6-42d1-b727-46f0bb7ffa03.jpeg?fm=webp&w=500,21,,,,10260000,,,,,Ánh sáng: Ánh sáng trung tính 5000K | Nhiệt độ màu: 5000K
361,ĐÈN ĐƯỜNG LED 80W CSD08,CSD08 80W LED00043660,https://static.rangdongstore.vn/product/Den-LED/Chieu-sang-duong/CSD08-80W/1.jpg?fm=webp&w=500,21,,,,5292000,,,,,Công suất: Điện áp | (W):  (V/Hz) | 80: 220/50-60 | Ánh sáng: Ánh sáng trung tính 5000K | Nhiệt độ màu: 5000K
362,ĐÈN ĐƯỜNG LED 100W CSD08,CSD08 100W LED00043944,https://static.rangdongstore.vn/product/Den-LED/Chieu-sang-duong/CSD08-100W/1.jpg?fm=webp&w=500,21,,,,6588000,,,,,Công suất: Điện áp | (W):  (V/Hz) | 100: 220/50-60 | Ánh sáng: Ánh sáng trung tính 5000K | Nhiệt độ màu: 5000K
363,ĐÈN ĐƯỜNG LED 120W CSD08,CSD08 120W LED00043663,https://static.rangdongstore.vn/product/Den-LED/Chieu-sang-duong/CSD08-120W/1.jpg?fm=webp&w=500,21,,,,6804000,,,,,Công suất: Điện áp | (W):  (V/Hz) | 120: 220/50-60 | Ánh sáng: Ánh sáng trung tính 5000K | Nhiệt độ màu: 5000K
364,ĐÈN ĐƯỜNG LED 120W CSD08,CSD08 120W LED00044279,https://static.rangdongstore.vn/product/Den-LED/Chieu-sang-duong/CSD08-120W/1.jpg?fm=webp&w=500,21,,,,6804000,,,,,Công suất: Điện áp | (W):  (V/Hz) | 120: 220/50-60 | Ánh sáng: Ánh sáng trung tính 5000K | Nhiệt độ màu: 5000K
365,ĐÈN ĐƯỜNG LED 150W CSD08,CSD08 150W LED00044278,https://static.rangdongstore.vn/product/Den-LED/Chieu-sang-duong/CSD08-150W/1.jpg?fm=webp&w=500,21,,,,7020000,,,,,Công suất: Điện áp | (W):  (V/Hz) | 150: 220/50-60 | Ánh sáng: Ánh sáng trung tính 5000K | Nhiệt độ màu: 5000K
366,ĐÈN ĐƯỜNG LED 200W CSD08,CSD08 200W LED00044277,https://static.rangdongstore.vn/product/Den-LED/Chieu-sang-duong/CSD08-150W/1.jpg?fm=webp&w=500,21,,,,8640000,,,,,Công suất: Điện áp | (W):  (V/Hz) | 200: 220/50-60 | Ánh sáng: Ánh sáng trung tính 5000K | Nhiệt độ màu: 5000K
367,ĐÈN LED CHIẾU SÁNG ĐƯỜNG CSD02 100W,CSD02 100W LED00030273,https://static.rangdongstore.vn/220622009499/2022/06/22/D_CSD02_120W_22.jpg?fm=webp&w=500,21,,,,4158000,,,,,"Công suất: 100W | Nguồn điện danh định: 220V/50Hz | Dạng Chip LED: COB | Chỉ số bảo vệ: IP 66; IK 08 | Dimming: 5 cấp công suất | Điện áp có thể hoạt động: 100V – 270V | Dòng điện (Max):  0.8 A | Hệ số công suất: 0,95 | Quang thông: 12500 lm | Hiệu suất sáng: 125 lm/W | Nhiệt độ màu ánh sáng: 4000K/5000K | Hệ số trả màu (CRI): 80 | Tuổi thọ đèn:  50.000 giờ | Chu kỳ tắt bật: 50.000 lần | Mức tiêu thụ điện 1000 giờ: 100 kWh | Chiếu dài: 725 mm | Hàm lượng thủy ngân: 0 mg | Thời gian khởi động của đèn: < 0,5 giây | Khối lượng: 5,6 kg | Chiều rộng: 280 mm | Chiều cao: 100 mm | Ánh sáng: Ánh sáng trung tính 5000K | Nhiệt độ màu: 5000K"
368,ĐÈN LED CHIẾU SÁNG ĐƯỜNG CSD02 100W,CSD02 100W LED00011930,https://static.rangdongstore.vn/220622009499/2022/06/22/D_CSD02_120W_22.jpg?fm=webp&w=500,21,,,,4158000,,,,,"Công suất: 100W | Nguồn điện danh định: 220V/50Hz | Dạng Chip LED: COB | Chỉ số bảo vệ: IP 66; IK 08 | Dimming: 5 cấp công suất | Điện áp có thể hoạt động: 100V – 270V | Dòng điện (Max):  0.8 A | Hệ số công suất: 0,95 | Quang thông: 12500 lm | Hiệu suất sáng: 125 lm/W | Nhiệt độ màu ánh sáng: 4000K/5000K | Hệ số trả màu (CRI): 80 | Tuổi thọ đèn:  50.000 giờ | Chu kỳ tắt bật: 50.000 lần | Mức tiêu thụ điện 1000 giờ: 100 kWh | Chiếu dài: 725 mm | Hàm lượng thủy ngân: 0 mg | Thời gian khởi động của đèn: < 0,5 giây | Khối lượng: 5,6 kg | Chiều rộng: 280 mm | Chiều cao: 100 mm | Ánh sáng: Ánh sáng trung tính 5000K | Nhiệt độ màu: 5000K"
369,ĐÈN LED CHIẾU SÁNG ĐƯỜNG CSD02 30W,CSD02 30W 5000K LED00011751,https://static.rangdongstore.vn/220622009497/2022/06/22/1.jpg?fm=webp&w=500,21,,,,927000,649000.0,,,,Ánh sáng: Ánh sáng trung tính 5000K | Nhiệt độ màu: 5000K
370,ĐÈN ĐƯỜNG LED 60W CSD02,CSD02 60W LED00058528,https://static.rangdongstore.vn/product/Den-LED/Chieu-sang-duong/CSD02-60W/1.jpg?fm=webp&w=500,21,,,,3132000,,,,,"Công suất: 60W | Nguồn điện danh định: 220V/50-60Hz | Dạng Chip LED: COB | Chỉ số bảo vệ: IP 66; IK 08 | Dimming: 5 cấp công suất | Điện áp có thể hoạt động: 150V – 270V | Dòng điện (Max): 310 mA | Hệ số công suất: 0,95 | Quang thông:  6600 lm | Nhiệt độ màu ánh sáng:  5000K | Hệ số trả màu (CRI): 80 | Tuổi thọ đèn:  50.000 giờ | Chu kỳ tắt bật: 50.000 lần | Mức tiêu thụ điện 1000 giờ: 60 kWh | Chiếu dài: 620 mm | Hàm lượng thủy ngân: 0 mg | Thời gian khởi động của đèn: < 0,5 giây | Khối lượng: 3,3 kg | Chiều rộng: 260 mm | Chiều cao: 60 mm | Ánh sáng: Ánh sáng trung tính 5000K | Hiệu suất quang: 110 lm/W | Nhiệt độ màu: 5000K"
371,ĐÈN ĐƯỜNG LED 60W CSD02,CSD02 60W LED00005833,https://static.rangdongstore.vn/product/Den-LED/Chieu-sang-duong/CSD02-60W/1.jpg?fm=webp&w=500,21,,,,3132000,,,,,"Công suất: 60W | Nguồn điện danh định: 220V/50-60Hz | Dạng Chip LED: COB | Chỉ số bảo vệ: IP 66; IK 08 | Dimming: 5 cấp công suất | Điện áp có thể hoạt động: 150V – 270V | Dòng điện (Max): 310 mA | Hệ số công suất: 0,95 | Quang thông:  6600 lm | Nhiệt độ màu ánh sáng:  5000K | Hệ số trả màu (CRI): 80 | Tuổi thọ đèn:  50.000 giờ | Chu kỳ tắt bật: 50.000 lần | Mức tiêu thụ điện 1000 giờ: 60 kWh | Chiếu dài: 620 mm | Hàm lượng thủy ngân: 0 mg | Thời gian khởi động của đèn: < 0,5 giây | Khối lượng: 3,3 kg | Chiều rộng: 260 mm | Chiều cao: 60 mm | Hiệu suất quang: 110 lm/W | Nhiệt độ màu: 5000K"
372,ĐÈN ĐƯỜNG LED 70W CSD02,CSD02 70W LED00021435,https://static.rangdongstore.vn/product/Den-LED/Chieu-sang-duong/CSD02-70W/1.jpg?fm=webp&w=500,21,,,,3348000,,,,,"Công suất: 70W | Nguồn điện danh định: 220V/50Hz | Dạng Chip LED: COB | Chỉ số bảo vệ: IP 66; IK 08 | Dimming: 5 cấp công suất | Điện áp có thể hoạt động: 150V – 270V | Dòng điện (Max): 310 mA | Hệ số công suất: 0,9 | Quang thông: 7350 lm | Hiệu suất sáng: 100 lm/W | Nhiệt độ màu ánh sáng:  5000K/6500K | Hệ số trả màu (CRI): 80 | Tuổi thọ đèn:  50.000 giờ | Chu kỳ tắt bật: 50.000 lần | Mức tiêu thụ điện 1000 giờ: 70 kWh | Chiếu dài: 620 mm | Hàm lượng thủy ngân: 0 mg | Thời gian khởi động của đèn: < 0,5 giây | Khối lượng: 3,3 kg | Chiều rộng: 260 mm | Chiều cao: 100 mm | Nhiệt độ màu: 5000K"
373,ĐÈN ĐƯỜNG LED 70W CSD02,CSD02 70W LED00005399,https://static.rangdongstore.vn/product/Den-LED/Chieu-sang-duong/CSD02-70W/1.jpg?fm=webp&w=500,21,,,,3348000,,,,,"Công suất: 70W | Nguồn điện danh định: 220V/50Hz | Dạng Chip LED: COB | Chỉ số bảo vệ: IP 66; IK 08 | Dimming: 5 cấp công suất | Điện áp có thể hoạt động: 150V – 270V | Dòng điện (Max): 310 mA | Hệ số công suất: 0,9 | Quang thông: 7350 lm | Hiệu suất sáng: 100 lm/W | Nhiệt độ màu ánh sáng:  5000K/6500K | Hệ số trả màu (CRI): 80 | Tuổi thọ đèn:  50.000 giờ | Chu kỳ tắt bật: 50.000 lần | Mức tiêu thụ điện 1000 giờ: 70 kWh | Chiếu dài: 620 mm | Hàm lượng thủy ngân: 0 mg | Thời gian khởi động của đèn: < 0,5 giây | Khối lượng: 3,3 kg | Chiều rộng: 260 mm | Chiều cao: 100 mm | Nhiệt độ màu: 5000K"
374,ĐÈN ĐƯỜNG LED 120W CSD02,CSD02 120W LED00021364,https://static.rangdongstore.vn/product/Den-LED/Chieu-sang-duong/CSD02-120W/1.jpg?fm=webp&w=500,21,,,,4396000,,,,,"Công suất: 120W | Nguồn điện danh định: 220V/50Hz | Dạng Chip LED: COB | Chỉ số bảo vệ: IP 66; IK 08 | Dimming: 5 cấp công suất | Điện áp có thể hoạt động: 150V – 270V | Dòng điện (Max):  560 mA | Hệ số công suất: 0,9 | Quang thông: 13200 lm | Hiệu suất sáng: 110 lm/W | Nhiệt độ màu ánh sáng: 5000K | Hệ số trả màu (CRI): 80 | Tuổi thọ đèn:  50.000 giờ | Chu kỳ tắt bật: 50.000 lần | Mức tiêu thụ điện 1000 giờ: 120 kWh | Chiếu dài: 725 mm | Hàm lượng thủy ngân: 0 mg | Thời gian khởi động của đèn: < 0,5 giây | Khối lượng: 5,6 kg | Chiều rộng: 285 mm | Chiều cao: 90 mm | Nhiệt độ màu: 5000K"
375,ĐÈN ĐƯỜNG LED 120W CSD02,CSD02 120W LED00005401,https://static.rangdongstore.vn/product/Den-LED/Chieu-sang-duong/CSD02-120W/1.jpg?fm=webp&w=500,21,,,,4396000,,,,,"Công suất: 120W | Nguồn điện danh định: 220V/50Hz | Dạng Chip LED: COB | Chỉ số bảo vệ: IP 66; IK 08 | Dimming: 5 cấp công suất | Điện áp có thể hoạt động: 150V – 270V | Dòng điện (Max):  560 mA | Hệ số công suất: 0,9 | Quang thông: 13200 lm | Hiệu suất sáng: 110 lm/W | Nhiệt độ màu ánh sáng: 5000K | Hệ số trả màu (CRI): 80 | Tuổi thọ đèn:  50.000 giờ | Chu kỳ tắt bật: 50.000 lần | Mức tiêu thụ điện 1000 giờ: 120 kWh | Chiếu dài: 725 mm | Hàm lượng thủy ngân: 0 mg | Thời gian khởi động của đèn: < 0,5 giây | Khối lượng: 5,6 kg | Chiều rộng: 285 mm | Chiều cao: 90 mm | Nhiệt độ màu: 5000K"
376,ĐÈN ĐƯỜNG LED 150W CSD02,CSD02 150W LED00022030,https://static.rangdongstore.vn/product/Den-LED/Chieu-sang-duong/CSD02-150W/1.jpg?fm=webp&w=500,21,,,,6178000,,,,,"Công suất: 150W | Nguồn điện danh định: 220V/50Hz | Dạng Chip LED: COB | Chỉ số bảo vệ: IP 66; IK 08 | Dimming: 5 cấp công suất | Điện áp có thể hoạt động: 150V – 270V | Dòng điện (Max): 700 mA | Hệ số công suất: 0,9 | Quang thông: 16500 lm | Hiệu suất sáng: 110 lm/W | Nhiệt độ màu ánh sáng: 5000K | Hệ số trả màu (CRI): 80 | Tuổi thọ đèn:  50.000 giờ | Chu kỳ tắt bật: 50.000 lần | Mức tiêu thụ điện 1000 giờ: 150 kWh | Chiếu dài: 725 mm | Hàm lượng thủy ngân: 0 mg | Thời gian khởi động của đèn: < 0,5 giây | Khối lượng: 5,6 kg | Chiều rộng: 285 mm | Chiều cao: 90 mm | Nhiệt độ màu: 5000K"
377,ĐÈN ĐƯỜNG LED 150W CSD02,CSD02 150W LED00005403,https://static.rangdongstore.vn/product/Den-LED/Chieu-sang-duong/CSD02-150W/1.jpg?fm=webp&w=500,21,,,,6178000,,,,,"Công suất: 150W | Nguồn điện danh định: 220V/50Hz | Dạng Chip LED: COB | Chỉ số bảo vệ: IP 66; IK 08 | Dimming: 5 cấp công suất | Điện áp có thể hoạt động: 150V – 270V | Dòng điện (Max): 700 mA | Hệ số công suất: 0,9 | Quang thông: 16500 lm | Hiệu suất sáng: 110 lm/W | Nhiệt độ màu ánh sáng: 5000K | Hệ số trả màu (CRI): 80 | Tuổi thọ đèn:  50.000 giờ | Chu kỳ tắt bật: 50.000 lần | Mức tiêu thụ điện 1000 giờ: 150 kWh | Chiếu dài: 725 mm | Hàm lượng thủy ngân: 0 mg | Thời gian khởi động của đèn: < 0,5 giây | Khối lượng: 5,6 kg | Chiều rộng: 285 mm | Chiều cao: 90 mm | Nhiệt độ màu: 5000K"
378,ĐÈN ĐƯỜNG LED 200W CSD02,CSD02 200W LED00022082,https://static.rangdongstore.vn/product/Den-LED/Chieu-sang-duong/CSD02-200W/1.jpg?fm=webp&w=500,21,,,,7092000,,,,,"Công suất: 200W | Nguồn điện danh định: 220V/50-60Hz | Dạng Chip LED: COB | Chỉ số bảo vệ: IP 66; IK 08 | Dimming: 2 cấp công suất | Điện áp có thể hoạt động: 100V – 277V | Dòng điện (Max): 150 mA | Hệ số công suất: 0,9 | Quang thông: 23000 lm | Hiệu suất sáng: 110 lm/W | Nhiệt độ màu ánh sáng:  5000K | Hệ số trả màu (CRI): 80 | Tuổi thọ đèn: 50000 giờ | Chu kỳ tắt bật: 50.000 lần | Mức tiêu thụ điện 1000 giờ: 200 kWh | Chiếu dài: 830 mm | Hàm lượng thủy ngân: 0 mg | Thời gian khởi động của đèn: < 0,5 giây | Khối lượng: 0,8 kg | Chiều rộng: 340 mm | Chiều cao: 100 mm | Nhiệt độ màu: 5000K"
379,ĐÈN ĐƯỜNG LED 200W CSD02,CSD02 200W LED00020808,https://static.rangdongstore.vn/product/Den-LED/Chieu-sang-duong/CSD02-200W/1.jpg?fm=webp&w=500,21,,,,7092000,,,,,"Công suất: 200W | Nguồn điện danh định: 220V/50-60Hz | Dạng Chip LED: COB | Chỉ số bảo vệ: IP 66; IK 08 | Dimming: 2 cấp công suất | Điện áp có thể hoạt động: 100V – 277V | Dòng điện (Max): 150 mA | Hệ số công suất: 0,9 | Quang thông: 23000 lm | Hiệu suất sáng: 110 lm/W | Nhiệt độ màu ánh sáng:  5000K | Hệ số trả màu (CRI): 80 | Tuổi thọ đèn: 50000 giờ | Chu kỳ tắt bật: 50.000 lần | Mức tiêu thụ điện 1000 giờ: 200 kWh | Chiếu dài: 830 mm | Hàm lượng thủy ngân: 0 mg | Thời gian khởi động của đèn: < 0,5 giây | Khối lượng: 0,8 kg | Chiều rộng: 340 mm | Chiều cao: 100 mm | Nhiệt độ màu: 5000K"
380,ĐÈN ĐƯỜNG LED 80W CSD06,CSD06 80W LED00036144,https://static.rangdongstore.vn/product/Den-LED/Chieu-sang-duong/CSD06-80W/1.jpg?fm=webp&w=500,21,,,,6043000,,,,,"Công suất: 80W | Nguồn điện danh định: 220V/50Hz | Dạng Chip LED: SMT | Chỉ số bảo vệ: IP 66; IK 08 | Dimming: 5 cấp công suất | Điện áp có thể hoạt động: 100V – 277V | Dòng điện (Max): 110 mA | Hệ số công suất: 0,95 | Quang thông: 10400 lm | Hiệu suất sáng: 130 lm/W | Nhiệt độ màu ánh sáng:  5000K | Hệ số trả màu (CRI): 70 | Tuổi thọ đèn:  50.000 giờ | Chu kỳ tắt bật: 50.000 lần | Mức tiêu thụ điện 1000 giờ: 80 kWh | Chiếu dài: 622 mm | Hàm lượng thủy ngân: 0 mg | Thời gian khởi động của đèn: < 0,5 giây | Khối lượng: 6,5 kg | Chiều rộng: 259 mm | Chiều cao: 181 mm | Nhiệt độ màu: 5000K"
381,ĐÈN ĐƯỜNG LED 80W CSD06,CSD06 80W LED00029956,https://static.rangdongstore.vn/product/Den-LED/Chieu-sang-duong/CSD06-80W/1.jpg?fm=webp&w=500,21,,,,6043000,,,,,"Công suất: 80W | Nguồn điện danh định: 220V/50Hz | Dạng Chip LED: SMT | Chỉ số bảo vệ: IP 66; IK 08 | Dimming: 5 cấp công suất | Điện áp có thể hoạt động: 100V – 277V | Dòng điện (Max): 110 mA | Hệ số công suất: 0,95 | Quang thông: 10400 lm | Hiệu suất sáng: 130 lm/W | Nhiệt độ màu ánh sáng:  5000K | Hệ số trả màu (CRI): 70 | Tuổi thọ đèn:  50.000 giờ | Chu kỳ tắt bật: 50.000 lần | Mức tiêu thụ điện 1000 giờ: 80 kWh | Chiếu dài: 622 mm | Hàm lượng thủy ngân: 0 mg | Thời gian khởi động của đèn: < 0,5 giây | Khối lượng: 6,5 kg | Chiều rộng: 259 mm | Chiều cao: 181 mm | Nhiệt độ màu: 5000K"
382,ĐÈN ĐƯỜNG LED 100W CSD06,CSD06 100W LED00023934,https://static.rangdongstore.vn/product/Den-LED/Chieu-sang-duong/CSD06-100W/1.jpg?fm=webp&w=500,21,,,,6524000,,,,,"Công suất: 100W | Nguồn điện danh định: 220V/50Hz | Dạng Chip LED: SMT | Chỉ số bảo vệ: IP 66; IK 08 | Dimming: 5 cấp công suất | Điện áp có thể hoạt động: 100V – 277V | Dòng điện (Max): 110 mA | Hệ số công suất: 0,95 | Quang thông: 13000 lm | Hiệu suất sáng: 130 lm/W | Nhiệt độ màu ánh sáng:  5000K | Hệ số trả màu (CRI): 70 | Tuổi thọ đèn:  50.000 giờ | Chu kỳ tắt bật: 50.000 lần | Mức tiêu thụ điện 1000 giờ: 100 kWh | Chiếu dài: 622 mm | Hàm lượng thủy ngân: 0 mg | Thời gian khởi động của đèn: < 0,5 giây | Khối lượng: 6,5 kg | Chiều rộng: 259 mm | Chiều cao: 181 mm | Nhiệt độ màu: 5000K"
383,ĐÈN ĐƯỜNG LED 100W CSD06,CSD06 100W LED00029757,https://static.rangdongstore.vn/product/Den-LED/Chieu-sang-duong/CSD06-100W/1.jpg?fm=webp&w=500,21,,,,6524000,,,,,"Công suất: 100W | Nguồn điện danh định: 220V/50Hz | Dạng Chip LED: SMT | Chỉ số bảo vệ: IP 66; IK 08 | Dimming: 5 cấp công suất | Điện áp có thể hoạt động: 100V – 277V | Dòng điện (Max): 110 mA | Hệ số công suất: 0,95 | Quang thông: 13000 lm | Hiệu suất sáng: 130 lm/W | Nhiệt độ màu ánh sáng:  5000K | Hệ số trả màu (CRI): 70 | Tuổi thọ đèn:  50.000 giờ | Chu kỳ tắt bật: 50.000 lần | Mức tiêu thụ điện 1000 giờ: 100 kWh | Chiếu dài: 622 mm | Hàm lượng thủy ngân: 0 mg | Thời gian khởi động của đèn: < 0,5 giây | Khối lượng: 6,5 kg | Chiều rộng: 259 mm | Chiều cao: 181 mm | Nhiệt độ màu: 5000K"
384,ĐÈN ĐƯỜNG LED 120W CSD06,CSD06 120W LED00036398,https://static.rangdongstore.vn/product/Den-LED/Chieu-sang-duong/CSD06-120W/1.jpg?fm=webp&w=500,21,,,,7009000,,,,,"Công suất: 120W | Nguồn điện danh định: 220V/50Hz | Dạng Chip LED: SMT | Chỉ số bảo vệ: IP 66; IK 08 | Dimming: 5 cấp công suất | Điện áp có thể hoạt động: 100V – 277V | Dòng điện (Max): 130 mA | Hệ số công suất: 0,95 | Quang thông: 15600 lm | Hiệu suất sáng: 130 lm/W | Nhiệt độ màu ánh sáng:  5000K | Hệ số trả màu (CRI): 70 | Tuổi thọ đèn:  50.000 giờ | Chu kỳ tắt bật: 50.000 lần | Mức tiêu thụ điện 1000 giờ: 120 kWh | Chiếu dài: 693 mm | Hàm lượng thủy ngân: 0 mg | Thời gian khởi động của đèn: < 0,5 giây | Khối lượng: 7,6 kg | Chiều rộng: 310 mm | Chiều cao: 183 mm | Nhiệt độ màu: 5000K"
385,ĐÈN ĐƯỜNG LED 120W CSD06,CSD06 120W LED00029758,https://static.rangdongstore.vn/product/Den-LED/Chieu-sang-duong/CSD06-120W/1.jpg?fm=webp&w=500,21,,,,7009000,,,,,"Công suất: 120W | Nguồn điện danh định: 220V/50Hz | Dạng Chip LED: SMT | Chỉ số bảo vệ: IP 66; IK 08 | Dimming: 5 cấp công suất | Điện áp có thể hoạt động: 100V – 277V | Dòng điện (Max): 130 mA | Hệ số công suất: 0,95 | Quang thông: 15600 lm | Hiệu suất sáng: 130 lm/W | Nhiệt độ màu ánh sáng:  5000K | Hệ số trả màu (CRI): 70 | Tuổi thọ đèn:  50.000 giờ | Chu kỳ tắt bật: 50.000 lần | Mức tiêu thụ điện 1000 giờ: 120 kWh | Chiếu dài: 693 mm | Hàm lượng thủy ngân: 0 mg | Thời gian khởi động của đèn: < 0,5 giây | Khối lượng: 7,6 kg | Chiều rộng: 310 mm | Chiều cao: 183 mm | Nhiệt độ màu: 5000K"
386,ĐÈN ĐƯỜNG LED 150W CSD06,CSD06 150W LED00038672,https://static.rangdongstore.vn/product/Den-LED/Chieu-sang-duong/CSD06-150W/1.jpg?fm=webp&w=500,21,,,,7247000,,,,,"Công suất: 150W | Nguồn điện danh định: 220V/50Hz | Dạng Chip LED: SMT | Chỉ số bảo vệ: IP 66; IK 08 | Dimming: 5 cấp công suất | Điện áp có thể hoạt động: 100V – 277V | Dòng điện (Max): 160 mA | Hệ số công suất: 0,95 | Quang thông: 19500 lm | Hiệu suất sáng: 130 lm/W | Nhiệt độ màu ánh sáng:  5000K | Hệ số trả màu (CRI): 70 | Tuổi thọ đèn:  50.000 giờ | Chu kỳ tắt bật: 50.000 lần | Mức tiêu thụ điện 1000 giờ: 150 kWh | Chiếu dài: 693 mm | Hàm lượng thủy ngân: 0 mg | Thời gian khởi động của đèn: < 0,5 giây | Khối lượng: 7,6 kg | Chiều rộng: 310 mm | Chiều cao: 183 mm | Nhiệt độ màu: 5000K"
387,ĐÈN ĐƯỜNG LED 150W CSD06,CSD06 150W LED00036399,https://static.rangdongstore.vn/product/Den-LED/Chieu-sang-duong/CSD06-150W/1.jpg?fm=webp&w=500,21,,,,7247000,,,,,"Công suất: 150W | Nguồn điện danh định: 220V/50Hz | Dạng Chip LED: SMT | Chỉ số bảo vệ: IP 66; IK 08 | Dimming: 5 cấp công suất | Điện áp có thể hoạt động: 100V – 277V | Dòng điện (Max): 160 mA | Hệ số công suất: 0,95 | Quang thông: 19500 lm | Hiệu suất sáng: 130 lm/W | Nhiệt độ màu ánh sáng:  5000K | Hệ số trả màu (CRI): 70 | Tuổi thọ đèn:  50.000 giờ | Chu kỳ tắt bật: 50.000 lần | Mức tiêu thụ điện 1000 giờ: 150 kWh | Chiếu dài: 693 mm | Hàm lượng thủy ngân: 0 mg | Thời gian khởi động của đèn: < 0,5 giây | Khối lượng: 7,6 kg | Chiều rộng: 310 mm | Chiều cao: 183 mm | Nhiệt độ màu: 5000K"
388,ĐÈN ĐƯỜNG LED 150W CSD06,CSD06 150W LED00029759,https://static.rangdongstore.vn/product/Den-LED/Chieu-sang-duong/CSD06-150W/1.jpg?fm=webp&w=500,21,,,,7247000,,,,,"Công suất: 150W | Nguồn điện danh định: 220V/50Hz | Dạng Chip LED: SMT | Chỉ số bảo vệ: IP 66; IK 08 | Dimming: 5 cấp công suất | Điện áp có thể hoạt động: 100V – 277V | Dòng điện (Max): 160 mA | Hệ số công suất: 0,95 | Quang thông: 19500 lm | Hiệu suất sáng: 130 lm/W | Nhiệt độ màu ánh sáng:  5000K | Hệ số trả màu (CRI): 70 | Tuổi thọ đèn:  50.000 giờ | Chu kỳ tắt bật: 50.000 lần | Mức tiêu thụ điện 1000 giờ: 150 kWh | Chiếu dài: 693 mm | Hàm lượng thủy ngân: 0 mg | Thời gian khởi động của đèn: < 0,5 giây | Khối lượng: 7,6 kg | Chiều rộng: 310 mm | Chiều cao: 183 mm | Nhiệt độ màu: 5000K"
389,ĐÈN ĐƯỜNG LED 50W CSD09 PLUS,CSD09 50W.PLUS LED00049028,https://static.rangdongstore.vn/product/Den-LED/LED_Chieu_sang_duong/CSD09-50W/1.%20CSD09%2050W(web).jpg?fm=webp&w=500,21,,,,1512000,1210000.0,,,,"Công suất: 50W | Chỉ số bảo vệ: IP66; IK 08 | Dimming: 2 cấp công suất | Điện áp có thể hoạt động: (150 – 270)V | Dòng điện (Max): 0.4 A | Hệ số công suất: 0,9 | Quang thông: 6500 lm | Hiệu suất sáng: 130 lm/W | Nhiệt độ màu ánh sáng:  4000K/5000K | Hệ số trả màu (CRI): ≥70 | Tuổi thọ đèn:  50.000 giờ | Chu kỳ tắt bật: 50.000 lần | Mức tiêu thụ điện 1000 giờ: 50 kWh | Chiếu dài: 399 mm | Hàm lượng thủy ngân: 0 mg | Thời gian khởi động của đèn: < 0,5 giây | Khối lượng: 1.15 kg | Chiều rộng: 139 mm | Chiều cao: 70 mm | Điện áp danh định: 220V | Đường kính lỗ bắt đèn: Ø 50 mm | Nhiệt độ màu: 5000K"
390,ĐÈN ĐƯỜNG LED 30W CSD09 PLUS,CSD09 30W.PLUS LED00049027,https://static.rangdongstore.vn/product/Den-LED/LED_Chieu_sang_duong/CSD09-30W/1.%20CSD09%20(web).jpg?fm=webp&w=500,21,,,,1296000,1037000.0,,,,"Công suất: 30W | Chỉ số bảo vệ: IP66; IK 08 | Dimming: 2 cấp công suất | Dòng điện (Max): 0.23 A | Hệ số công suất: 0,9 | Quang thông: 3750 lm | Hiệu suất sáng: 125 lm/W | Nhiệt độ màu ánh sáng:  4000K/5000K | Hệ số trả màu (CRI): ≥ 70 | Tuổi thọ đèn:  50.000 giờ | Chu kỳ tắt bật: 50.000 lần | Mức tiêu thụ điện 1000 giờ: 30 kWh | Hàm lượng thủy ngân: 0 mg | Thời gian khởi động của đèn: < 0,5 giây | Khối lượng: 0.81 kg | Chiều rộng: 124 mm | Chiều cao: 60 mm | Đường kính lỗ bắt đèn: Ø 40 mm | Điện áp nguồn danh định: 220V | Dải điện áp hoạt động: (150 – 270)V | Chiều dài: 322 mm | Nhiệt độ màu: 5000K"
391,ĐÈN LED CHIẾU SÁNG ĐƯỜNG CSD09 30W 5000K,CSD09 30W 5000K LED00056854,https://static.rangdongstore.vn/230509010391/2023/05/09/2.%20CSD09%20(web).jpg?fm=webp&w=500,21,,,,896000,538000.0,,,,Nhiệt độ màu: 5000K
392,ĐÈN LED CHIẾU SÁNG ĐƯỜNG CSD09 50W 5000K,CSD09 50W 5000K LED00056993,https://static.rangdongstore.vn/230509010390/2023/05/09/1.%20CSD09%2050W(web).jpg?fm=webp&w=500,21,,,,972000,583000.0,,,,Nhiệt độ màu: 5000K
393,ĐÈN ĐƯỜNG LED 30W CSD03,CSD03 30W LED00033823,https://static.rangdongstore.vn/product/Den-LED/Chieu-sang-duong/CSD03L-30W/1.jpg?fm=webp&w=500,21,,,,1188000,,,,,"Công suất: 30W | Nguồn điện danh định: 220V/50Hz | Dạng Chip LED: SMT | Chỉ số bảo vệ: IP 65; IK 09 | Dimming: 5 cấp công suất | Điện áp có thể hoạt động: 90V – 305V | Dòng điện (Max): 110 mA | Hệ số công suất: 0,95 | Quang thông: 3600 lm | Hiệu suất sáng: 130 lm/W | Nhiệt độ màu ánh sáng:  5000K/4000K | Hệ số trả màu (CRI): >70 | Tuổi thọ đèn:  50.000 giờ | Chu kỳ tắt bật: 50.000 lần | Mức tiêu thụ điện 1000 giờ: 30 kWh | Chiếu dài: 284 mm | Hàm lượng thủy ngân: 0 mg | Thời gian khởi động của đèn: < 0,5 giây | Khối lượng: 7,5 kg | Chiều rộng: 175 mm | Chiều cao: 62 mm | Nhiệt độ màu: 5000K"
394,ĐÈN ĐƯỜNG LED 30W CSD03,CSD03 30W LED00026594,https://static.rangdongstore.vn/product/Den-LED/Chieu-sang-duong/CSD03L-30W/1.jpg?fm=webp&w=500,21,,,,1188000,,,,,"Công suất: 30W | Nguồn điện danh định: 220V/50Hz | Dạng Chip LED: SMT | Chỉ số bảo vệ: IP 65; IK 09 | Dimming: 5 cấp công suất | Điện áp có thể hoạt động: 90V – 305V | Dòng điện (Max): 110 mA | Hệ số công suất: 0,95 | Quang thông: 3600 lm | Hiệu suất sáng: 130 lm/W | Nhiệt độ màu ánh sáng:  5000K/4000K | Hệ số trả màu (CRI): >70 | Tuổi thọ đèn:  50.000 giờ | Chu kỳ tắt bật: 50.000 lần | Mức tiêu thụ điện 1000 giờ: 30 kWh | Chiếu dài: 284 mm | Hàm lượng thủy ngân: 0 mg | Thời gian khởi động của đèn: < 0,5 giây | Khối lượng: 7,5 kg | Chiều rộng: 175 mm | Chiều cao: 62 mm | Nhiệt độ màu: 5000K"
395,ĐÈN ĐƯỜNG LED 60W CSD03,CSD03 60W LED00026595,https://static.rangdongstore.vn/product/Den-LED/Chieu-sang-duong/CSD03L-60W/1.jpg?fm=webp&w=500,21,,,,3207600,3208000.0,,,,"Công suất: 60W | Nguồn điện danh định: 220V/50Hz | Dạng Chip LED: SMT | Chỉ số bảo vệ: IP 65; IK 09 | Dimming: 5 cấp công suất | Điện áp có thể hoạt động: 90V – 305V | Dòng điện (Max): 110 mA | Hệ số công suất: 0,95 | Quang thông: 7200 lm | Hiệu suất sáng: 120 lm/W | Nhiệt độ màu ánh sáng:  5000K/4000K | Hệ số trả màu (CRI): >70 | Tuổi thọ đèn:  50.000 giờ | Chu kỳ tắt bật: 50.000 lần | Mức tiêu thụ điện 1000 giờ: 60 kWh | Chiếu dài: 450 mm | Hàm lượng thủy ngân: 0 mg | Thời gian khởi động của đèn: < 0,5 giây | Khối lượng: 7,5 kg | Chiều rộng: 295 mm | Chiều cao: 85 mm | Nhiệt độ màu: 5000K"
396,ĐÈN ĐƯỜNG LED 60W CSD03,CSD03 60W LED00026596,https://static.rangdongstore.vn/product/Den-LED/Chieu-sang-duong/CSD03L-60W/1.jpg?fm=webp&w=500,21,,,,3207600,3208000.0,,,,"Công suất: 60W | Nguồn điện danh định: 220V/50Hz | Dạng Chip LED: SMT | Chỉ số bảo vệ: IP 65; IK 09 | Dimming: 5 cấp công suất | Điện áp có thể hoạt động: 90V – 305V | Dòng điện (Max): 110 mA | Hệ số công suất: 0,95 | Quang thông: 7200 lm | Hiệu suất sáng: 120 lm/W | Nhiệt độ màu ánh sáng:  5000K/4000K | Hệ số trả màu (CRI): >70 | Tuổi thọ đèn:  50.000 giờ | Chu kỳ tắt bật: 50.000 lần | Mức tiêu thụ điện 1000 giờ: 60 kWh | Chiếu dài: 450 mm | Hàm lượng thủy ngân: 0 mg | Thời gian khởi động của đèn: < 0,5 giây | Khối lượng: 7,5 kg | Chiều rộng: 295 mm | Chiều cao: 85 mm | Nhiệt độ màu: 5000K"
397,ĐÈN ĐƯỜNG LED 80W CSD03,CSD03 80W LED00026717,https://static.rangdongstore.vn/product/Den-LED/LED_Chieu_sang_duong/D-CSD03L-80W/D-CSD03L-80W.jpg?fm=webp&w=500,21,,,,3564000,,,,,"Công suất: 80W | Nguồn điện danh định: 220V/50Hz | Dạng Chip LED: SMT | Chỉ số bảo vệ: IP 65; IK 09 | Dimming: 5 cấp công suất | Điện áp có thể hoạt động: 90V – 305V | Dòng điện (Max): 110 mA | Hệ số công suất: 0,95 | Quang thông: 10 000 lm | Hiệu suất sáng: 125 lm/W | Nhiệt độ màu ánh sáng:  5000K/4000K | Hệ số trả màu (CRI): >70 | Tuổi thọ đèn:  50.000 giờ | Chu kỳ tắt bật: 50.000 lần | Mức tiêu thụ điện 1000 giờ: 80 kWh | Chiếu dài: 450 mm | Hàm lượng thủy ngân: 0 mg | Thời gian khởi động của đèn: < 0,5 giây | Khối lượng: 7,5 kg | Chiều rộng: 295 mm | Chiều cao: 85 mm | Nhiệt độ màu: 5000K"
398,ĐÈN ĐƯỜNG LED 80W CSD03,CSD03 80W LED00026718,https://static.rangdongstore.vn/product/Den-LED/LED_Chieu_sang_duong/D-CSD03L-80W/D-CSD03L-80W.jpg?fm=webp&w=500,21,,,,3564000,,,,,"Công suất: 80W | Nguồn điện danh định: 220V/50Hz | Dạng Chip LED: SMT | Chỉ số bảo vệ: IP 65; IK 09 | Dimming: 5 cấp công suất | Điện áp có thể hoạt động: 90V – 305V | Dòng điện (Max): 110 mA | Hệ số công suất: 0,95 | Quang thông: 10 000 lm | Hiệu suất sáng: 125 lm/W | Nhiệt độ màu ánh sáng:  5000K/4000K | Hệ số trả màu (CRI): >70 | Tuổi thọ đèn:  50.000 giờ | Chu kỳ tắt bật: 50.000 lần | Mức tiêu thụ điện 1000 giờ: 80 kWh | Chiếu dài: 450 mm | Hàm lượng thủy ngân: 0 mg | Thời gian khởi động của đèn: < 0,5 giây | Khối lượng: 7,5 kg | Chiều rộng: 295 mm | Chiều cao: 85 mm"
399,ĐÈN ĐƯỜNG LED 30W CSD05,CSD05 30W LED00025219,https://static.rangdongstore.vn/product/Den-LED/Chieu-sang-duong/CSD05-30W/1.jpg?fm=webp&w=500,22,,,,281000,197000.0,,,,"Công suất: 30W | Nguồn điện danh định: 220V/50Hz | Dạng Chip LED: SMT | Chỉ số bảo vệ: IP 40 | Dimming: Non-Dimmable | Điện áp có thể hoạt động: 150V – 250V | Dòng điện (Max): 150 mA | Hệ số công suất: 0,5 | Quang thông: 3000 lm | Hiệu suất sáng: 100 lm/W | Nhiệt độ màu ánh sáng: 5000K | Hệ số trả màu (CRI): 83 | Tuổi thọ đèn: 20000 giờ | Chu kỳ tắt bật: 50.000 lần | Mức tiêu thụ điện 1000 giờ: 30 kWh | Chiếu dài: 243 mm | Đường kính: 55 mm | Unnamed: 23:   | Hàm lượng thủy ngân: 0 mg | Thời gian khởi động của đèn: < 0,5 giây | Khối lượng: 280 g | Ánh sáng: Ánh sáng trung tính 5000K | Nhiệt độ màu: 5000K"
400,ĐÈN ĐƯỜNG LED 100W CSD05,CSD05 100W LED00025153,https://static.rangdongstore.vn/product/Den-LED/Chieu-sang-duong/CSD05-100W/1.jpg?fm=webp&w=500,22,,,,6696000,,,,,"Công suất: 100W | Nguồn điện danh định: 220V/50Hz | Dạng Chip LED: SMT | Chỉ số bảo vệ: IP 66; IK 08 | Dimming: 5 cấp công suất | Điện áp có thể hoạt động: 100V – 277V | Dòng điện (Max): 110 mA | Hệ số công suất: 0,95 | Quang thông: 13500 lm | Hiệu suất sáng: 150 lm/W | Nhiệt độ màu ánh sáng:  5000K/4000K | Hệ số trả màu (CRI): >70 | Tuổi thọ đèn:  50.000 giờ | Chu kỳ tắt bật: 50.000 lần | Mức tiêu thụ điện 1000 giờ: 100 kWh | Chiếu dài: 702 mm | Hàm lượng thủy ngân: 0 mg | Thời gian khởi động của đèn: < 0,5 giây | Khối lượng: 7,5 kg | Chiều rộng: 316 mm | Chiều cao: 90 mm | Ánh sáng: Ánh sáng trung tính 5000K | Nhiệt độ màu: 5000K"
401,ĐÈN ĐƯỜNG LED 100W CSD05,CSD05 100W LED00025146,https://static.rangdongstore.vn/product/Den-LED/Chieu-sang-duong/CSD05-100W/1.jpg?fm=webp&w=500,22,,,,6696000,,,,,"Công suất: 100W | Nguồn điện danh định: 220V/50Hz | Dạng Chip LED: SMT | Chỉ số bảo vệ: IP 66; IK 08 | Dimming: 5 cấp công suất | Điện áp có thể hoạt động: 100V – 277V | Dòng điện (Max): 110 mA | Hệ số công suất: 0,95 | Quang thông: 13500 lm | Hiệu suất sáng: 150 lm/W | Nhiệt độ màu ánh sáng:  5000K/4000K | Hệ số trả màu (CRI): >70 | Tuổi thọ đèn:  50.000 giờ | Chu kỳ tắt bật: 50.000 lần | Mức tiêu thụ điện 1000 giờ: 100 kWh | Chiếu dài: 702 mm | Hàm lượng thủy ngân: 0 mg | Thời gian khởi động của đèn: < 0,5 giây | Khối lượng: 7,5 kg | Chiều rộng: 316 mm | Chiều cao: 90 mm | Ánh sáng: Ánh sáng trung tính 5000K | Nhiệt độ màu: 5000K"
402,ĐÈN ĐƯỜNG LED 120W CSD05,CSD05 120W LED00025152,https://static.rangdongstore.vn/product/Den-LED/Chieu-sang-duong/CSD05-120W/1-CSD05L-120.jpg?fm=webp&w=500,22,,,,7020000,,,,,"Công suất: 120W | Nguồn điện danh định: 220V/50Hz | Dạng Chip LED: SMT | Chỉ số bảo vệ: IP 66; IK 08 | Dimming: 5 cấp công suất | Điện áp có thể hoạt động: 100V – 277V | Dòng điện (Max): 120 mA | Hệ số công suất: 0,95 | Quang thông: 17400 lm | Hiệu suất sáng: 145 lm/W | Nhiệt độ màu ánh sáng:  5000K/4000K | Hệ số trả màu (CRI): >70 | Tuổi thọ đèn:  50.000 giờ | Chu kỳ tắt bật: 50.000 lần | Mức tiêu thụ điện 1000 giờ: 120 kWh | Chiếu dài: 702 mm | Hàm lượng thủy ngân: 0 mg | Thời gian khởi động của đèn: < 0,5 giây | Khối lượng: 7,5 kg | Chiều rộng: 316 mm | Chiều cao: 90 mm | Ánh sáng: Ánh sáng trung tính 5000K | Nhiệt độ màu: 5000K"
403,ĐÈN ĐƯỜNG LED 120W CSD05,CSD05 120W LED00025149,https://static.rangdongstore.vn/product/Den-LED/Chieu-sang-duong/CSD05-120W/1-CSD05L-120.jpg?fm=webp&w=500,22,,,,7020000,,,,,"Công suất: 120W | Nguồn điện danh định: 220V/50Hz | Dạng Chip LED: SMT | Chỉ số bảo vệ: IP 66; IK 08 | Dimming: 5 cấp công suất | Điện áp có thể hoạt động: 100V – 277V | Dòng điện (Max): 120 mA | Hệ số công suất: 0,95 | Quang thông: 17400 lm | Hiệu suất sáng: 145 lm/W | Nhiệt độ màu ánh sáng:  5000K/4000K | Hệ số trả màu (CRI): >70 | Tuổi thọ đèn:  50.000 giờ | Chu kỳ tắt bật: 50.000 lần | Mức tiêu thụ điện 1000 giờ: 120 kWh | Chiếu dài: 702 mm | Hàm lượng thủy ngân: 0 mg | Thời gian khởi động của đèn: < 0,5 giây | Khối lượng: 7,5 kg | Chiều rộng: 316 mm | Chiều cao: 90 mm | Ánh sáng: Ánh sáng trung tính 5000K | Nhiệt độ màu: 5000K"
404,ĐÈN ĐƯỜNG LED 150W CSD05,CSD05 150W LED00038677,https://static.rangdongstore.vn/product/Den-LED/Chieu-sang-duong/CSD05-150W/1-CSD05L-150.jpg?fm=webp&w=500,22,,,,7344000,,,,,"Công suất: 150W | Nguồn điện danh định: 220V/50Hz | Dạng Chip LED: SMT | Chỉ số bảo vệ: IP 66; IK 08 | Dimming: 5 cấp công suất | Điện áp có thể hoạt động: 100V – 277V | Dòng điện (Max): 150 mA | Hệ số công suất: 0,95 | Quang thông: 20250 lm | Hiệu suất sáng: 135 lm/W | Nhiệt độ màu ánh sáng:  5000K/4000K | Hệ số trả màu (CRI): >70 | Tuổi thọ đèn:  50.000 giờ | Chu kỳ tắt bật: 50.000 lần | Mức tiêu thụ điện 1000 giờ: 150 kWh | Chiếu dài: 702 mm | Hàm lượng thủy ngân: 0 mg | Thời gian khởi động của đèn: < 0,5 giây | Khối lượng: 7,5 kg | Chiều rộng: 316 mm | Chiều cao: 90 mm | Ánh sáng: Ánh sáng trung tính 5000K | Nhiệt độ màu: 5000K"
405,ĐÈN ĐƯỜNG LED 150W CSD05,CSD05 150W LED00025151,https://static.rangdongstore.vn/product/Den-LED/Chieu-sang-duong/CSD05-150W/1-CSD05L-150.jpg?fm=webp&w=500,22,,,,7344000,,,,,"Công suất: 150W | Nguồn điện danh định: 220V/50Hz | Dạng Chip LED: SMT | Chỉ số bảo vệ: IP 66; IK 08 | Dimming: 5 cấp công suất | Điện áp có thể hoạt động: 100V – 277V | Dòng điện (Max): 150 mA | Hệ số công suất: 0,95 | Quang thông: 20250 lm | Hiệu suất sáng: 135 lm/W | Nhiệt độ màu ánh sáng:  5000K/4000K | Hệ số trả màu (CRI): >70 | Tuổi thọ đèn:  50.000 giờ | Chu kỳ tắt bật: 50.000 lần | Mức tiêu thụ điện 1000 giờ: 150 kWh | Chiếu dài: 702 mm | Hàm lượng thủy ngân: 0 mg | Thời gian khởi động của đèn: < 0,5 giây | Khối lượng: 7,5 kg | Chiều rộng: 316 mm | Chiều cao: 90 mm | Ánh sáng: Ánh sáng trung tính 5000K | Nhiệt độ màu: 5000K"
406,ĐÈN ĐƯỜNG LED 150W CSD05,CSD05 150W LED00025150,https://static.rangdongstore.vn/product/Den-LED/Chieu-sang-duong/CSD05-150W/1-CSD05L-150.jpg?fm=webp&w=500,22,,,,7344000,,,,,"Công suất: 150W | Nguồn điện danh định: 220V/50Hz | Dạng Chip LED: SMT | Chỉ số bảo vệ: IP 66; IK 08 | Dimming: 5 cấp công suất | Điện áp có thể hoạt động: 100V – 277V | Dòng điện (Max): 150 mA | Hệ số công suất: 0,95 | Quang thông: 20250 lm | Hiệu suất sáng: 135 lm/W | Nhiệt độ màu ánh sáng:  5000K/4000K | Hệ số trả màu (CRI): >70 | Tuổi thọ đèn:  50.000 giờ | Chu kỳ tắt bật: 50.000 lần | Mức tiêu thụ điện 1000 giờ: 150 kWh | Chiếu dài: 702 mm | Hàm lượng thủy ngân: 0 mg | Thời gian khởi động của đèn: < 0,5 giây | Khối lượng: 7,5 kg | Chiều rộng: 316 mm | Chiều cao: 90 mm | Ánh sáng: Ánh sáng trung tính 5000K | Nhiệt độ màu: 5000K"
407,ĐÈN LED CHIẾU SÁNG ĐƯỜNG CSD10 200W 4000K,CSD10 200W LED00071398,https://static.rangdongstore.vn/240524018582/2024/05/24/CSD10-200W.jpg?fm=webp&w=500,22,,,,8640000,,,,,"Công suất: 200W | Chỉ số bảo vệ: IP66; IK09 | Dimming: 5 cấp công suất | Dòng điện (Max): 2.2 A | Hệ số công suất: 0,95 | Quang thông: 30000 lm | Hiệu suất sáng: 150 lm/W | Nhiệt độ màu ánh sáng:  4000K/5000K | Hệ số trả màu (CRI): ≥ 70 | Tuổi thọ đèn:  50.000 giờ | Khối lượng: 8.0 kg | Chiều rộng: 301 mm | Chiều cao: 103 mm | Ánh sáng: Ánh sáng trung tính 5000K | Điện áp nguồn danh định: 220V | Dải điện áp hoạt động: (100 – 277)V | Chiều dài: 768 mm | Đường kính lỗ bắt đèn: Ø 65 mm | Nhiệt độ màu: 5000K"
408,ĐÈN LED CHIẾU SÁNG ĐƯỜNG CSD10 200W 4000K,CSD10 200W LED00067362,https://static.rangdongstore.vn/240524018582/2024/05/24/CSD10-200W.jpg?fm=webp&w=500,22,,,,8640000,,,,,"Công suất: 200W | Chỉ số bảo vệ: IP66; IK09 | Dimming: 5 cấp công suất | Dòng điện (Max): 2.2 A | Hệ số công suất: 0,95 | Quang thông: 30000 lm | Hiệu suất sáng: 150 lm/W | Nhiệt độ màu ánh sáng:  4000K/5000K | Hệ số trả màu (CRI): ≥ 70 | Tuổi thọ đèn:  50.000 giờ | Khối lượng: 8.0 kg | Chiều rộng: 301 mm | Chiều cao: 103 mm | Ánh sáng: Ánh sáng trung tính 5000K | Điện áp nguồn danh định: 220V | Dải điện áp hoạt động: (100 – 277)V | Chiều dài: 768 mm | Đường kính lỗ bắt đèn: Ø 65 mm | Nhiệt độ màu: 5000K"
409,ĐÈN LED CHIẾU SÁNG ĐƯỜNG CSD10 150W 4000K,CSD10 150W LED00071397,https://static.rangdongstore.vn/240524018581/2024/05/24/CSD10-150W.jpg?fm=webp&w=500,22,,,,7020000,,,,,"Công suất: 150W | Chỉ số bảo vệ: IP66; IK09 | Dimming: 5 cấp công suất | Dòng điện (Max): 1.6 A | Hệ số công suất: 0,95 | Quang thông: 22500 lm | Hiệu suất sáng: 150 lm/W | Nhiệt độ màu ánh sáng:  4000K/5000K | Hệ số trả màu (CRI): ≥ 70 | Tuổi thọ đèn:  50.000 giờ | Khối lượng: 4.5 kg | Chiều rộng: 272 mm | Chiều cao: 103 mm | Ánh sáng: Ánh sáng trung tính 5000K | Điện áp nguồn danh định: 220V | Dải điện áp hoạt động: (100 – 277)V | Chiều dài: 627 mm | Đường kính lỗ bắt đèn: Ø 65 mm | Nhiệt độ màu: 5000K"
410,ĐÈN LED CHIẾU SÁNG ĐƯỜNG CSD10 150W 4000K,CSD10 150W LED00067361,https://static.rangdongstore.vn/240524018581/2024/05/24/CSD10-150W.jpg?fm=webp&w=500,22,,,,7020000,,,,,"Công suất: 150W | Chỉ số bảo vệ: IP66; IK09 | Dimming: 5 cấp công suất | Dòng điện (Max): 1.6 A | Hệ số công suất: 0,95 | Quang thông: 22500 lm | Hiệu suất sáng: 150 lm/W | Nhiệt độ màu ánh sáng:  4000K/5000K | Hệ số trả màu (CRI): ≥ 70 | Tuổi thọ đèn:  50.000 giờ | Khối lượng: 4.5 kg | Chiều rộng: 272 mm | Chiều cao: 103 mm | Ánh sáng: Ánh sáng trung tính 5000K | Điện áp nguồn danh định: 220V | Dải điện áp hoạt động: (100 – 277)V | Chiều dài: 627 mm | Đường kính lỗ bắt đèn: Ø 65 mm | Nhiệt độ màu: 5000K"
411,ĐÈN ĐƯỜNG LED 80W CSD04,CSD04 80W LED00023010,https://static.rangdongstore.vn/product/Den-LED/Chieu-sang-duong/CSD04-80W/1.jpg?fm=webp&w=500,22,,,,7236000,,,,,"Công suất: 80W | Nguồn điện danh định: 220V/50-60Hz | Dạng Chip LED: SMT | Chỉ số bảo vệ: IP66; IK 10 | Dimming: 5 cấp công suất | Điện áp có thể hoạt động: 100V – 277V | Dòng điện (Max): 0.9A | Hệ số công suất: 0,95 | Quang thông: 10400 lm | Hiệu suất sáng: 130 lm/W | Nhiệt độ màu ánh sáng:  5000K/4000K | Hệ số trả màu (CRI): >=70 | Tuổi thọ đèn:  50.000 giờ | Chu kỳ tắt bật: 50.000 lần | Mức tiêu thụ điện 1000 giờ: 80 kWh | Chiếu dài: 504 mm | Hàm lượng thủy ngân: 0 mg | Thời gian khởi động của đèn: < 0,5 giây | Khối lượng: 6,3 kg | Chiều rộng: 316 mm | Chiều cao: 136 mm | Ánh sáng: Ánh sáng trung tính 5000K | Nhiệt độ màu: 5000K"
412,ĐÈN ĐƯỜNG LED 80W CSD04,CSD04 80W LED00025809,https://static.rangdongstore.vn/product/Den-LED/Chieu-sang-duong/CSD04-80W/1.jpg?fm=webp&w=500,22,,,,7236000,,,,,"Công suất: 80W | Nguồn điện danh định: 220V/50-60Hz | Dạng Chip LED: SMT | Chỉ số bảo vệ: IP66; IK 10 | Dimming: 5 cấp công suất | Điện áp có thể hoạt động: 100V – 277V | Dòng điện (Max): 0.9A | Hệ số công suất: 0,95 | Quang thông: 10400 lm | Hiệu suất sáng: 130 lm/W | Nhiệt độ màu ánh sáng:  5000K/4000K | Hệ số trả màu (CRI): >=70 | Tuổi thọ đèn:  50.000 giờ | Chu kỳ tắt bật: 50.000 lần | Mức tiêu thụ điện 1000 giờ: 80 kWh | Chiếu dài: 504 mm | Hàm lượng thủy ngân: 0 mg | Thời gian khởi động của đèn: < 0,5 giây | Khối lượng: 6,3 kg | Chiều rộng: 316 mm | Chiều cao: 136 mm | Ánh sáng: Ánh sáng trung tính 5000K | Nhiệt độ màu: 5000K"
413,ĐÈN ĐƯỜNG LED 100W CSD04,CSD04 100W LED00027482,https://static.rangdongstore.vn/product/Den-LED/Chieu-sang-duong/CSD04-100W/1.jpg?fm=webp&w=500,22,,,,7668000,,,,,"Công suất: 100W | Nguồn điện danh định: 220V/50-60Hz | Dạng Chip LED: SMT | Chỉ số bảo vệ: IP66; IK 10 | Dimming: 5 cấp công suất | Điện áp có thể hoạt động: 100V – 277V | Dòng điện (Max): 1.1A | Hệ số công suất: 0,95 | Quang thông: 13000 lm | Hiệu suất sáng: 130 lm/W | Nhiệt độ màu ánh sáng:  5000K/4000K | Hệ số trả màu (CRI): >=70 | Tuổi thọ đèn:  50.000 giờ | Chu kỳ tắt bật: 50.000 lần | Mức tiêu thụ điện 1000 giờ: 100 kWh | Chiếu dài: 504 mm | Hàm lượng thủy ngân: 0 mg | Thời gian khởi động của đèn: < 0,5 giây | Khối lượng: 6,3 kg | Chiều rộng: 316 mm | Chiều cao: 136 mm | Ánh sáng: Ánh sáng trung tính 5000K | Nhiệt độ màu: 5000K"
414,ĐÈN ĐƯỜNG LED 100W CSD04,CSD04 100W LED00025285,https://static.rangdongstore.vn/product/Den-LED/Chieu-sang-duong/CSD04-100W/1.jpg?fm=webp&w=500,22,,,,7668000,,,,,"Công suất: 100W | Nguồn điện danh định: 220V/50-60Hz | Dạng Chip LED: SMT | Chỉ số bảo vệ: IP66; IK 10 | Dimming: 5 cấp công suất | Điện áp có thể hoạt động: 100V – 277V | Dòng điện (Max): 1.1A | Hệ số công suất: 0,95 | Quang thông: 13000 lm | Hiệu suất sáng: 130 lm/W | Nhiệt độ màu ánh sáng:  5000K/4000K | Hệ số trả màu (CRI): >=70 | Tuổi thọ đèn:  50.000 giờ | Chu kỳ tắt bật: 50.000 lần | Mức tiêu thụ điện 1000 giờ: 100 kWh | Chiếu dài: 504 mm | Hàm lượng thủy ngân: 0 mg | Thời gian khởi động của đèn: < 0,5 giây | Khối lượng: 6,3 kg | Chiều rộng: 316 mm | Chiều cao: 136 mm | Ánh sáng: Ánh sáng trung tính 5000K | Nhiệt độ màu: 5000K"
415,ĐÈN ĐƯỜNG LED 120W CSD04,CSD04 120W LED00025810,https://static.rangdongstore.vn/product/Den-LED/Chieu-sang-duong/CSD04-150W/1.jpg?fm=webp&w=500,22,,,,8316000,,,,,"Công suất: 120W | Nguồn điện danh định: 220V/50Hz | Dạng Chip LED: SMT | Chỉ số bảo vệ: IP 66; IK 10 | Dimming: 5 cấp công suất | Điện áp có thể hoạt động: 100V – 277V | Dòng điện (Max): 1.3 A | Hệ số công suất: 0,95 | Quang thông: 15600lm | Hiệu suất sáng: 130 lm/W | Nhiệt độ màu ánh sáng:  5000K/4000K | Hệ số trả màu (CRI): >=70 | Tuổi thọ đèn:  50.000 giờ | Chu kỳ tắt bật: 50.000 lần | Mức tiêu thụ điện 1000 giờ: 120 kWh | Chiếu dài: 577 mm | Hàm lượng thủy ngân: 0 mg | Thời gian khởi động của đèn: < 0,5 giây | Khối lượng: 7,4 kg | Chiều rộng: 316 mm | Chiều cao: 136 mm | Ánh sáng: Ánh sáng trung tính 5000K | Nhiệt độ màu: 5000K"
416,ĐÈN ĐƯỜNG LED 120W CSD04,CSD04 120W LED00024365,https://static.rangdongstore.vn/product/Den-LED/Chieu-sang-duong/CSD04-150W/1.jpg?fm=webp&w=500,22,,,,8316000,,,,,"Công suất: 120W | Nguồn điện danh định: 220V/50Hz | Dạng Chip LED: SMT | Chỉ số bảo vệ: IP 66; IK 10 | Dimming: 5 cấp công suất | Điện áp có thể hoạt động: 100V – 277V | Dòng điện (Max): 1.3 A | Hệ số công suất: 0,95 | Quang thông: 15600lm | Hiệu suất sáng: 130 lm/W | Nhiệt độ màu ánh sáng:  5000K/4000K | Hệ số trả màu (CRI): >=70 | Tuổi thọ đèn:  50.000 giờ | Chu kỳ tắt bật: 50.000 lần | Mức tiêu thụ điện 1000 giờ: 120 kWh | Chiếu dài: 577 mm | Hàm lượng thủy ngân: 0 mg | Thời gian khởi động của đèn: < 0,5 giây | Khối lượng: 7,4 kg | Chiều rộng: 316 mm | Chiều cao: 136 mm | Ánh sáng: Ánh sáng trung tính 5000K | Nhiệt độ màu: 5000K"
417,ĐÈN ĐƯỜNG LED 150W CSD04,CSD04 150W LED00025157,https://static.rangdongstore.vn/product/Den-LED/Chieu-sang-duong/CSD04-150W/1.jpg?fm=webp&w=500,22,,,,9072000,7258000.0,,,,"Công suất: 150W | Nguồn điện danh định: 220V/50-60Hz | Dạng Chip LED: SMT | Chỉ số bảo vệ: IP 66; IK 10 | Dimming: 5 cấp công suất | Điện áp có thể hoạt động: 100V – 277V | Dòng điện (Max): 1.7 A | Hệ số công suất: 0,95 | Quang thông: 19500 lm | Hiệu suất sáng: 130 lm/W | Nhiệt độ màu ánh sáng:  5000K/4000K | Hệ số trả màu (CRI): >= 70 | Tuổi thọ đèn:  50.000 giờ | Chu kỳ tắt bật: 50.000 lần | Mức tiêu thụ điện 1000 giờ: 150 kWh | Chiếu dài: 577 mm | Hàm lượng thủy ngân: 0 mg | Thời gian khởi động của đèn: < 0,5 giây | Khối lượng: 7,4 kg | Chiều rộng: 316 mm | Chiều cao: 136 mm | Ánh sáng: Ánh sáng trung tính 5000K | Nhiệt độ màu: 5000K"
418,ĐÈN ĐƯỜNG LED 150W CSD04,CSD04 150W LED00017845,https://static.rangdongstore.vn/product/Den-LED/Chieu-sang-duong/CSD04-150W/1.jpg?fm=webp&w=500,22,,,,9072000,,,,,"Công suất: 150W | Nguồn điện danh định: 220V/50-60Hz | Dạng Chip LED: SMT | Chỉ số bảo vệ: IP 66; IK 10 | Dimming: 5 cấp công suất | Điện áp có thể hoạt động: 100V – 277V | Dòng điện (Max): 1.7 A | Hệ số công suất: 0,95 | Quang thông: 19500 lm | Hiệu suất sáng: 130 lm/W | Nhiệt độ màu ánh sáng:  5000K/4000K | Hệ số trả màu (CRI): >= 70 | Tuổi thọ đèn:  50.000 giờ | Chu kỳ tắt bật: 50.000 lần | Mức tiêu thụ điện 1000 giờ: 150 kWh | Chiếu dài: 577 mm | Hàm lượng thủy ngân: 0 mg | Thời gian khởi động của đèn: < 0,5 giây | Khối lượng: 7,4 kg | Chiều rộng: 316 mm | Chiều cao: 136 mm | Ánh sáng: Ánh sáng trung tính 5000K | Nhiệt độ màu: 5000K"
419,ĐÈN ĐƯỜNG LED 180W CSD04,CSD04 180W LED00031170,https://static.rangdongstore.vn/product/Den-LED/Chieu-sang-duong/CSD04-180W/1.jpg?fm=webp&w=500,22,,,,9504000,,,,,"Công suất: 180W | Nguồn điện danh định: 220V/50-60Hz | Dạng Chip LED: SMT | Chỉ số bảo vệ: IP 66; IK 10 | Dimming: 5 cấp công suất | Điện áp có thể hoạt động: 100V – 277V | Dòng điện (Max): 2.0 A | Hệ số công suất: 0,95 | Quang thông: 23400 lm | Hiệu suất sáng: 130 lm/W | Nhiệt độ màu ánh sáng:  5000K/4000K | Hệ số trả màu (CRI): >=70 | Tuổi thọ đèn:  50.000 giờ | Chu kỳ tắt bật: 50.000 lần | Mức tiêu thụ điện 1000 giờ: 180 kWh | Chiếu dài: 650mm | Hàm lượng thủy ngân: 0 mg | Thời gian khởi động của đèn: < 0,5 giây | Khối lượng: 8,2 kg | Chiều rộng: 316 mm | Chiều cao: 136 mm | Ánh sáng: Ánh sáng trung tính 5000K | Nhiệt độ màu: 5000K"
420,ĐÈN LED CHIẾU SÁNG ĐƯỜNG CSD04 200W,CSD04 200W LED00044431,https://static.rangdongstore.vn/230314010303/2023/03/14/d6d9988b-a0a6-42d1-b727-46f0bb7ffa03.jpeg?fm=webp&w=500,22,,,,10260000,,,,,Ánh sáng: Ánh sáng trung tính 5000K | Nhiệt độ màu: 5000K
421,ĐÈN ĐƯỜNG LED 80W CSD08,CSD08 80W LED00043660,https://static.rangdongstore.vn/product/Den-LED/Chieu-sang-duong/CSD08-80W/1.jpg?fm=webp&w=500,22,,,,5292000,,,,,Công suất: Điện áp | Ánh sáng: Ánh sáng trung tính 5000K | (W):  (V/Hz) | 80: 220/50-60 | Nhiệt độ màu: 5000K
422,ĐÈN ĐƯỜNG LED 100W CSD08,CSD08 100W LED00043944,https://static.rangdongstore.vn/product/Den-LED/Chieu-sang-duong/CSD08-100W/1.jpg?fm=webp&w=500,22,,,,6588000,,,,,Công suất: Điện áp | Ánh sáng: Ánh sáng trung tính 5000K | (W):  (V/Hz) | 100: 220/50-60 | Nhiệt độ màu: 5000K
423,ĐÈN ĐƯỜNG LED 100W CSD08,CSD08 100W LED00043556,https://static.rangdongstore.vn/product/Den-LED/Chieu-sang-duong/CSD08-100W/1.jpg?fm=webp&w=500,22,,,,6588000,,,,,Công suất: Điện áp | Ánh sáng: Ánh sáng trung tính 5000K | (W):  (V/Hz) | 100: 220/50-60 | Nhiệt độ màu: 5000K
424,ĐÈN ĐƯỜNG LED 120W CSD08,CSD08 120W LED00043663,https://static.rangdongstore.vn/product/Den-LED/Chieu-sang-duong/CSD08-120W/1.jpg?fm=webp&w=500,22,,,,6804000,,,,,Công suất: Điện áp | Ánh sáng: Ánh sáng trung tính 5000K | (W):  (V/Hz) | 120: 220/50-60 | Nhiệt độ màu: 5000K
425,ĐÈN ĐƯỜNG LED 150W CSD08,CSD08 150W LED00044278,https://static.rangdongstore.vn/product/Den-LED/Chieu-sang-duong/CSD08-150W/1.jpg?fm=webp&w=500,22,,,,7020000,,,,,Công suất: Điện áp | Ánh sáng: Ánh sáng trung tính 5000K | (W):  (V/Hz) | 150: 220/50-60 | Nhiệt độ màu: 5000K
426,ĐÈN ĐƯỜNG LED 200W CSD08,CSD08 200W LED00044277,https://static.rangdongstore.vn/product/Den-LED/Chieu-sang-duong/CSD08-150W/1.jpg?fm=webp&w=500,22,,,,8640000,,,,,Công suất: Điện áp | Ánh sáng: Ánh sáng trung tính 5000K | (W):  (V/Hz) | 200: 220/50-60 | Nhiệt độ màu: 5000K
427,ĐÈN LED CHIẾU SÁNG ĐƯỜNG CSD10 100W 4000K,CSD10 100W LED00071396,https://static.rangdongstore.vn/240524018580/2024/05/24/CSD10-100W.jpg?fm=webp&w=500,22,,,,6588000,,,,,"Công suất: 100W | Chỉ số bảo vệ: IP66; IK09 | Dimming: 5 cấp công suất | Dòng điện (Max): 1.1 A | Hệ số công suất: 0,95 | Quang thông: 14000 lm | Hiệu suất sáng: 140 lm/W | Nhiệt độ màu ánh sáng:  4000K/5000K | Hệ số trả màu (CRI): ≥ 70 | Tuổi thọ đèn:  50.000 giờ | Khối lượng: 4.0 kg | Chiều rộng: 232 mm | Chiều cao: 103 mm | Ánh sáng: Ánh sáng trung tính 5000K | Điện áp nguồn danh định: 220V | Dải điện áp hoạt động: (100 – 277)V | Chiều dài: 577 mm | Đường kính lỗ bắt đèn: Ø 65 mm | Nhiệt độ màu: 5000K"
428,ĐÈN LED CHIẾU SÁNG ĐƯỜNG CSD10 100W 4000K,CSD10 100W LED00067287,https://static.rangdongstore.vn/240524018580/2024/05/24/CSD10-100W.jpg?fm=webp&w=500,22,,,,6588000,,,,,"Công suất: 100W | Chỉ số bảo vệ: IP66; IK09 | Dimming: 5 cấp công suất | Dòng điện (Max): 1.1 A | Hệ số công suất: 0,95 | Quang thông: 14000 lm | Hiệu suất sáng: 140 lm/W | Nhiệt độ màu ánh sáng:  4000K/5000K | Hệ số trả màu (CRI): ≥ 70 | Tuổi thọ đèn:  50.000 giờ | Khối lượng: 4.0 kg | Chiều rộng: 232 mm | Chiều cao: 103 mm | Ánh sáng: Ánh sáng trung tính 5000K | Điện áp nguồn danh định: 220V | Dải điện áp hoạt động: (100 – 277)V | Chiều dài: 577 mm | Đường kính lỗ bắt đèn: Ø 65 mm | Nhiệt độ màu: 5000K"
429,ĐÈN LED CHIẾU SÁNG ĐƯỜNG CSD02 100W,CSD02 100W LED00030273,https://static.rangdongstore.vn/220622009499/2022/06/22/D_CSD02_120W_22.jpg?fm=webp&w=500,22,,,,4158000,,,,,"Công suất: 100W | Nguồn điện danh định: 220V/50Hz | Dạng Chip LED: COB | Chỉ số bảo vệ: IP 66; IK 08 | Dimming: 5 cấp công suất | Điện áp có thể hoạt động: 100V – 270V | Dòng điện (Max):  0.8 A | Hệ số công suất: 0,95 | Quang thông: 12500 lm | Hiệu suất sáng: 125 lm/W | Nhiệt độ màu ánh sáng: 4000K/5000K | Hệ số trả màu (CRI): 80 | Tuổi thọ đèn:  50.000 giờ | Chu kỳ tắt bật: 50.000 lần | Mức tiêu thụ điện 1000 giờ: 100 kWh | Chiếu dài: 725 mm | Hàm lượng thủy ngân: 0 mg | Thời gian khởi động của đèn: < 0,5 giây | Khối lượng: 5,6 kg | Chiều rộng: 280 mm | Chiều cao: 100 mm | Ánh sáng: Ánh sáng trung tính 5000K | Nhiệt độ màu: 5000K"
430,ĐÈN LED CHIẾU SÁNG ĐƯỜNG CSD02 100W,CSD02 100W LED00011930,https://static.rangdongstore.vn/220622009499/2022/06/22/D_CSD02_120W_22.jpg?fm=webp&w=500,22,,,,4158000,,,,,"Công suất: 100W | Nguồn điện danh định: 220V/50Hz | Dạng Chip LED: COB | Chỉ số bảo vệ: IP 66; IK 08 | Dimming: 5 cấp công suất | Điện áp có thể hoạt động: 100V – 270V | Dòng điện (Max):  0.8 A | Hệ số công suất: 0,95 | Quang thông: 12500 lm | Hiệu suất sáng: 125 lm/W | Nhiệt độ màu ánh sáng: 4000K/5000K | Hệ số trả màu (CRI): 80 | Tuổi thọ đèn:  50.000 giờ | Chu kỳ tắt bật: 50.000 lần | Mức tiêu thụ điện 1000 giờ: 100 kWh | Chiếu dài: 725 mm | Hàm lượng thủy ngân: 0 mg | Thời gian khởi động của đèn: < 0,5 giây | Khối lượng: 5,6 kg | Chiều rộng: 280 mm | Chiều cao: 100 mm | Ánh sáng: Ánh sáng trung tính 5000K | Nhiệt độ màu: 5000K"
431,ĐÈN LED CHIẾU SÁNG ĐƯỜNG CSD02 30W,CSD02 30W 5000K LED00011751,https://static.rangdongstore.vn/220622009497/2022/06/22/1.jpg?fm=webp&w=500,22,,,,927000,649000.0,,,,Ánh sáng: Ánh sáng trung tính 5000K | Nhiệt độ màu: 5000K
432,ĐÈN ĐƯỜNG LED 60W CSD02,CSD02 60W LED00005833,https://static.rangdongstore.vn/product/Den-LED/Chieu-sang-duong/CSD02-60W/1.jpg?fm=webp&w=500,22,,,,3132000,,,,,"Công suất: 60W | Nguồn điện danh định: 220V/50-60Hz | Dạng Chip LED: COB | Chỉ số bảo vệ: IP 66; IK 08 | Dimming: 5 cấp công suất | Điện áp có thể hoạt động: 150V – 270V | Dòng điện (Max): 310 mA | Hệ số công suất: 0,95 | Quang thông:  6600 lm | Nhiệt độ màu ánh sáng:  5000K | Hệ số trả màu (CRI): 80 | Tuổi thọ đèn:  50.000 giờ | Chu kỳ tắt bật: 50.000 lần | Mức tiêu thụ điện 1000 giờ: 60 kWh | Chiếu dài: 620 mm | Hàm lượng thủy ngân: 0 mg | Thời gian khởi động của đèn: < 0,5 giây | Khối lượng: 3,3 kg | Chiều rộng: 260 mm | Chiều cao: 60 mm | Ánh sáng: Ánh sáng trung tính 5000K | Hiệu suất quang: 110 lm/W | Nhiệt độ màu: 5000K"
433,ĐÈN ĐƯỜNG LED 60W CSD02,CSD02 60W LED00005833,https://static.rangdongstore.vn/product/Den-LED/Chieu-sang-duong/CSD02-60W/1.jpg?fm=webp&w=500,22,,,,3132000,,,,,"Công suất: 60W | Nguồn điện danh định: 220V/50-60Hz | Dạng Chip LED: COB | Chỉ số bảo vệ: IP 66; IK 08 | Dimming: 5 cấp công suất | Điện áp có thể hoạt động: 150V – 270V | Dòng điện (Max): 310 mA | Hệ số công suất: 0,95 | Quang thông:  6600 lm | Nhiệt độ màu ánh sáng:  5000K | Hệ số trả màu (CRI): 80 | Tuổi thọ đèn:  50.000 giờ | Chu kỳ tắt bật: 50.000 lần | Mức tiêu thụ điện 1000 giờ: 60 kWh | Chiếu dài: 620 mm | Hàm lượng thủy ngân: 0 mg | Thời gian khởi động của đèn: < 0,5 giây | Khối lượng: 3,3 kg | Chiều rộng: 260 mm | Chiều cao: 60 mm | Hiệu suất quang: 110 lm/W | Nhiệt độ màu: 5000K"
434,ĐÈN ĐƯỜNG LED 70W CSD02,CSD02 70W LED00021435,https://static.rangdongstore.vn/product/Den-LED/Chieu-sang-duong/CSD02-70W/1.jpg?fm=webp&w=500,22,,,,3348000,,,,,"Công suất: 70W | Nguồn điện danh định: 220V/50Hz | Dạng Chip LED: COB | Chỉ số bảo vệ: IP 66; IK 08 | Dimming: 5 cấp công suất | Điện áp có thể hoạt động: 150V – 270V | Dòng điện (Max): 310 mA | Hệ số công suất: 0,9 | Quang thông: 7350 lm | Hiệu suất sáng: 100 lm/W | Nhiệt độ màu ánh sáng:  5000K/6500K | Hệ số trả màu (CRI): 80 | Tuổi thọ đèn:  50.000 giờ | Chu kỳ tắt bật: 50.000 lần | Mức tiêu thụ điện 1000 giờ: 70 kWh | Chiếu dài: 620 mm | Hàm lượng thủy ngân: 0 mg | Thời gian khởi động của đèn: < 0,5 giây | Khối lượng: 3,3 kg | Chiều rộng: 260 mm | Chiều cao: 100 mm | Nhiệt độ màu: 5000K"
435,ĐÈN ĐƯỜNG LED 70W CSD02,CSD02 70W LED00005399,https://static.rangdongstore.vn/product/Den-LED/Chieu-sang-duong/CSD02-70W/1.jpg?fm=webp&w=500,22,,,,3348000,,,,,"Công suất: 70W | Nguồn điện danh định: 220V/50Hz | Dạng Chip LED: COB | Chỉ số bảo vệ: IP 66; IK 08 | Dimming: 5 cấp công suất | Điện áp có thể hoạt động: 150V – 270V | Dòng điện (Max): 310 mA | Hệ số công suất: 0,9 | Quang thông: 7350 lm | Hiệu suất sáng: 100 lm/W | Nhiệt độ màu ánh sáng:  5000K/6500K | Hệ số trả màu (CRI): 80 | Tuổi thọ đèn:  50.000 giờ | Chu kỳ tắt bật: 50.000 lần | Mức tiêu thụ điện 1000 giờ: 70 kWh | Chiếu dài: 620 mm | Hàm lượng thủy ngân: 0 mg | Thời gian khởi động của đèn: < 0,5 giây | Khối lượng: 3,3 kg | Chiều rộng: 260 mm | Chiều cao: 100 mm | Nhiệt độ màu: 5000K"
436,ĐÈN ĐƯỜNG LED 120W CSD02,CSD02 120W LED00021364,https://static.rangdongstore.vn/product/Den-LED/Chieu-sang-duong/CSD02-120W/1.jpg?fm=webp&w=500,22,,,,4396000,,,,,"Công suất: 120W | Nguồn điện danh định: 220V/50Hz | Dạng Chip LED: COB | Chỉ số bảo vệ: IP 66; IK 08 | Dimming: 5 cấp công suất | Điện áp có thể hoạt động: 150V – 270V | Dòng điện (Max):  560 mA | Hệ số công suất: 0,9 | Quang thông: 13200 lm | Hiệu suất sáng: 110 lm/W | Nhiệt độ màu ánh sáng: 5000K | Hệ số trả màu (CRI): 80 | Tuổi thọ đèn:  50.000 giờ | Chu kỳ tắt bật: 50.000 lần | Mức tiêu thụ điện 1000 giờ: 120 kWh | Chiếu dài: 725 mm | Hàm lượng thủy ngân: 0 mg | Thời gian khởi động của đèn: < 0,5 giây | Khối lượng: 5,6 kg | Chiều rộng: 285 mm | Chiều cao: 90 mm | Nhiệt độ màu: 5000K"
437,ĐÈN ĐƯỜNG LED 120W CSD02,CSD02 120W LED00005401,https://static.rangdongstore.vn/product/Den-LED/Chieu-sang-duong/CSD02-120W/1.jpg?fm=webp&w=500,22,,,,4396000,,,,,"Công suất: 120W | Nguồn điện danh định: 220V/50Hz | Dạng Chip LED: COB | Chỉ số bảo vệ: IP 66; IK 08 | Dimming: 5 cấp công suất | Điện áp có thể hoạt động: 150V – 270V | Dòng điện (Max):  560 mA | Hệ số công suất: 0,9 | Quang thông: 13200 lm | Hiệu suất sáng: 110 lm/W | Nhiệt độ màu ánh sáng: 5000K | Hệ số trả màu (CRI): 80 | Tuổi thọ đèn:  50.000 giờ | Chu kỳ tắt bật: 50.000 lần | Mức tiêu thụ điện 1000 giờ: 120 kWh | Chiếu dài: 725 mm | Hàm lượng thủy ngân: 0 mg | Thời gian khởi động của đèn: < 0,5 giây | Khối lượng: 5,6 kg | Chiều rộng: 285 mm | Chiều cao: 90 mm | Nhiệt độ màu: 5000K"
438,ĐÈN ĐƯỜNG LED 150W CSD02,CSD02 150W LED00022030,https://static.rangdongstore.vn/product/Den-LED/Chieu-sang-duong/CSD02-150W/1.jpg?fm=webp&w=500,22,,,,6178000,,,,,"Công suất: 150W | Nguồn điện danh định: 220V/50Hz | Dạng Chip LED: COB | Chỉ số bảo vệ: IP 66; IK 08 | Dimming: 5 cấp công suất | Điện áp có thể hoạt động: 150V – 270V | Dòng điện (Max): 700 mA | Hệ số công suất: 0,9 | Quang thông: 16500 lm | Hiệu suất sáng: 110 lm/W | Nhiệt độ màu ánh sáng: 5000K | Hệ số trả màu (CRI): 80 | Tuổi thọ đèn:  50.000 giờ | Chu kỳ tắt bật: 50.000 lần | Mức tiêu thụ điện 1000 giờ: 150 kWh | Chiếu dài: 725 mm | Hàm lượng thủy ngân: 0 mg | Thời gian khởi động của đèn: < 0,5 giây | Khối lượng: 5,6 kg | Chiều rộng: 285 mm | Chiều cao: 90 mm | Nhiệt độ màu: 5000K"
439,ĐÈN ĐƯỜNG LED 150W CSD02,CSD02 150W LED00005403,https://static.rangdongstore.vn/product/Den-LED/Chieu-sang-duong/CSD02-150W/1.jpg?fm=webp&w=500,22,,,,6178000,,,,,"Công suất: 150W | Nguồn điện danh định: 220V/50Hz | Dạng Chip LED: COB | Chỉ số bảo vệ: IP 66; IK 08 | Dimming: 5 cấp công suất | Điện áp có thể hoạt động: 150V – 270V | Dòng điện (Max): 700 mA | Hệ số công suất: 0,9 | Quang thông: 16500 lm | Hiệu suất sáng: 110 lm/W | Nhiệt độ màu ánh sáng: 5000K | Hệ số trả màu (CRI): 80 | Tuổi thọ đèn:  50.000 giờ | Chu kỳ tắt bật: 50.000 lần | Mức tiêu thụ điện 1000 giờ: 150 kWh | Chiếu dài: 725 mm | Hàm lượng thủy ngân: 0 mg | Thời gian khởi động của đèn: < 0,5 giây | Khối lượng: 5,6 kg | Chiều rộng: 285 mm | Chiều cao: 90 mm | Nhiệt độ màu: 5000K"
440,ĐÈN ĐƯỜNG LED 200W CSD02,CSD02 200W LED00020808,https://static.rangdongstore.vn/product/Den-LED/Chieu-sang-duong/CSD02-200W/1.jpg?fm=webp&w=500,22,,,,7092000,,,,,"Công suất: 200W | Nguồn điện danh định: 220V/50-60Hz | Dạng Chip LED: COB | Chỉ số bảo vệ: IP 66; IK 08 | Dimming: 2 cấp công suất | Điện áp có thể hoạt động: 100V – 277V | Dòng điện (Max): 150 mA | Hệ số công suất: 0,9 | Quang thông: 23000 lm | Hiệu suất sáng: 110 lm/W | Nhiệt độ màu ánh sáng:  5000K | Hệ số trả màu (CRI): 80 | Tuổi thọ đèn: 50000 giờ | Chu kỳ tắt bật: 50.000 lần | Mức tiêu thụ điện 1000 giờ: 200 kWh | Chiếu dài: 830 mm | Hàm lượng thủy ngân: 0 mg | Thời gian khởi động của đèn: < 0,5 giây | Khối lượng: 0,8 kg | Chiều rộng: 340 mm | Chiều cao: 100 mm | Nhiệt độ màu: 5000K"
441,ĐÈN ĐƯỜNG LED 200W CSD02,CSD02 200W LED00022082,https://static.rangdongstore.vn/product/Den-LED/Chieu-sang-duong/CSD02-200W/1.jpg?fm=webp&w=500,22,,,,7092000,,,,,"Công suất: 200W | Nguồn điện danh định: 220V/50-60Hz | Dạng Chip LED: COB | Chỉ số bảo vệ: IP 66; IK 08 | Dimming: 2 cấp công suất | Điện áp có thể hoạt động: 100V – 277V | Dòng điện (Max): 150 mA | Hệ số công suất: 0,9 | Quang thông: 23000 lm | Hiệu suất sáng: 110 lm/W | Nhiệt độ màu ánh sáng:  5000K | Hệ số trả màu (CRI): 80 | Tuổi thọ đèn: 50000 giờ | Chu kỳ tắt bật: 50.000 lần | Mức tiêu thụ điện 1000 giờ: 200 kWh | Chiếu dài: 830 mm | Hàm lượng thủy ngân: 0 mg | Thời gian khởi động của đèn: < 0,5 giây | Khối lượng: 0,8 kg | Chiều rộng: 340 mm | Chiều cao: 100 mm | Nhiệt độ màu: 5000K"
442,ĐÈN ĐƯỜNG LED 80W CSD06,CSD06 80W LED00036144,https://static.rangdongstore.vn/product/Den-LED/Chieu-sang-duong/CSD06-80W/1.jpg?fm=webp&w=500,22,,,,6043000,,,,,"Công suất: 80W | Nguồn điện danh định: 220V/50Hz | Dạng Chip LED: SMT | Chỉ số bảo vệ: IP 66; IK 08 | Dimming: 5 cấp công suất | Điện áp có thể hoạt động: 100V – 277V | Dòng điện (Max): 110 mA | Hệ số công suất: 0,95 | Quang thông: 10400 lm | Hiệu suất sáng: 130 lm/W | Nhiệt độ màu ánh sáng:  5000K | Hệ số trả màu (CRI): 70 | Tuổi thọ đèn:  50.000 giờ | Chu kỳ tắt bật: 50.000 lần | Mức tiêu thụ điện 1000 giờ: 80 kWh | Chiếu dài: 622 mm | Hàm lượng thủy ngân: 0 mg | Thời gian khởi động của đèn: < 0,5 giây | Khối lượng: 6,5 kg | Chiều rộng: 259 mm | Chiều cao: 181 mm | Nhiệt độ màu: 5000K"
443,ĐÈN ĐƯỜNG LED 80W CSD06,CSD06 80W LED00029956,https://static.rangdongstore.vn/product/Den-LED/Chieu-sang-duong/CSD06-80W/1.jpg?fm=webp&w=500,22,,,,6043000,,,,,"Công suất: 80W | Nguồn điện danh định: 220V/50Hz | Dạng Chip LED: SMT | Chỉ số bảo vệ: IP 66; IK 08 | Dimming: 5 cấp công suất | Điện áp có thể hoạt động: 100V – 277V | Dòng điện (Max): 110 mA | Hệ số công suất: 0,95 | Quang thông: 10400 lm | Hiệu suất sáng: 130 lm/W | Nhiệt độ màu ánh sáng:  5000K | Hệ số trả màu (CRI): 70 | Tuổi thọ đèn:  50.000 giờ | Chu kỳ tắt bật: 50.000 lần | Mức tiêu thụ điện 1000 giờ: 80 kWh | Chiếu dài: 622 mm | Hàm lượng thủy ngân: 0 mg | Thời gian khởi động của đèn: < 0,5 giây | Khối lượng: 6,5 kg | Chiều rộng: 259 mm | Chiều cao: 181 mm | Nhiệt độ màu: 5000K"
444,ĐÈN ĐƯỜNG LED 100W CSD06,CSD06 100W LED00023934,https://static.rangdongstore.vn/product/Den-LED/Chieu-sang-duong/CSD06-100W/1.jpg?fm=webp&w=500,22,,,,6524000,,,,,"Công suất: 100W | Nguồn điện danh định: 220V/50Hz | Dạng Chip LED: SMT | Chỉ số bảo vệ: IP 66; IK 08 | Dimming: 5 cấp công suất | Điện áp có thể hoạt động: 100V – 277V | Dòng điện (Max): 110 mA | Hệ số công suất: 0,95 | Quang thông: 13000 lm | Hiệu suất sáng: 130 lm/W | Nhiệt độ màu ánh sáng:  5000K | Hệ số trả màu (CRI): 70 | Tuổi thọ đèn:  50.000 giờ | Chu kỳ tắt bật: 50.000 lần | Mức tiêu thụ điện 1000 giờ: 100 kWh | Chiếu dài: 622 mm | Hàm lượng thủy ngân: 0 mg | Thời gian khởi động của đèn: < 0,5 giây | Khối lượng: 6,5 kg | Chiều rộng: 259 mm | Chiều cao: 181 mm | Nhiệt độ màu: 5000K"
445,ĐÈN ĐƯỜNG LED 100W CSD06,CSD06 100W LED00029757,https://static.rangdongstore.vn/product/Den-LED/Chieu-sang-duong/CSD06-100W/1.jpg?fm=webp&w=500,22,,,,6524000,,,,,"Công suất: 100W | Nguồn điện danh định: 220V/50Hz | Dạng Chip LED: SMT | Chỉ số bảo vệ: IP 66; IK 08 | Dimming: 5 cấp công suất | Điện áp có thể hoạt động: 100V – 277V | Dòng điện (Max): 110 mA | Hệ số công suất: 0,95 | Quang thông: 13000 lm | Hiệu suất sáng: 130 lm/W | Nhiệt độ màu ánh sáng:  5000K | Hệ số trả màu (CRI): 70 | Tuổi thọ đèn:  50.000 giờ | Chu kỳ tắt bật: 50.000 lần | Mức tiêu thụ điện 1000 giờ: 100 kWh | Chiếu dài: 622 mm | Hàm lượng thủy ngân: 0 mg | Thời gian khởi động của đèn: < 0,5 giây | Khối lượng: 6,5 kg | Chiều rộng: 259 mm | Chiều cao: 181 mm | Nhiệt độ màu: 5000K"
446,ĐÈN ĐƯỜNG LED 120W CSD06,CSD06 120W LED00036398,https://static.rangdongstore.vn/product/Den-LED/Chieu-sang-duong/CSD06-120W/1.jpg?fm=webp&w=500,22,,,,7009000,,,,,"Công suất: 120W | Nguồn điện danh định: 220V/50Hz | Dạng Chip LED: SMT | Chỉ số bảo vệ: IP 66; IK 08 | Dimming: 5 cấp công suất | Điện áp có thể hoạt động: 100V – 277V | Dòng điện (Max): 130 mA | Hệ số công suất: 0,95 | Quang thông: 15600 lm | Hiệu suất sáng: 130 lm/W | Nhiệt độ màu ánh sáng:  5000K | Hệ số trả màu (CRI): 70 | Tuổi thọ đèn:  50.000 giờ | Chu kỳ tắt bật: 50.000 lần | Mức tiêu thụ điện 1000 giờ: 120 kWh | Chiếu dài: 693 mm | Hàm lượng thủy ngân: 0 mg | Thời gian khởi động của đèn: < 0,5 giây | Khối lượng: 7,6 kg | Chiều rộng: 310 mm | Chiều cao: 183 mm | Nhiệt độ màu: 5000K"
447,ĐÈN ĐƯỜNG LED 120W CSD06,CSD06 120W LED00029758,https://static.rangdongstore.vn/product/Den-LED/Chieu-sang-duong/CSD06-120W/1.jpg?fm=webp&w=500,22,,,,7009000,,,,,"Công suất: 120W | Nguồn điện danh định: 220V/50Hz | Dạng Chip LED: SMT | Chỉ số bảo vệ: IP 66; IK 08 | Dimming: 5 cấp công suất | Điện áp có thể hoạt động: 100V – 277V | Dòng điện (Max): 130 mA | Hệ số công suất: 0,95 | Quang thông: 15600 lm | Hiệu suất sáng: 130 lm/W | Nhiệt độ màu ánh sáng:  5000K | Hệ số trả màu (CRI): 70 | Tuổi thọ đèn:  50.000 giờ | Chu kỳ tắt bật: 50.000 lần | Mức tiêu thụ điện 1000 giờ: 120 kWh | Chiếu dài: 693 mm | Hàm lượng thủy ngân: 0 mg | Thời gian khởi động của đèn: < 0,5 giây | Khối lượng: 7,6 kg | Chiều rộng: 310 mm | Chiều cao: 183 mm | Nhiệt độ màu: 5000K"
448,ĐÈN ĐƯỜNG LED 150W CSD06,CSD06 150W LED00038672,https://static.rangdongstore.vn/product/Den-LED/Chieu-sang-duong/CSD06-150W/1.jpg?fm=webp&w=500,22,,,,7247000,,,,,"Công suất: 150W | Nguồn điện danh định: 220V/50Hz | Dạng Chip LED: SMT | Chỉ số bảo vệ: IP 66; IK 08 | Dimming: 5 cấp công suất | Điện áp có thể hoạt động: 100V – 277V | Dòng điện (Max): 160 mA | Hệ số công suất: 0,95 | Quang thông: 19500 lm | Hiệu suất sáng: 130 lm/W | Nhiệt độ màu ánh sáng:  5000K | Hệ số trả màu (CRI): 70 | Tuổi thọ đèn:  50.000 giờ | Chu kỳ tắt bật: 50.000 lần | Mức tiêu thụ điện 1000 giờ: 150 kWh | Chiếu dài: 693 mm | Hàm lượng thủy ngân: 0 mg | Thời gian khởi động của đèn: < 0,5 giây | Khối lượng: 7,6 kg | Chiều rộng: 310 mm | Chiều cao: 183 mm | Nhiệt độ màu: 5000K"
449,ĐÈN ĐƯỜNG LED 150W CSD06,CSD06 150W LED00036399,https://static.rangdongstore.vn/product/Den-LED/Chieu-sang-duong/CSD06-150W/1.jpg?fm=webp&w=500,22,,,,7247000,,,,,"Công suất: 150W | Nguồn điện danh định: 220V/50Hz | Dạng Chip LED: SMT | Chỉ số bảo vệ: IP 66; IK 08 | Dimming: 5 cấp công suất | Điện áp có thể hoạt động: 100V – 277V | Dòng điện (Max): 160 mA | Hệ số công suất: 0,95 | Quang thông: 19500 lm | Hiệu suất sáng: 130 lm/W | Nhiệt độ màu ánh sáng:  5000K | Hệ số trả màu (CRI): 70 | Tuổi thọ đèn:  50.000 giờ | Chu kỳ tắt bật: 50.000 lần | Mức tiêu thụ điện 1000 giờ: 150 kWh | Chiếu dài: 693 mm | Hàm lượng thủy ngân: 0 mg | Thời gian khởi động của đèn: < 0,5 giây | Khối lượng: 7,6 kg | Chiều rộng: 310 mm | Chiều cao: 183 mm | Nhiệt độ màu: 5000K"
450,ĐÈN ĐƯỜNG LED 150W CSD06,CSD06 150W LED00029759,https://static.rangdongstore.vn/product/Den-LED/Chieu-sang-duong/CSD06-150W/1.jpg?fm=webp&w=500,22,,,,7247000,,,,,"Công suất: 150W | Nguồn điện danh định: 220V/50Hz | Dạng Chip LED: SMT | Chỉ số bảo vệ: IP 66; IK 08 | Dimming: 5 cấp công suất | Điện áp có thể hoạt động: 100V – 277V | Dòng điện (Max): 160 mA | Hệ số công suất: 0,95 | Quang thông: 19500 lm | Hiệu suất sáng: 130 lm/W | Nhiệt độ màu ánh sáng:  5000K | Hệ số trả màu (CRI): 70 | Tuổi thọ đèn:  50.000 giờ | Chu kỳ tắt bật: 50.000 lần | Mức tiêu thụ điện 1000 giờ: 150 kWh | Chiếu dài: 693 mm | Hàm lượng thủy ngân: 0 mg | Thời gian khởi động của đèn: < 0,5 giây | Khối lượng: 7,6 kg | Chiều rộng: 310 mm | Chiều cao: 183 mm | Nhiệt độ màu: 5000K"
451,ĐÈN LED CHIẾU SÁNG ĐƯỜNG CSD12 60W 5000K,CSD12 60W LED00073347,https://static.rangdongstore.vn/250109027192/2025/01/09/CSD12-60W-1.jpg?fm=webp&w=500,22,,,,2592000,1814000.0,,,,"Công suất: 60W | Chỉ số bảo vệ: IP66; IK08 | Dimming: 7 cấp công suất | Dòng điện (Max): 1.3 A | Hệ số công suất: 0,9 | Quang thông: 9000 lm | Hiệu suất sáng: 150 lm/W | Nhiệt độ màu ánh sáng:  4000K/5000K | Hệ số trả màu (CRI): ≥ 70 | Tuổi thọ đèn:  50.000 giờ | Khối lượng: 2.6 kg | Chiều rộng: 200 mm | Chiều cao: 75 mm | Điện áp nguồn danh định: 220V | Dải điện áp hoạt động: (100 – 277)V | Chiều dài: 515 mm | Đường kính lỗ bắt đèn: Ø 64 mm | Nhiệt độ màu: 5000K"
452,ĐÈN LED CHIẾU SÁNG ĐƯỜNG CSD12 80W 5000K,CSD12 80W LED00073349,https://static.rangdongstore.vn/240826020339/2024/08/26/CSD12-70W-1.jpg?fm=webp&w=500,22,,,,2808000,1966000.0,,,,"Công suất: 80W | Hệ số công suất: 0,95 | Quang thông: 11200 lm | Khối lượng: 2.6±0,5 kgs | Chiều rộng: 200±5 mm | Chiều cao: 75±10 mm | Dải điện áp hoạt động: (100-277)V | Chiều dài: 515±5 mm | Tần số: 50/60Hz | Điện áp nguồn: 220 Vac | Dải điện áp hoạt động lớn nhất ngắn hạn 02 giờ: (90-305) V | Công suất tối đa: 88W | Dòng điện đầu vào lớn nhất: 1.3A | Quang thông tối thiểu: 10080 lm | Hiệu suất: 140 lm/W | Tuổi thọ: 50000 (L70/B50) h | Nhiệt độ màu tương quan: 4000K/5000K | Mã trắc quang: 750/777 (5000K)
740/777 (4000K) | Chỉ số thể hiện màu: ≥70 | Dải nhiệt độ hoạt động: (-20)-(50)°C | Cấp bảo vệ bằng vỏ ngoài: IP 66 | Bảo vệ va đập: IK 08 | Khả năng chịu xung sét (L N): 10 kV | Cấp cách điện: Class 1 | Điện trở cách điện: 4ΜΩ | Độ bền điện: 1.5 kV/1' | Tiêu chuẩn áp dụng: TCVN 10885-2-1/IEC 62722-2-1
TCVN 7722-2-3/IEC 60598-2-3 | Đường kính lỗ bắt đèn vào cột đèn: Ф64 mm | Nhiệt độ màu: 5000K"
453,ĐÈN LED CHIẾU SÁNG ĐƯỜNG CSD12 70W 5000K,CSD12 70W LED00073348,https://static.rangdongstore.vn/240826020339/2024/08/26/CSD12-70W-1.jpg?fm=webp&w=500,22,,,,2700000,1890000.0,,,,"Công suất: 70W | Chỉ số bảo vệ: IP66; IK08 | Dimming: 7 cấp công suất | Dòng điện (Max): 1.3 A | Hệ số công suất: 0,9 | Quang thông: 9800 lm | Hiệu suất sáng: 140 lm/W | Nhiệt độ màu ánh sáng:  4000K/5000K | Hệ số trả màu (CRI): ≥ 70 | Tuổi thọ đèn:  50.000 giờ | Khối lượng: 2.6 kg | Chiều rộng: 200 mm | Chiều cao: 75 mm | Điện áp nguồn danh định: 220V | Dải điện áp hoạt động: (100 – 277)V | Chiều dài: 515 mm | Đường kính lỗ bắt đèn: Ø 64 mm | Nhiệt độ màu: 5000K"
454,ĐÈN LED CHIẾU SÁNG ĐƯỜNG CSD12 120W 5000K,CSD12 120W LED00073352,https://static.rangdongstore.vn/240826020349/2024/08/26/CSD12-100W-1.jpg?fm=webp&w=500,22,,,,3672000,2570000.0,,,,"Công suất: 120W | Chỉ số bảo vệ: IP66; IK08 | Dimming: 7 cấp công suất | Dòng điện (Max): 2 A | Hệ số công suất: 0,95 | Quang thông: 17400 lm | Hiệu suất sáng: 145 lm/W | Nhiệt độ màu ánh sáng:  4000K/5000K | Hệ số trả màu (CRI): ≥ 70 | Tuổi thọ đèn:  50.000 giờ | Khối lượng: 3.4 kg | Chiều rộng: 228 mm | Chiều cao: 85 mm | Điện áp nguồn danh định: 220V | Dải điện áp hoạt động: (100 – 277)V | Chiều dài: 560 mm | Đường kính lỗ bắt đèn: Ø 64 mm | Nhiệt độ màu: 5000K"
455,ĐÈN LED CHIẾU SÁNG ĐƯỜNG CSD12 100W 5000K,CSD12 100W LED00073350,https://static.rangdongstore.vn/240826020349/2024/08/26/CSD12-100W-1.jpg?fm=webp&w=500,22,,,,3456000,2419000.0,,,,"Công suất: 100W | Chỉ số bảo vệ: IP66; IK08 | Dimming: 7 cấp công suất | Dòng điện (Max): 2 A | Hệ số công suất: 0,95 | Quang thông: 15000 lm | Hiệu suất sáng: 150 lm/W | Nhiệt độ màu ánh sáng:  4000K/5000K | Hệ số trả màu (CRI): ≥ 70 | Tuổi thọ đèn:  50.000 giờ | Khối lượng: 3.4 kg | Chiều rộng: 228 mm | Chiều cao: 85 mm | Điện áp nguồn danh định: 220V | Dải điện áp hoạt động: (100 – 277)V | Chiều dài: 560 mm | Đường kính lỗ bắt đèn: Ø 64 mm | Nhiệt độ màu: 5000K"
456,ĐÈN ĐƯỜNG LED 50W CSD09 PLUS,CSD09 50W.PLUS LED00049028,https://static.rangdongstore.vn/product/Den-LED/LED_Chieu_sang_duong/CSD09-50W/1.%20CSD09%2050W(web).jpg?fm=webp&w=500,22,,,,1512000,1210000.0,,,,"Công suất: 50W | Chỉ số bảo vệ: IP66; IK 08 | Dimming: 2 cấp công suất | Điện áp có thể hoạt động: (150 – 270)V | Dòng điện (Max): 0.4 A | Hệ số công suất: 0,9 | Quang thông: 6500 lm | Hiệu suất sáng: 130 lm/W | Nhiệt độ màu ánh sáng:  4000K/5000K | Hệ số trả màu (CRI): ≥70 | Tuổi thọ đèn:  50.000 giờ | Chu kỳ tắt bật: 50.000 lần | Mức tiêu thụ điện 1000 giờ: 50 kWh | Chiếu dài: 399 mm | Hàm lượng thủy ngân: 0 mg | Thời gian khởi động của đèn: < 0,5 giây | Khối lượng: 1.15 kg | Chiều rộng: 139 mm | Chiều cao: 70 mm | Đường kính lỗ bắt đèn: Ø 50 mm | Điện áp danh định: 220V | Nhiệt độ màu: 5000K"
457,ĐÈN ĐƯỜNG LED 30W CSD09 PLUS,CSD09 30W.PLUS LED00049027,https://static.rangdongstore.vn/product/Den-LED/LED_Chieu_sang_duong/CSD09-30W/1.%20CSD09%20(web).jpg?fm=webp&w=500,22,,,,1296000,1037000.0,,,,"Công suất: 30W | Chỉ số bảo vệ: IP66; IK 08 | Dimming: 2 cấp công suất | Dòng điện (Max): 0.23 A | Hệ số công suất: 0,9 | Quang thông: 3750 lm | Hiệu suất sáng: 125 lm/W | Nhiệt độ màu ánh sáng:  4000K/5000K | Hệ số trả màu (CRI): ≥ 70 | Tuổi thọ đèn:  50.000 giờ | Chu kỳ tắt bật: 50.000 lần | Mức tiêu thụ điện 1000 giờ: 30 kWh | Hàm lượng thủy ngân: 0 mg | Thời gian khởi động của đèn: < 0,5 giây | Khối lượng: 0.81 kg | Chiều rộng: 124 mm | Chiều cao: 60 mm | Điện áp nguồn danh định: 220V | Dải điện áp hoạt động: (150 – 270)V | Chiều dài: 322 mm | Đường kính lỗ bắt đèn: Ø 40 mm | Nhiệt độ màu: 5000K"
458,ĐÈN LED CHIẾU SÁNG ĐƯỜNG CSD09 30W 5000K,CSD09 30W 5000K LED00056854,https://static.rangdongstore.vn/230509010391/2023/05/09/2.%20CSD09%20(web).jpg?fm=webp&w=500,22,,,,896000,538000.0,,,,Nhiệt độ màu: 5000K
459,ĐÈN LED CHIẾU SÁNG ĐƯỜNG CSD09 50W 5000K,CSD09 50W 5000K LED00056993,https://static.rangdongstore.vn/230509010390/2023/05/09/1.%20CSD09%2050W(web).jpg?fm=webp&w=500,22,,,,972000,583000.0,,,,Nhiệt độ màu: 5000K
460,ĐÈN ĐƯỜNG LED 30W CSD03,CSD03 30W LED00033823,https://static.rangdongstore.vn/product/Den-LED/Chieu-sang-duong/CSD03L-30W/1.jpg?fm=webp&w=500,22,,,,1188000,,,,,"Công suất: 30W | Nguồn điện danh định: 220V/50Hz | Dạng Chip LED: SMT | Chỉ số bảo vệ: IP 65; IK 09 | Dimming: 5 cấp công suất | Điện áp có thể hoạt động: 90V – 305V | Dòng điện (Max): 110 mA | Hệ số công suất: 0,95 | Quang thông: 3600 lm | Hiệu suất sáng: 130 lm/W | Nhiệt độ màu ánh sáng:  5000K/4000K | Hệ số trả màu (CRI): >70 | Tuổi thọ đèn:  50.000 giờ | Chu kỳ tắt bật: 50.000 lần | Mức tiêu thụ điện 1000 giờ: 30 kWh | Chiếu dài: 284 mm | Hàm lượng thủy ngân: 0 mg | Thời gian khởi động của đèn: < 0,5 giây | Khối lượng: 7,5 kg | Chiều rộng: 175 mm | Chiều cao: 62 mm | Nhiệt độ màu: 5000K"
461,ĐÈN ĐƯỜNG LED 30W CSD03,CSD03 30W LED00026594,https://static.rangdongstore.vn/product/Den-LED/Chieu-sang-duong/CSD03L-30W/1.jpg?fm=webp&w=500,22,,,,1188000,,,,,"Công suất: 30W | Nguồn điện danh định: 220V/50Hz | Dạng Chip LED: SMT | Chỉ số bảo vệ: IP 65; IK 09 | Dimming: 5 cấp công suất | Điện áp có thể hoạt động: 90V – 305V | Dòng điện (Max): 110 mA | Hệ số công suất: 0,95 | Quang thông: 3600 lm | Hiệu suất sáng: 130 lm/W | Nhiệt độ màu ánh sáng:  5000K/4000K | Hệ số trả màu (CRI): >70 | Tuổi thọ đèn:  50.000 giờ | Chu kỳ tắt bật: 50.000 lần | Mức tiêu thụ điện 1000 giờ: 30 kWh | Chiếu dài: 284 mm | Hàm lượng thủy ngân: 0 mg | Thời gian khởi động của đèn: < 0,5 giây | Khối lượng: 7,5 kg | Chiều rộng: 175 mm | Chiều cao: 62 mm | Nhiệt độ màu: 5000K"
462,ĐÈN ĐƯỜNG LED 60W CSD03,CSD03 60W LED00026595,https://static.rangdongstore.vn/product/Den-LED/Chieu-sang-duong/CSD03L-60W/1.jpg?fm=webp&w=500,22,,,,3207600,3208000.0,,,,"Công suất: 60W | Nguồn điện danh định: 220V/50Hz | Dạng Chip LED: SMT | Chỉ số bảo vệ: IP 65; IK 09 | Dimming: 5 cấp công suất | Điện áp có thể hoạt động: 90V – 305V | Dòng điện (Max): 110 mA | Hệ số công suất: 0,95 | Quang thông: 7200 lm | Hiệu suất sáng: 120 lm/W | Nhiệt độ màu ánh sáng:  5000K/4000K | Hệ số trả màu (CRI): >70 | Tuổi thọ đèn:  50.000 giờ | Chu kỳ tắt bật: 50.000 lần | Mức tiêu thụ điện 1000 giờ: 60 kWh | Chiếu dài: 450 mm | Hàm lượng thủy ngân: 0 mg | Thời gian khởi động của đèn: < 0,5 giây | Khối lượng: 7,5 kg | Chiều rộng: 295 mm | Chiều cao: 85 mm | Nhiệt độ màu: 5000K"
463,ĐÈN ĐƯỜNG LED 60W CSD03,CSD03 60W LED00026596,https://static.rangdongstore.vn/product/Den-LED/Chieu-sang-duong/CSD03L-60W/1.jpg?fm=webp&w=500,22,,,,3207600,3208000.0,,,,"Công suất: 60W | Nguồn điện danh định: 220V/50Hz | Dạng Chip LED: SMT | Chỉ số bảo vệ: IP 65; IK 09 | Dimming: 5 cấp công suất | Điện áp có thể hoạt động: 90V – 305V | Dòng điện (Max): 110 mA | Hệ số công suất: 0,95 | Quang thông: 7200 lm | Hiệu suất sáng: 120 lm/W | Nhiệt độ màu ánh sáng:  5000K/4000K | Hệ số trả màu (CRI): >70 | Tuổi thọ đèn:  50.000 giờ | Chu kỳ tắt bật: 50.000 lần | Mức tiêu thụ điện 1000 giờ: 60 kWh | Chiếu dài: 450 mm | Hàm lượng thủy ngân: 0 mg | Thời gian khởi động của đèn: < 0,5 giây | Khối lượng: 7,5 kg | Chiều rộng: 295 mm | Chiều cao: 85 mm | Nhiệt độ màu: 5000K"
464,ĐÈN ĐƯỜNG LED 80W CSD03,CSD03 80W LED00026717,https://static.rangdongstore.vn/product/Den-LED/LED_Chieu_sang_duong/D-CSD03L-80W/D-CSD03L-80W.jpg?fm=webp&w=500,22,,,,3564000,,,,,"Công suất: 80W | Nguồn điện danh định: 220V/50Hz | Dạng Chip LED: SMT | Chỉ số bảo vệ: IP 65; IK 09 | Dimming: 5 cấp công suất | Điện áp có thể hoạt động: 90V – 305V | Dòng điện (Max): 110 mA | Hệ số công suất: 0,95 | Quang thông: 10 000 lm | Hiệu suất sáng: 125 lm/W | Nhiệt độ màu ánh sáng:  5000K/4000K | Hệ số trả màu (CRI): >70 | Tuổi thọ đèn:  50.000 giờ | Chu kỳ tắt bật: 50.000 lần | Mức tiêu thụ điện 1000 giờ: 80 kWh | Chiếu dài: 450 mm | Hàm lượng thủy ngân: 0 mg | Thời gian khởi động của đèn: < 0,5 giây | Khối lượng: 7,5 kg | Chiều rộng: 295 mm | Chiều cao: 85 mm | Nhiệt độ màu: 5000K"
465,ĐÈN ĐƯỜNG LED 80W CSD03,CSD03 80W LED00026718,https://static.rangdongstore.vn/product/Den-LED/LED_Chieu_sang_duong/D-CSD03L-80W/D-CSD03L-80W.jpg?fm=webp&w=500,22,,,,3564000,,,,,"Công suất: 80W | Nguồn điện danh định: 220V/50Hz | Dạng Chip LED: SMT | Chỉ số bảo vệ: IP 65; IK 09 | Dimming: 5 cấp công suất | Điện áp có thể hoạt động: 90V – 305V | Dòng điện (Max): 110 mA | Hệ số công suất: 0,95 | Quang thông: 10 000 lm | Hiệu suất sáng: 125 lm/W | Nhiệt độ màu ánh sáng:  5000K/4000K | Hệ số trả màu (CRI): >70 | Tuổi thọ đèn:  50.000 giờ | Chu kỳ tắt bật: 50.000 lần | Mức tiêu thụ điện 1000 giờ: 80 kWh | Chiếu dài: 450 mm | Hàm lượng thủy ngân: 0 mg | Thời gian khởi động của đèn: < 0,5 giây | Khối lượng: 7,5 kg | Chiều rộng: 295 mm | Chiều cao: 85 mm"
466,ĐÈN LED CHỈ DẪN 2.2W 1 MẶT CD01 40X20,CD0140x20/2.2W LED00005729-XA0100,https://static.rangdongstore.vn/product/Den-LED/LED_Exit/1-CD01-40x20%202.2W.jpg?fm=webp&w=500,23,,,,840000,672000.0,,,,"Công suất: 2,2W | Nguồn điện danh định: 220V/50Hz | Thời gian chiếu sáng dự phòng: 3 giờ | Dung lượng pin: 400 mAh | Thời gian nạp đầy: 20 giờ | Tuổi thọ của đèn: 15.000 giờ | Số chu kỳ tắt bật: 50.000 lần | Chiếu dài: 370 mm | Chiều rộng: 25 mm | Chiều cao: 202 mm | Hàm lượng thủy ngân: 0 mg | Thời gian khởi động của đèn: < 0,5 giây | Hướng Chỉ dẫn: Hướng phải"
467,ĐÈN LED CHỈ DẪN 2.2W 1 MẶT CD01 40X20,CD0140x20/2.2W LED00005729-XA01CD01,https://static.rangdongstore.vn/product/Den-LED/LED_Exit/1-CD01-40x20%202.2W.jpg?fm=webp&w=500,23,,,,840000,672000.0,,,,"Công suất: 2,2W | Nguồn điện danh định: 220V/50Hz | Thời gian chiếu sáng dự phòng: 3 giờ | Dung lượng pin: 400 mAh | Thời gian nạp đầy: 20 giờ | Tuổi thọ của đèn: 15.000 giờ | Số chu kỳ tắt bật: 50.000 lần | Chiếu dài: 370 mm | Chiều rộng: 25 mm | Chiều cao: 202 mm | Hàm lượng thủy ngân: 0 mg | Thời gian khởi động của đèn: < 0,5 giây | Hướng Chỉ dẫn: Hướng phải"
468,ĐÈN LED CHỈ DẪN 2.2W 1 MẶT CD01 40X20,CD0140x20/2.2W LED00005729-XA01CD03,https://static.rangdongstore.vn/product/Den-LED/LED_Exit/1-CD01-40x20%202.2W.jpg?fm=webp&w=500,23,,,,840000,672000.0,,,,"Công suất: 2,2W | Nguồn điện danh định: 220V/50Hz | Thời gian chiếu sáng dự phòng: 3 giờ | Dung lượng pin: 400 mAh | Thời gian nạp đầy: 20 giờ | Tuổi thọ của đèn: 15.000 giờ | Số chu kỳ tắt bật: 50.000 lần | Chiếu dài: 370 mm | Chiều rộng: 25 mm | Chiều cao: 202 mm | Hàm lượng thủy ngân: 0 mg | Thời gian khởi động của đèn: < 0,5 giây | Hướng Chỉ dẫn: Hướng phải"
469,ĐÈN LED CHỈ DẪN 2.2W 1 MẶT CD01 40X20,CD0140x20/2.2W LED00005729-XA01CD02,https://static.rangdongstore.vn/product/Den-LED/LED_Exit/1-CD01-40x20%202.2W.jpg?fm=webp&w=500,23,,,,840000,672000.0,,,,"Công suất: 2,2W | Nguồn điện danh định: 220V/50Hz | Thời gian chiếu sáng dự phòng: 3 giờ | Dung lượng pin: 400 mAh | Thời gian nạp đầy: 20 giờ | Tuổi thọ của đèn: 15.000 giờ | Số chu kỳ tắt bật: 50.000 lần | Chiếu dài: 370 mm | Chiều rộng: 25 mm | Chiều cao: 202 mm | Hàm lượng thủy ngân: 0 mg | Thời gian khởi động của đèn: < 0,5 giây | Hướng Chỉ dẫn: Hướng phải"
470,ĐÈN LED CHỈ DẪN 2.2W 2 MẶT CD01 40X20,CD0140x20/2.2W LED00005731-XA0100,https://static.rangdongstore.vn/product/Den-LED/LED_Exit/1-CD01-40x20%202.2W.jpg?fm=webp&w=500,23,,,,860000,688000.0,,,,"Công suất: 2,2W | Nguồn điện danh định: 220V/50Hz | Thời gian chiếu sáng dự phòng: 3 giờ | Dung lượng pin: 400 mAh | Thời gian nạp đầy: 20 giờ | Tuổi thọ của đèn: 15.000 giờ | Số chu kỳ tắt bật: 50.000 lần | Chiếu dài: 370 mm | Chiều rộng: 25 mm | Chiều cao: 202 mm | Hàm lượng thủy ngân: 0 mg | Thời gian khởi động của đèn: < 0,5 giây | Hướng Chỉ dẫn: Hướng phải"
471,ĐÈN LED CHỈ DẪN 2.2W 2 MẶT CD01 40X20,CD0140x20/2.2W LED00005731-XA01CD01,https://static.rangdongstore.vn/product/Den-LED/LED_Exit/1-CD01-40x20%202.2W.jpg?fm=webp&w=500,23,,,,860000,688000.0,,,,"Công suất: 2,2W | Nguồn điện danh định: 220V/50Hz | Thời gian chiếu sáng dự phòng: 3 giờ | Dung lượng pin: 400 mAh | Thời gian nạp đầy: 20 giờ | Tuổi thọ của đèn: 15.000 giờ | Số chu kỳ tắt bật: 50.000 lần | Chiếu dài: 370 mm | Chiều rộng: 25 mm | Chiều cao: 202 mm | Hàm lượng thủy ngân: 0 mg | Thời gian khởi động của đèn: < 0,5 giây | Hướng Chỉ dẫn: Hướng phải"
472,ĐÈN LED CHỈ DẪN 2.2W 2 MẶT CD01 40X20,CD0140x20/2.2W LED00005731-XA01CD03,https://static.rangdongstore.vn/product/Den-LED/LED_Exit/1-CD01-40x20%202.2W.jpg?fm=webp&w=500,23,,,,860000,688000.0,,,,"Công suất: 2,2W | Nguồn điện danh định: 220V/50Hz | Thời gian chiếu sáng dự phòng: 3 giờ | Dung lượng pin: 400 mAh | Thời gian nạp đầy: 20 giờ | Tuổi thọ của đèn: 15.000 giờ | Số chu kỳ tắt bật: 50.000 lần | Chiếu dài: 370 mm | Chiều rộng: 25 mm | Chiều cao: 202 mm | Hàm lượng thủy ngân: 0 mg | Thời gian khởi động của đèn: < 0,5 giây | Hướng Chỉ dẫn: Hướng phải"
473,ĐÈN LED CHỈ DẪN 2.2W 2 MẶT CD01 40X20,CD0140x20/2.2W LED00005731-XA01CD02,https://static.rangdongstore.vn/product/Den-LED/LED_Exit/1-CD01-40x20%202.2W.jpg?fm=webp&w=500,23,,,,860000,688000.0,,,,"Công suất: 2,2W | Nguồn điện danh định: 220V/50Hz | Thời gian chiếu sáng dự phòng: 3 giờ | Dung lượng pin: 400 mAh | Thời gian nạp đầy: 20 giờ | Tuổi thọ của đèn: 15.000 giờ | Số chu kỳ tắt bật: 50.000 lần | Chiếu dài: 370 mm | Chiều rộng: 25 mm | Chiều cao: 202 mm | Hàm lượng thủy ngân: 0 mg | Thời gian khởi động của đèn: < 0,5 giây | Hướng Chỉ dẫn: Hướng phải"
474,ĐÈN LED CHỈ DẪN 2.2W 1 MẶT CD01 40X20 (PCCC),CD0140x20/2.2W LED00037543-XA0100,https://static.rangdongstore.vn/product/Den-LED/LED_Exit/D_CD01%2040x20_2.2W_PCCC%20(2).jpg?fm=webp&w=500,23,,,,960000,768000.0,,,,"Công suất: 2,2W | Nguồn điện danh định: 220V/50Hz | Thời gian chiếu sáng dự phòng: 3 giờ | Dung lượng pin: 400 mAh | Thời gian nạp đầy: 20 giờ | Tuổi thọ của đèn: 15.000 giờ | Số chu kỳ tắt bật: 50.000 lần | Chiếu dài: 370 mm | Chiều rộng: 25 mm | Chiều cao: 202 mm | Hàm lượng thủy ngân: 0 mg | Thời gian khởi động của đèn: < 0,5 giây | Hướng Chỉ dẫn: Hướng phải"
475,ĐÈN LED CHỈ DẪN 2.2W 1 MẶT CD01 40X20 (PCCC),CD0140x20/2.2W LED00037543-XA01CD01,https://static.rangdongstore.vn/product/Den-LED/LED_Exit/D_CD01%2040x20_2.2W_PCCC%20(2).jpg?fm=webp&w=500,23,,,,960000,768000.0,,,,"Công suất: 2,2W | Nguồn điện danh định: 220V/50Hz | Thời gian chiếu sáng dự phòng: 3 giờ | Dung lượng pin: 400 mAh | Thời gian nạp đầy: 20 giờ | Tuổi thọ của đèn: 15.000 giờ | Số chu kỳ tắt bật: 50.000 lần | Chiếu dài: 370 mm | Chiều rộng: 25 mm | Chiều cao: 202 mm | Hàm lượng thủy ngân: 0 mg | Thời gian khởi động của đèn: < 0,5 giây | Hướng Chỉ dẫn: Hướng phải"
476,ĐÈN LED CHỈ DẪN 2.2W 1 MẶT CD01 40X20 (PCCC),CD0140x20/2.2W LED00037543-XA01CD03,https://static.rangdongstore.vn/product/Den-LED/LED_Exit/D_CD01%2040x20_2.2W_PCCC%20(2).jpg?fm=webp&w=500,23,,,,960000,768000.0,,,,"Công suất: 2,2W | Nguồn điện danh định: 220V/50Hz | Thời gian chiếu sáng dự phòng: 3 giờ | Dung lượng pin: 400 mAh | Thời gian nạp đầy: 20 giờ | Tuổi thọ của đèn: 15.000 giờ | Số chu kỳ tắt bật: 50.000 lần | Chiếu dài: 370 mm | Chiều rộng: 25 mm | Chiều cao: 202 mm | Hàm lượng thủy ngân: 0 mg | Thời gian khởi động của đèn: < 0,5 giây | Hướng Chỉ dẫn: Hướng phải"
477,ĐÈN LED CHỈ DẪN 2.2W 1 MẶT CD01 40X20 (PCCC),CD0140x20/2.2W LED00037543-XA01CD02,https://static.rangdongstore.vn/product/Den-LED/LED_Exit/D_CD01%2040x20_2.2W_PCCC%20(2).jpg?fm=webp&w=500,23,,,,960000,768000.0,,,,"Công suất: 2,2W | Nguồn điện danh định: 220V/50Hz | Thời gian chiếu sáng dự phòng: 3 giờ | Dung lượng pin: 400 mAh | Thời gian nạp đầy: 20 giờ | Tuổi thọ của đèn: 15.000 giờ | Số chu kỳ tắt bật: 50.000 lần | Chiếu dài: 370 mm | Chiều rộng: 25 mm | Chiều cao: 202 mm | Hàm lượng thủy ngân: 0 mg | Thời gian khởi động của đèn: < 0,5 giây | Hướng Chỉ dẫn: Hướng phải"
478,ĐÈN LED CHỈ DẪN 2.2W 2 MẶT CD01 40X20 (PCCC),CD0140x20/2.2W LED00037546-XA0100,https://static.rangdongstore.vn/product/Den-LED/LED_Exit/D_CD01%2040x20_2.2W_PCCC%20(2).jpg?fm=webp&w=500,23,,,,980000,784000.0,,,,"Công suất: 2,2W | Nguồn điện danh định: 220V/50Hz | Thời gian chiếu sáng dự phòng: 3 giờ | Dung lượng pin: 400 mAh | Thời gian nạp đầy: 20 giờ | Tuổi thọ của đèn: 15.000 giờ | Số chu kỳ tắt bật: 50.000 lần | Chiếu dài: 370 mm | Chiều rộng: 25 mm | Chiều cao: 202 mm | Hàm lượng thủy ngân: 0 mg | Thời gian khởi động của đèn: < 0,5 giây | Hướng Chỉ dẫn: Hướng phải"
479,ĐÈN LED CHỈ DẪN 2.2W 2 MẶT CD01 40X20 (PCCC),CD0140x20/2.2W LED00037546-XA01CD01,https://static.rangdongstore.vn/product/Den-LED/LED_Exit/D_CD01%2040x20_2.2W_PCCC%20(2).jpg?fm=webp&w=500,23,,,,980000,784000.0,,,,"Công suất: 2,2W | Nguồn điện danh định: 220V/50Hz | Thời gian chiếu sáng dự phòng: 3 giờ | Dung lượng pin: 400 mAh | Thời gian nạp đầy: 20 giờ | Tuổi thọ của đèn: 15.000 giờ | Số chu kỳ tắt bật: 50.000 lần | Chiếu dài: 370 mm | Chiều rộng: 25 mm | Chiều cao: 202 mm | Hàm lượng thủy ngân: 0 mg | Thời gian khởi động của đèn: < 0,5 giây | Hướng Chỉ dẫn: Hướng phải"
480,ĐÈN LED CHỈ DẪN 2.2W 2 MẶT CD01 40X20 (PCCC),CD0140x20/2.2W LED00037546-XA01CD03,https://static.rangdongstore.vn/product/Den-LED/LED_Exit/D_CD01%2040x20_2.2W_PCCC%20(2).jpg?fm=webp&w=500,23,,,,980000,784000.0,,,,"Công suất: 2,2W | Nguồn điện danh định: 220V/50Hz | Thời gian chiếu sáng dự phòng: 3 giờ | Dung lượng pin: 400 mAh | Thời gian nạp đầy: 20 giờ | Tuổi thọ của đèn: 15.000 giờ | Số chu kỳ tắt bật: 50.000 lần | Chiếu dài: 370 mm | Chiều rộng: 25 mm | Chiều cao: 202 mm | Hàm lượng thủy ngân: 0 mg | Thời gian khởi động của đèn: < 0,5 giây | Hướng Chỉ dẫn: Hướng phải"
481,ĐÈN LED CHỈ DẪN 2.2W 2 MẶT CD01 40X20 (PCCC),CD0140x20/2.2W LED00037546-XA01CD02,https://static.rangdongstore.vn/product/Den-LED/LED_Exit/D_CD01%2040x20_2.2W_PCCC%20(2).jpg?fm=webp&w=500,23,,,,980000,784000.0,,,,"Công suất: 2,2W | Nguồn điện danh định: 220V/50Hz | Thời gian chiếu sáng dự phòng: 3 giờ | Dung lượng pin: 400 mAh | Thời gian nạp đầy: 20 giờ | Tuổi thọ của đèn: 15.000 giờ | Số chu kỳ tắt bật: 50.000 lần | Chiếu dài: 370 mm | Chiều rộng: 25 mm | Chiều cao: 202 mm | Hàm lượng thủy ngân: 0 mg | Thời gian khởi động của đèn: < 0,5 giây"
482,BỘ DRIVER LED DÂY ĐỔI MÀU BLUETOOTH 1000/7W DR-LD01.BLE,DR-LD01.BLE1000/7W LED00034032,https://static.rangdongstore.vn/product/Den-LED/Led_Bluetooth/Led_day/MESH%20BLE-06.jpg?fm=webp&w=500,24,,,,1353000,1285000.0,,,,No description
483,ĐÈN LED DÂY ĐỔI MÀU BLUETOOTH 1000/7W LD01.RF.BLE (24VDC),LD01.RF.BLE1000/7W24VDC LED00035296,https://static.rangdongstore.vn/product/Den-LED/Led_Bluetooth/Led_day/MESH%20BLE-10.jpg?fm=webp&w=500,24,,,,231000,219000.0,,,,No description
484,ĐÈN LED DÂY ĐỔI MÀU LD01.BLE.RGB 1000/7W (200VDC-100M),LD01.BLE.RGB1000/7W200VDC-100m LED00043354,https://static.rangdongstore.vn/231027015322/2023/10/27/70645f61-aea0-496e-8fc3-37518e7aae69.jpg?fm=webp&w=500,24,,,,148000,145000.0,,,,"Điện áp danh định: 200VDC                                       | Công suất: 7W/m | Nhiệt độ màu ánh sáng: RGB                                                                     | Hệ số trả màu (CRI): 80.0 | Tuổi thọ đèn: 25.000 giờ                                           | Chu kỳ tắt bật: 50.000 lần | Mức tiêu thụ điện 1000 giờ: 7kWh                                                                             | Mức hiệu suất năng lượng: A+ | Chiều rộng: 18 mm                                      | Chiều cao: 9 mm | Hàm lượng thủy ngân: 0 mg                                                                                | Thời gian khởi động của đèn: < 0,5 giây"
485,BỘ ĐÈN LED LINEAR ĐỔI MÀU LR01.BLE 1000/20W,LR01.BLE1000/20W LED00037996,https://static.rangdongstore.vn/230828014372/2023/08/28/1-LR01-1000-20W.jpg?fm=webp&w=500,24,,,,1045000,993000.0,,,,No description
486,BỘ PHỤ KIỆN LED LINEAR PK L-LR01.BLE 220X220/8W,PKL-LR01.BLE220x220/8W LED00057765,https://static.rangdongstore.vn/230420010334/2023/04/20/efacd3b5-73be-4fca-b161-bc63f3196140.jpg?fm=webp&w=500,24,,,,204000,,,,,Hệ số trả màu (CRI): 80.0 | Tuổi thọ đèn: 25000 giờ                         | Chiều rộng: 64 mm                     | Chiều cao: 32 mm | Điện áp vào: 23-25 VDC | Dòng điện tiêu thụ: 0.35 A@24VDC | Quang thông: 520 lm                                   | Nhiệt độ màu: 6500K/4000K/3000K
487,BỘ NGUỒN ĐIỀU KHIỂN LED DÂY LD01.BLE.RGB 1000/7W,LD01.BLE.RGB1000/7W LED00043522,https://static.rangdongstore.vn/230823013143/2023/08/23/DR-LD01.BLE.RGB_1000_7W.jpg?fm=webp&w=500,24,,,,682000,648000.0,,,,Điện áp: 220/50-60 V/Hz | Điện áp đầu ra: 200±5% VDC | Dòng điện max: 1.6 A | Công suất Max: 150 W | Nhiệt độ làm việc: -10÷40 0C
488,ĐÈN LED GẮN TƯỜNG 5W GT07,GT075W 00000007,https://static.rangdongstore.vn/product/Den-LED/LED_Gan_tuong/D_GT07L_5W/D_GT07L_5W_0.jpg?fm=webp&w=500,25,,,,568080,454000.0,,,,"Nguồn điện danh định: 220V/50Hz | Công suất: 5W | Vật liệu: gỗ nhựa | Điện áp có thể hoạt động: 170V - 240V | Dòng điện (Max): 50mA | Hệ số công suất: 0,5 | Quang thông: 350 lm | Hiệu suất sáng: 70 lm/W | Hệ số trả màu (CRI): 80.0 | Tuổi thọ đèn: 15.000 giờ | Chu kỳ tắt bật: 50.000 lần | Mức tiêu thụ điện 1000 giờ: 5 kWh | Chiều dài: 98 mm | Chiều rộng: 95 mm | Chiều cao: 306 mm | Hàm lượng thủy ngân: 0 mg | Thời gian khởi động của đèn: < 0,5 giây | Ánh sáng: Ánh sáng trắng 6500K | Màu sắc: Trắng | Nhiệt độ màu: 6500K"
489,ĐÈN LED GẮN TƯỜNG 5W GT07,GT075W 00000009,https://static.rangdongstore.vn/product/Den-LED/LED_Gan_tuong/D_GT07L_5W/D_GT07L_5W_0.jpg?fm=webp&w=500,25,,,,568080,454000.0,,,,"Nguồn điện danh định: 220V/50Hz | Công suất: 5W | Vật liệu: gỗ nhựa | Điện áp có thể hoạt động: 170V - 240V | Dòng điện (Max): 50mA | Hệ số công suất: 0,5 | Quang thông: 350 lm | Hiệu suất sáng: 70 lm/W | Hệ số trả màu (CRI): 80.0 | Tuổi thọ đèn: 15.000 giờ | Chu kỳ tắt bật: 50.000 lần | Mức tiêu thụ điện 1000 giờ: 5 kWh | Chiều dài: 98 mm | Chiều rộng: 95 mm | Chiều cao: 306 mm | Hàm lượng thủy ngân: 0 mg | Thời gian khởi động của đèn: < 0,5 giây | Ánh sáng: Ánh sáng trắng 6500K | Màu sắc: Trắng | Nhiệt độ màu: 6500K"
490,ĐÈN LED GẮN TƯỜNG 5W GT19,GT195W LED00043943-DE0100,https://static.rangdongstore.vn/product/Den-LED/LED_Gan_tuong/GT19-5W/GT19-5W-1.jpg?fm=webp&w=500,25,,,,616000,493000.0,,,,"Nguồn điện danh định: 220V/50Hz | Công suất: 5W | Vật liệu: nhôm | Điện áp có thể hoạt động: 150V÷250V | Dòng điện (Max): 0.1A | Hệ số công suất: 0,5 | Quang thông: 400/450/450 lm | Hiệu suất sáng: 80/90/90 lm/W | Hệ số trả màu (CRI): 80.0 | Tuổi thọ đèn: 30.000 giờ | Chu kỳ tắt bật: 50.000 lần | Mức tiêu thụ điện 1000 giờ: 5 kWh | Chiều dài: 123 mm | Chiều rộng: 102 mm | Chiều cao: 98 mm | Hàm lượng thủy ngân: 0 mg | Thời gian khởi động của đèn: < 0,5 giây | Ánh sáng: Ánh sáng trắng 6500K | Màu sắc: Trắng | Nhiệt độ màu: 6500K"
491,ĐÈN LED GẮN TƯỜNG GT20.1P 15W 6500K,GT20.1P15W6500K LED00062249,https://static.rangdongstore.vn/240130017069/2024/01/30/GT10.2P-25W-1.jpg?fm=webp&w=500,25,,,,540000,432000.0,,,,"Nguồn điện danh định: 220V/50Hz | Công suất: 15W | Vật liệu: ................... | Điện áp có thể hoạt động: 150V÷250V | Dòng điện (Max): 0.2A | Hệ số công suất: 0,5 | Quang thông: 620/770/770 lm | Hiệu suất sáng: 41/53/53 lm/W | Hệ số trả màu (CRI): 80.0 | Tuổi thọ đèn: 30.000 giờ | Chu kỳ tắt bật: 50.000 lần | Mức tiêu thụ điện 1000 giờ: 15 kWh | Chiều dài: 165 mm | Chiều rộng: 70 mm | Chiều cao: 115 mm | Hàm lượng thủy ngân: 0 mg | Thời gian khởi động của đèn: < 0,5 giây | Ánh sáng: Ánh sáng trắng 6500K | Màu sắc: Trắng | Nhiệt độ màu: 6500K"
492,ĐÈN LED ỐP TƯỜNG 70X160/5W LN12,LN1270x160/5W LED00031837,https://static.rangdongstore.vn/product/Den-LED/LED_Op_tran/D_LN12L_%2070x160_5W/LN12-70x160-5W-1.jpg?fm=webp&w=500,25,,,,125000,87500.0,,,,"Nguồn điện danh định: 220V/50Hz | Công suất: 5W | Vật liệu: Nhựa PC  | Điện áp có thể hoạt động: 150V – 250 V | Dòng điện (Max): 70 mA | Hệ số công suất: 0,5 | Quang thông: 500/450 lm | Hiệu suất sáng: 100/90 lm/W | Hệ số trả màu (CRI): 80.0 | Tuổi thọ đèn: 25.000 giờ | Chu kỳ tắt bật: 50.000 lần | Mức tiêu thụ điện 1000 giờ: 5 kWh | Chiều dài: 160 mm | Chiều rộng: 70 mm | Chiều cao: 60 | Hàm lượng thủy ngân: 0 mg | Thời gian khởi động của đèn: < 0,5 giây | Nhiệt độ màu ánh sáng:  6500K/4000K/3000K | Mức hiệu suất năng lượng: A+ | Ánh sáng: Ánh sáng trắng 6500K | Màu sắc: Trắng | Nhiệt độ màu: 6500K"
493,ĐÈN LED ỐP TƯỜNG 90X195/10W LN12,LN1290x195/10W LED00031838,https://static.rangdongstore.vn/product/Den-LED/LED_Op_tran/D_LN12L_90x195_10W/LN12-90x195-10W-1.jpg?fm=webp&w=500,25,,,,159000,111300.0,,,,"Nguồn điện danh định: 220V/50Hz | Công suất: 10W | Vật liệu: Nhựa PC  | Điện áp có thể hoạt động: 150V – 250 V | Dòng điện (Max): 140 mA | Hệ số công suất: 0,5 | Quang thông: 1000/900 lm | Hiệu suất sáng: 100/90 lm/W | Hệ số trả màu (CRI): 80.0 | Tuổi thọ đèn: 25.000 giờ | Chu kỳ tắt bật: 50.000 lần | Mức tiêu thụ điện 1000 giờ: 10 kWh | Chiều dài: 195 mm | Chiều rộng: 90 mm | Chiều cao: 60 | Hàm lượng thủy ngân: 0 mg | Thời gian khởi động của đèn: < 0,5 giây | Nhiệt độ màu ánh sáng:  6500K/4000K/3000K | Mức hiệu suất năng lượng: A+ | Ánh sáng: Ánh sáng trắng 6500K | Màu sắc: Trắng | Nhiệt độ màu: 6500K"
494,ĐÈN LED GẮN TƯỜNG GT20.2P 25W 6500K,GT20.2P25W6500K LED00062250,https://static.rangdongstore.vn/240130017069/2024/01/30/GT10.2P-25W-1.jpg?fm=webp&w=500,25,,,,669600,536000.0,,,,"Nguồn điện danh định: 220V/50Hz | Công suất: 25W | Vật liệu: ............. | Điện áp có thể hoạt động: 150V÷250V | Dòng điện (Max): 0.4A | Hệ số công suất: 0,5 | Quang thông: 1270/1570/1570 lm | Hiệu suất sáng: 50/64/64 lm/W | Hệ số trả màu (CRI): 80.0 | Tuổi thọ đèn: 30.000 giờ | Chu kỳ tắt bật: 50.000 lần | Mức tiêu thụ điện 1000 giờ: 25 kWh | Chiều dài: 265 mm | Chiều rộng: 70 mm | Chiều cao: 115 mm | Hàm lượng thủy ngân: 0 mg | Thời gian khởi động của đèn: < 0,5 giây | Ánh sáng: Ánh sáng trắng 6500K | Màu sắc: Trắng | Nhiệt độ màu: 6500K"
495,ĐÈN LED GẮN TƯỜNG GT20.1P 20W 6500K,GT20.1P20W LED00075889,https://static.rangdongstore.vn/241028025985/2024/10/28/GT10.2P-25W-1.jpg?fm=webp&w=500,25,,,,605000,424000.0,,,,Công suất: 20W | Quang thông: 1700/1500 lm | Ánh sáng: Ánh sáng trắng 6500K | Điện áp: 220V/50Hz | Chỉ số hoàn màu: 80.0 | Tuổi thọ: 25.000 giờ | Kích thước (DxRxC): (145x90x160)mm | Màu sắc: Trắng | Nhiệt độ màu: 6500K
496,ĐÈN LED GẮN TƯỜNG GT20.1P 20W 6500K,GT20.1P20W LED00075464,https://static.rangdongstore.vn/241028025985/2024/10/28/GT10.2P-25W-1.jpg?fm=webp&w=500,25,,,,605000,424000.0,,,,Công suất: 20W | Quang thông: 1700/1500 lm | Ánh sáng: Ánh sáng trắng 6500K | Điện áp: 220V/50Hz | Chỉ số hoàn màu: 80.0 | Tuổi thọ: 25.000 giờ | Kích thước (DxRxC): (145x90x160)mm | Màu sắc: Trắng | Nhiệt độ màu: 6500K
497,ĐÈN LED GẮN TƯỜNG 6W GT18.3M,GT18.36W LED00044299-DE0100,https://static.rangdongstore.vn/2204006189/2022/04/11/den-led-gan-tuong-gt18-3m-6w-4000k-3-4nz.jpeg?fm=webp&w=500,25,,,,432000,346000.0,,,,"Nguồn điện danh định: 220V/50Hz | Công suất: 6W | Vật liệu: nhôm | Điện áp có thể hoạt động: 150V÷250V | Dòng điện (Max): 0.08A | Hệ số công suất: 0,5 | Quang thông: 400/440/440lm | Hiệu suất sáng: 66/73/73 lm/W | Hệ số trả màu (CRI): 80.0 | Tuổi thọ đèn: 30.000 giờ | Chu kỳ tắt bật: 50.000 lần | Mức tiêu thụ điện 1000 giờ: 6 kWh | Chiều dài: 168 mm | Chiều rộng: 42 mm | Chiều cao: 80 mm | Hàm lượng thủy ngân: 0 mg | Thời gian khởi động của đèn: < 0,5 giây | Ánh sáng: Ánh sáng trắng 6500K | Màu sắc: Trắng | Nhiệt độ màu: 6500K"
498,ĐÈN LED GẮN TƯỜNG 6W GT18.3M,GT18.36W LED00044299-DO0100,https://static.rangdongstore.vn/2204006189/2022/04/11/den-led-gan-tuong-gt18-3m-6w-4000k-3-4nz.jpeg?fm=webp&w=500,25,,,,432000,346000.0,,,,"Nguồn điện danh định: 220V/50Hz | Công suất: 6W | Vật liệu: nhôm | Điện áp có thể hoạt động: 150V÷250V | Dòng điện (Max): 0.08A | Hệ số công suất: 0,5 | Quang thông: 400/440/440lm | Hiệu suất sáng: 66/73/73 lm/W | Hệ số trả màu (CRI): 80.0 | Tuổi thọ đèn: 30.000 giờ | Chu kỳ tắt bật: 50.000 lần | Mức tiêu thụ điện 1000 giờ: 6 kWh | Chiều dài: 168 mm | Chiều rộng: 42 mm | Chiều cao: 80 mm | Hàm lượng thủy ngân: 0 mg | Thời gian khởi động của đèn: < 0,5 giây | Ánh sáng: Ánh sáng trắng 6500K | Màu sắc: Trắng | Nhiệt độ màu: 6500K"
499,ĐÈN LED GẮN TƯỜNG 6W GT18.3M,GT18.36W LED00044299-VA0100,https://static.rangdongstore.vn/2204006189/2022/04/11/den-led-gan-tuong-gt18-3m-6w-4000k-3-4nz.jpeg?fm=webp&w=500,25,,,,432000,346000.0,,,,"Nguồn điện danh định: 220V/50Hz | Công suất: 6W | Vật liệu: nhôm | Điện áp có thể hoạt động: 150V÷250V | Dòng điện (Max): 0.08A | Hệ số công suất: 0,5 | Quang thông: 400/440/440lm | Hiệu suất sáng: 66/73/73 lm/W | Hệ số trả màu (CRI): 80.0 | Tuổi thọ đèn: 30.000 giờ | Chu kỳ tắt bật: 50.000 lần | Mức tiêu thụ điện 1000 giờ: 6 kWh | Chiều dài: 168 mm | Chiều rộng: 42 mm | Chiều cao: 80 mm | Hàm lượng thủy ngân: 0 mg | Thời gian khởi động của đèn: < 0,5 giây | Ánh sáng: Ánh sáng trắng 6500K | Màu sắc: Trắng | Nhiệt độ màu: 6500K"
500,ĐÈN LED GẮN TƯỜNG 6W GT18.3M,GT18.36W LED00044299-TR0100,https://static.rangdongstore.vn/2204006193/2022/04/11/den-led-gan-tuong-gt18-3m-6w-3000k-3-tdw.jpeg?fm=webp&w=500,25,,,,432000,346000.0,,,,"Nguồn điện danh định: 220V/50Hz | Công suất: 6W | Vật liệu: nhôm | Điện áp có thể hoạt động: 150V÷250V | Dòng điện (Max): 0.08A | Hệ số công suất: 0,5 | Quang thông: 400/440/440lm | Hiệu suất sáng: 66/73/73 lm/W | Hệ số trả màu (CRI): 80.0 | Tuổi thọ đèn: 30.000 giờ | Chu kỳ tắt bật: 50.000 lần | Mức tiêu thụ điện 1000 giờ: 6 kWh | Chiều dài: 168 mm | Chiều rộng: 42 mm | Chiều cao: 80 mm | Hàm lượng thủy ngân: 0 mg | Thời gian khởi động của đèn: < 0,5 giây | Ánh sáng: Ánh sáng trắng 6500K | Màu sắc: Trắng | Nhiệt độ màu: 6500K"
501,ĐÈN LED GẮN TƯỜNG 6W GT18.3M,GT18.36W LED00043941-DE0100,https://static.rangdongstore.vn/2204006189/2022/04/11/den-led-gan-tuong-gt18-3m-6w-4000k-3-4nz.jpeg?fm=webp&w=500,25,,,,432000,346000.0,,,,"Nguồn điện danh định: 220V/50Hz | Công suất: 6W | Vật liệu: nhôm | Điện áp có thể hoạt động: 150V÷250V | Dòng điện (Max): 0.08A | Hệ số công suất: 0,5 | Quang thông: 400/440/440lm | Hiệu suất sáng: 66/73/73 lm/W | Hệ số trả màu (CRI): 80.0 | Tuổi thọ đèn: 30.000 giờ | Chu kỳ tắt bật: 50.000 lần | Mức tiêu thụ điện 1000 giờ: 6 kWh | Chiều dài: 168 mm | Chiều rộng: 42 mm | Chiều cao: 80 mm | Hàm lượng thủy ngân: 0 mg | Thời gian khởi động của đèn: < 0,5 giây | Ánh sáng: Ánh sáng trắng 6500K | Màu sắc: Trắng | Nhiệt độ màu: 6500K"
502,ĐÈN LED GẮN TƯỜNG 6W GT18.3M,GT18.36W LED00043941-VA0100,https://static.rangdongstore.vn/2204006189/2022/04/11/den-led-gan-tuong-gt18-3m-6w-4000k-3-4nz.jpeg?fm=webp&w=500,25,,,,432000,346000.0,,,,"Nguồn điện danh định: 220V/50Hz | Công suất: 6W | Vật liệu: nhôm | Điện áp có thể hoạt động: 150V÷250V | Dòng điện (Max): 0.08A | Hệ số công suất: 0,5 | Quang thông: 400/440/440lm | Hiệu suất sáng: 66/73/73 lm/W | Hệ số trả màu (CRI): 80.0 | Tuổi thọ đèn: 30.000 giờ | Chu kỳ tắt bật: 50.000 lần | Mức tiêu thụ điện 1000 giờ: 6 kWh | Chiều dài: 168 mm | Chiều rộng: 42 mm | Chiều cao: 80 mm | Hàm lượng thủy ngân: 0 mg | Thời gian khởi động của đèn: < 0,5 giây | Ánh sáng: Ánh sáng trắng 6500K | Màu sắc: Trắng | Nhiệt độ màu: 6500K"
503,ĐÈN LED GẮN TƯỜNG 6W GT18.3M,GT18.36W LED00043941-TR0100,https://static.rangdongstore.vn/2204006189/2022/04/11/den-led-gan-tuong-gt18-3m-6w-4000k-3-4nz.jpeg?fm=webp&w=500,25,,,,432000,346000.0,,,,"Nguồn điện danh định: 220V/50Hz | Công suất: 6W | Vật liệu: nhôm | Điện áp có thể hoạt động: 150V÷250V | Dòng điện (Max): 0.08A | Hệ số công suất: 0,5 | Quang thông: 400/440/440lm | Hiệu suất sáng: 66/73/73 lm/W | Hệ số trả màu (CRI): 80.0 | Tuổi thọ đèn: 30.000 giờ | Chu kỳ tắt bật: 50.000 lần | Mức tiêu thụ điện 1000 giờ: 6 kWh | Chiều dài: 168 mm | Chiều rộng: 42 mm | Chiều cao: 80 mm | Hàm lượng thủy ngân: 0 mg | Thời gian khởi động của đèn: < 0,5 giây | Ánh sáng: Ánh sáng trắng 6500K | Màu sắc: Trắng | Nhiệt độ màu: 6500K"
504,ĐÈN LED GẮN TƯỜNG 8W GT18.4M,GT18.48W LED00044300-DE0100,https://static.rangdongstore.vn/2204006206/2022/04/11/den-led-gan-tuong-gt18-4m-8w-4000k-3-c54.jpeg?fm=webp&w=500,25,,,,518000,414000.0,,,,"Nguồn điện danh định: 220V/50Hz | Công suất: 8W | Vật liệu: nhôm | Điện áp có thể hoạt động: 150V÷250V | Dòng điện (Max): 0.1A | Hệ số công suất: 0,5 | Quang thông: 520/580/580 lm | Hiệu suất sáng: 65/73/73 lm/W | Hệ số trả màu (CRI): 80.0 | Tuổi thọ đèn: 30.000 giờ | Chu kỳ tắt bật: 50.000 lần | Mức tiêu thụ điện 1000 giờ: 8 kWh | Chiều dài: 220 mm | Chiều rộng: 44 mm | Chiều cao: 80 mm | Hàm lượng thủy ngân: 0 mg | Thời gian khởi động của đèn: < 0,5 giây | Ánh sáng: Ánh sáng trắng 6500K | Màu sắc: Trắng | Nhiệt độ màu: 6500K"
505,ĐÈN LED GẮN TƯỜNG 8W GT18.4M,GT18.48W LED00044300-DO0100,https://static.rangdongstore.vn/2204006209/2022/04/11/den-led-gan-tuong-gt18-4m-8w-3000k-4-1su.jpeg?fm=webp&w=500,25,,,,518000,414000.0,,,,"Nguồn điện danh định: 220V/50Hz | Công suất: 8W | Vật liệu: nhôm | Điện áp có thể hoạt động: 150V÷250V | Dòng điện (Max): 0.1A | Hệ số công suất: 0,5 | Quang thông: 520/580/580 lm | Hiệu suất sáng: 65/73/73 lm/W | Hệ số trả màu (CRI): 80.0 | Tuổi thọ đèn: 30.000 giờ | Chu kỳ tắt bật: 50.000 lần | Mức tiêu thụ điện 1000 giờ: 8 kWh | Chiều dài: 220 mm | Chiều rộng: 44 mm | Chiều cao: 80 mm | Hàm lượng thủy ngân: 0 mg | Thời gian khởi động của đèn: < 0,5 giây | Ánh sáng: Ánh sáng trắng 6500K | Màu sắc: Trắng | Nhiệt độ màu: 6500K"
506,ĐÈN LED GẮN TƯỜNG 8W GT18.4M,GT18.48W LED00044300-VA0100,https://static.rangdongstore.vn/2204006211/2022/04/11/den-led-gan-tuong-gt18-4m-8w-3000k-2-sut.jpeg?fm=webp&w=500,25,,,,518000,414000.0,,,,"Nguồn điện danh định: 220V/50Hz | Công suất: 8W | Vật liệu: nhôm | Điện áp có thể hoạt động: 150V÷250V | Dòng điện (Max): 0.1A | Hệ số công suất: 0,5 | Quang thông: 520/580/580 lm | Hiệu suất sáng: 65/73/73 lm/W | Hệ số trả màu (CRI): 80.0 | Tuổi thọ đèn: 30.000 giờ | Chu kỳ tắt bật: 50.000 lần | Mức tiêu thụ điện 1000 giờ: 8 kWh | Chiều dài: 220 mm | Chiều rộng: 44 mm | Chiều cao: 80 mm | Hàm lượng thủy ngân: 0 mg | Thời gian khởi động của đèn: < 0,5 giây | Ánh sáng: Ánh sáng trắng 6500K | Màu sắc: Trắng | Nhiệt độ màu: 6500K"
507,ĐÈN LED GẮN TƯỜNG 8W GT18.4M,GT18.48W LED00044300-TR0100,https://static.rangdongstore.vn/2204006210/2022/04/11/den-led-gan-tuong-gt18-4m-8w-3000k-3-mro.jpeg?fm=webp&w=500,25,,,,518000,414000.0,,,,"Nguồn điện danh định: 220V/50Hz | Công suất: 8W | Vật liệu: nhôm | Điện áp có thể hoạt động: 150V÷250V | Dòng điện (Max): 0.1A | Hệ số công suất: 0,5 | Quang thông: 520/580/580 lm | Hiệu suất sáng: 65/73/73 lm/W | Hệ số trả màu (CRI): 80.0 | Tuổi thọ đèn: 30.000 giờ | Chu kỳ tắt bật: 50.000 lần | Mức tiêu thụ điện 1000 giờ: 8 kWh | Chiều dài: 220 mm | Chiều rộng: 44 mm | Chiều cao: 80 mm | Hàm lượng thủy ngân: 0 mg | Thời gian khởi động của đèn: < 0,5 giây | Ánh sáng: Ánh sáng trắng 6500K | Màu sắc: Trắng | Nhiệt độ màu: 6500K"
508,ĐÈN LED GẮN TƯỜNG 8W GT18.4M,GT18.48W LED00043942-DE0100,https://static.rangdongstore.vn/2204006206/2022/04/11/den-led-gan-tuong-gt18-4m-8w-4000k-3-c54.jpeg?fm=webp&w=500,25,,,,518000,414000.0,,,,"Nguồn điện danh định: 220V/50Hz | Công suất: 8W | Vật liệu: nhôm | Điện áp có thể hoạt động: 150V÷250V | Dòng điện (Max): 0.1A | Hệ số công suất: 0,5 | Quang thông: 520/580/580 lm | Hiệu suất sáng: 65/73/73 lm/W | Hệ số trả màu (CRI): 80.0 | Tuổi thọ đèn: 30.000 giờ | Chu kỳ tắt bật: 50.000 lần | Mức tiêu thụ điện 1000 giờ: 8 kWh | Chiều dài: 220 mm | Chiều rộng: 44 mm | Chiều cao: 80 mm | Hàm lượng thủy ngân: 0 mg | Thời gian khởi động của đèn: < 0,5 giây | Ánh sáng: Ánh sáng trắng 6500K | Màu sắc: Trắng | Nhiệt độ màu: 6500K"
509,ĐÈN LED GẮN TƯỜNG 8W GT18.4M,GT18.48W LED00043942-VA0100,https://static.rangdongstore.vn/2204006207/2022/04/11/den-led-gan-tuong-gt18-4m-8w-4000k-2-dgm.jpeg?fm=webp&w=500,25,,,,518000,414000.0,,,,"Nguồn điện danh định: 220V/50Hz | Công suất: 8W | Vật liệu: nhôm | Điện áp có thể hoạt động: 150V÷250V | Dòng điện (Max): 0.1A | Hệ số công suất: 0,5 | Quang thông: 520/580/580 lm | Hiệu suất sáng: 65/73/73 lm/W | Hệ số trả màu (CRI): 80.0 | Tuổi thọ đèn: 30.000 giờ | Chu kỳ tắt bật: 50.000 lần | Mức tiêu thụ điện 1000 giờ: 8 kWh | Chiều dài: 220 mm | Chiều rộng: 44 mm | Chiều cao: 80 mm | Hàm lượng thủy ngân: 0 mg | Thời gian khởi động của đèn: < 0,5 giây | Ánh sáng: Ánh sáng trắng 6500K | Màu sắc: Trắng | Nhiệt độ màu: 6500K"
510,ĐÈN LED GẮN TƯỜNG 8W GT18.4M,GT18.48W LED00043942-TR0100,https://static.rangdongstore.vn/2204006206/2022/04/11/den-led-gan-tuong-gt18-4m-8w-4000k-3-c54.jpeg?fm=webp&w=500,25,,,,518000,414000.0,,,,"Nguồn điện danh định: 220V/50Hz | Công suất: 8W | Vật liệu: nhôm | Điện áp có thể hoạt động: 150V÷250V | Dòng điện (Max): 0.1A | Hệ số công suất: 0,5 | Quang thông: 520/580/580 lm | Hiệu suất sáng: 65/73/73 lm/W | Hệ số trả màu (CRI): 80.0 | Tuổi thọ đèn: 30.000 giờ | Chu kỳ tắt bật: 50.000 lần | Mức tiêu thụ điện 1000 giờ: 8 kWh | Chiều dài: 220 mm | Chiều rộng: 44 mm | Chiều cao: 80 mm | Hàm lượng thủy ngân: 0 mg | Thời gian khởi động của đèn: < 0,5 giây | Ánh sáng: Ánh sáng trắng 6500K | Nhiệt độ màu: 6500K"
511,ĐÈN LED GẮN TƯỜNG 5W GT04 HG,GT04HG/5W 00000004,https://static.rangdongstore.vn/product/Den-LED/LED_Gan_tuong/D_GT04L_HG_5W/D_GT04L_HG_5W_1.jpg?fm=webp&w=500,25,,,,313200,250000.0,,,,"Nguồn điện danh định: 220V/50Hz | Công suất: 5W | Vật liệu: gỗ nhựa | Điện áp có thể hoạt động: 170V - 240V | Dòng điện (Max): 50mA | Hệ số công suất: 0,5 | Quang thông: 300 lm | Hiệu suất sáng: 60 lm/W | Hệ số trả màu (CRI): 80.0 | Tuổi thọ đèn: 15.000 giờ | Chu kỳ tắt bật: 50.000 lần | Mức tiêu thụ điện 1000 giờ: 5 kWh | Chiều dài: 203 mm | Chiều rộng: 103 mm | Chiều cao: 93 mm | Hàm lượng thủy ngân: 0 mg | Thời gian khởi động của đèn: < 0,5 giây | Ánh sáng: Ánh sáng trắng 6500K | Nhiệt độ màu: 6500K"
512,ĐÈN LED GẮN TƯỜNG 5W GT04 HG,GT04HG/5W 00000005,https://static.rangdongstore.vn/product/Den-LED/LED_Gan_tuong/D_GT04L_HG_5W/D_GT04L_HG_5W_1.jpg?fm=webp&w=500,25,,,,313200,250000.0,,,,"Nguồn điện danh định: 220V/50Hz | Công suất: 5W | Vật liệu: gỗ nhựa | Điện áp có thể hoạt động: 170V - 240V | Dòng điện (Max): 50mA | Hệ số công suất: 0,5 | Quang thông: 300 lm | Hiệu suất sáng: 60 lm/W | Hệ số trả màu (CRI): 80.0 | Tuổi thọ đèn: 15.000 giờ | Chu kỳ tắt bật: 50.000 lần | Mức tiêu thụ điện 1000 giờ: 5 kWh | Chiều dài: 203 mm | Chiều rộng: 103 mm | Chiều cao: 93 mm | Hàm lượng thủy ngân: 0 mg | Thời gian khởi động của đèn: < 0,5 giây | Ánh sáng: Ánh sáng trắng 6500K | Nhiệt độ màu: 6500K"
513,ĐÈN LED GẮN TƯỜNG GT20.2P 30W 6500K,GT20.2P30W LED00075888,https://static.rangdongstore.vn/241028025985/2024/10/28/GT10.2P-25W-1.jpg?fm=webp&w=500,25,,,,724000,507000.0,,,,Công suất: 30W | Quang thông: 3000/2700 lm | Ánh sáng: Ánh sáng trắng 6500K | Điện áp: 220V/50Hz | Chỉ số hoàn màu: 80.0 | Tuổi thọ: 25.000 giờ | Kích thước (DxRxC): (145x90x260)mm | Nhiệt độ màu: 6500K
514,ĐÈN LED GẮN TƯỜNG GT20.2P 30W 6500K,GT20.2P30W LED00075465,https://static.rangdongstore.vn/241028025985/2024/10/28/GT10.2P-25W-1.jpg?fm=webp&w=500,25,,,,724000,507000.0,,,,Công suất: 30W | Quang thông: 3000/2700 lm | Ánh sáng: Ánh sáng trắng 6500K | Điện áp: 220V/50Hz | Chỉ số hoàn màu: 80.0 | Tuổi thọ: 25.000 giờ | Kích thước (DxRxC): (145x90x260)mm | Nhiệt độ màu: 6500K
515,ĐÈN LED GƯƠNG CẢM BIẾN HỒNG NGOẠI 8W G04.PIR,G04.PIR8W LED00039712,https://static.rangdongstore.vn/product/Den-LED/Den_guong/G04/G04.PIR-8W-1.jpg?fm=webp&w=500,25,,,,274000,219000.0,,,,Công suất: 8W | Hệ số trả màu (CRI): 80.0 | Chiều dài: 600 mm | Chiều rộng: 125 mm | Chiều cao: 60 mm | Ánh sáng: Ánh sáng trắng 6500K | Tuổi thọ: 25.000 giờ | Điện áp nguồn danh định: 220V | Dải điện áp hoạt động: (150 - 250)V | Quang thông danh định: 400 lm | Số chu kỳ tắt bật: 50.000 lần | Điều chỉnh góc chiếu sáng: 45 độ | Nhiệt độ hoạt động: (-10 - 40) độ C | Nhiệt độ màu: 6500K
516,ĐÈN LED GƯƠNG CẢM BIẾN HỒNG NGOẠI 8W G04.PIR,G04.PIR8W LED00039711,https://static.rangdongstore.vn/product/Den-LED/Den_guong/G04/G04.PIR-8W-2.jpg?fm=webp&w=500,25,,,,274000,219000.0,,,,Công suất: 8W | Hệ số trả màu (CRI): 80.0 | Chiều dài: 600 mm | Chiều rộng: 125 mm | Chiều cao: 60 mm | Tuổi thọ: 25.000 giờ | Điện áp nguồn danh định: 220V | Dải điện áp hoạt động: (150 - 250)V | Quang thông danh định: 400 lm | Số chu kỳ tắt bật: 50.000 lần | Điều chỉnh góc chiếu sáng: 45 độ | Nhiệt độ hoạt động: (-10 - 40) độ C | Nhiệt độ màu: 6500K
517,ĐÈN LED GẮN TƯỜNG CẢM BIẾN HỒNG NGOẠI 180/15W GT16.PIR,GT16.PIR180/15W LED00042011,https://static.rangdongstore.vn/product/Den-LED/LED_gan_tuong_cam_bien/den%20gan%20tuong%201.jpg?fm=webp&w=500,25,,,,367000,294000.0,,,,Nhiệt độ màu: 6500K
518,ĐÈN LED GẮN TƯỜNG CẢM BIẾN HỒNG NGOẠI 180/15W GT16.PIR,GT16.PIR180/15W LED00042012,https://static.rangdongstore.vn/product/Den-LED/LED_gan_tuong_cam_bien/den%20gan%20tuong%201.jpg?fm=webp&w=500,25,,,,367000,294000.0,,,,Nhiệt độ màu: 6500K
519,ĐÈN LED GẮN TƯỜNG CẢM BIẾN HỒNG NGOẠI 220X100/15W GT16.PIR,GT16.PIR220x100/15W LED00042009,https://static.rangdongstore.vn/product/Den-LED/LED_gan_tuong_cam_bien/den%20gan%20tuong%202.jpg?fm=webp&w=500,25,,,,302000,242000.0,,,,Nhiệt độ màu: 6500K
520,ĐÈN LED GẮN TƯỜNG CẢM BIẾN HỒNG NGOẠI 220X100/15W GT16.PIR,GT16.PIR220x100/15W LED00042010,https://static.rangdongstore.vn/product/Den-LED/LED_gan_tuong_cam_bien/den%20gan%20tuong%202.jpg?fm=webp&w=500,25,,,,302000,242000.0,,,,Nhiệt độ màu: 6500K
521,ĐÈN LED GƯƠNG 6W G03,G036W LED00036316,https://static.rangdongstore.vn/product/Den-LED/Den_guong/D-G03L-6W/D-G03L-1.jpg?fm=webp&w=500,25,,,,322000,258000.0,,,,Công suất: 6W | Quang thông: 390/351 lm | Hệ số trả màu (CRI): 80.0 | Chiều dài: 594 mm | Chiều rộng: 49 mm | Chiều cao: 78 mm | Hàm lượng thủy ngân: 0 mg | Thời gian khởi động của đèn: < 0.5 s | Điện áp: 220V/50-60Hz | Số chu kỳ tắt bật: 50 000 lần | Điện áp hoạt động: 150V - 250V | Màu ánh sáng: 6500K/3000K | Tuổi thọ của đèn: 20.000 giờ | Nhiệt độ màu: 6500K
522,ĐÈN LED GƯƠNG 6W G03,G036W LED00036317,https://static.rangdongstore.vn/product/Den-LED/Den_guong/D-G03L-6W/D-G03L-1.jpg?fm=webp&w=500,25,,,,322000,258000.0,,,,Công suất: 6W | Quang thông: 390/351 lm | Hệ số trả màu (CRI): 80.0 | Chiều dài: 594 mm | Chiều rộng: 49 mm | Chiều cao: 78 mm | Hàm lượng thủy ngân: 0 mg | Thời gian khởi động của đèn: < 0.5 s | Điện áp: 220V/50-60Hz | Số chu kỳ tắt bật: 50 000 lần | Điện áp hoạt động: 150V - 250V | Màu ánh sáng: 6500K/3000K | Tuổi thọ của đèn: 20.000 giờ
523,ĐÈN LED GẮN TƯỜNG 2.5W GT06 CD E14,GT06CD/2.5WE14 LED00030467,https://static.rangdongstore.vn/product/Den-LED/LED_Gan_tuong/D_GT06L_CD_5W/D_GT06L_CD_5W_1.jpg?fm=webp&w=500,25,,,,191000,153000.0,,,,"Nguồn điện danh định: 220V/50Hz | Công suất: 2,5W | Vật liệu: nhựa | Hiệu suất sáng: 60 lm/W | Hệ số trả màu (CRI): 80.0 | Tuổi thọ đèn: 20.000 giờ | Chu kỳ tắt bật: 50.000 lần | Mức tiêu thụ điện 1000 giờ: 2,5 kWh | Chiều dài: 265 mm | Chiều rộng: 95 mm | Chiều cao: 115 mm | Hàm lượng thủy ngân: 0 mg | Thời gian khởi động của đèn: < 0,5 giây | Nhiệt độ màu: 2700K"
524,ĐÈN LED GẮN TƯỜNG 5W GT06 CD,GT06CD/5W LED00005650,https://static.rangdongstore.vn/product/Den-LED/LED_Gan_tuong/D_GT06L_CD_5W/D_GT06L_CD_5W_1.jpg?fm=webp&w=500,25,,,,272160,218000.0,,,,"Nguồn điện danh định: 220V/50Hz | Công suất: 5W | Vật liệu: gỗ nhựa | Điện áp có thể hoạt động: 170V - 240V | Dòng điện (Max): 50mA | Hệ số công suất: 0,5 | Quang thông: 300 lm | Hiệu suất sáng: 60 lm/W | Hệ số trả màu (CRI): 80.0 | Tuổi thọ đèn: 15.000 giờ | Chu kỳ tắt bật: 50.000 lần | Mức tiêu thụ điện 1000 giờ: 5 kWh | Chiều dài: 265 mm | Chiều rộng: 95 mm | Chiều cao: 115 mm | Hàm lượng thủy ngân: 0 mg | Thời gian khởi động của đèn: < 0,5 giây | Nhiệt độ màu: 3000K"
525,ĐÈN LED HIGHBAY HB08 255/100W 6500K,HB08 255/100W LED00076657,https://static.rangdongstore.vn/241028025981/2024/10/28/HB08-255-100W-1.jpg?fm=webp&w=500,26,,,,1598000,1118600.0,,,,"Công suất: 100W | Điện áp: 220V/50-60Hz | Nhiệt độ màu: 6500K | Quang thông: 14000/14500/14500 lm | Chỉ số hoàn màu: ≥80 | Tuổi thọ: 30000 h | Cấp bảo vệ: IP65 | Kích thước (ФxC): (255x180)mm | Khối lượng: 1,7kg | Ánh sáng: Ánh sáng trắng 6500K"
526,ĐÈN LED HIGHBAY HB08 300/150W 6500K,HB08 300/150W LED00076658,https://static.rangdongstore.vn/241028025981/2024/10/28/HB08-255-100W-1.jpg?fm=webp&w=500,26,,,,1717000,1201900.0,,,,"Công suất: 100W | Điện áp: 220V/50-60Hz | Nhiệt độ màu: 6500K | Quang thông: 21000/21750/21750 lm | Chỉ số hoàn màu: ≥80 | Tuổi thọ: 30000 h | Cấp bảo vệ: IP65 | Kích thước (ФxC): (300x180)mm | Khối lượng: 2,1kg | Ánh sáng: Ánh sáng trắng 6500K"
527,ĐÈN LED HIGHBAY HB08 300/200W 6500K,HB08 300/200W LED00076659,https://static.rangdongstore.vn/241028025981/2024/10/28/HB08-255-100W-1.jpg?fm=webp&w=500,26,,,,1966000,1376200.0,,,,"Công suất: 100W | Điện áp: 220V/50-60Hz | Nhiệt độ màu: 6500K | Quang thông: 28000/29000/29000 lm | Chỉ số hoàn màu: ≥80 | Tuổi thọ: 30000 h | Cấp bảo vệ: IP65 | Kích thước (ФxC): (300x180)mm | Khối lượng: 2,1kg | Ánh sáng: Ánh sáng trắng 6500K"
528,ĐÈN LED HIGHBAY MODULE HBM03 200W DÀNH CHO SÂN PICKLEBALL,HBM03 200W LED00077383,https://static.rangdongstore.vn/250115027346/2025/01/15/HBM03-200W-1.jpg?fm=webp&w=500,26,,,,4320000,3024000.0,,,,"Công suất: 100W | Nhiệt độ màu: 6500K | Quang thông: 30.000 lm | Tuổi thọ: 50.000 h (L70/B50) | Khối lượng: 4.0kgs±5% | Tần số: 50/60Hz | Điện áp nguồn: 220V | Dải điện áp hoạt động: 100-277V | Dòng điện (Max): 2.6 A | Hệ số công suất: 0,95 | Hiệu suất quang: 150 lm/W | Nhiệt độ màu tương quan: 4000K/5000K/6500K | Mã trắc quang: 740/777 (4000K)
750/777 (5000K)
765/777 (6500K) | Chỉ số thể hiện màu: ≥70 | Góc chùm tia: 90º | Dải nhiệt độ hoạt động: (-20)℃-(50)℃ | Cấp bảo vệ vỏ ngoài: IP66 | Bảo vệ va đập: IK08 | Khả năng chịu xung sét (L N): 10kV | Cấp cách điện: Class 1 | Kích thước (DxRxC): (350x280x85)±5 mm | Tiêu chuẩn áp dụng sản phẩm: TCVN 7722-2-1/IEC 60598-2-1
TCVN 10885-2-1/IEC 62722-2-1 | Ánh sáng: Ánh sáng trắng 6500K"
529,ĐÈN LED HIGH BAY HB03 290/100W 6500K SS,HB03 290/100W LED00027875,https://static.rangdongstore.vn/2204006201/2022/04/11/den-led-high-bay-hb03-290-100w-6500k-ss-dqx.jpeg?fm=webp&w=500,26,,,,1849000,1294000.0,,,,Nhiệt độ màu: 6500K | Ánh sáng: Ánh sáng trắng 6500K
530,ĐÈN LED NHÀ XƯỞNG HIGHBAY 350/120W HB03,HB03 350/120W LED00036565,https://static.rangdongstore.vn/product/Den-LED/LED_Hightbay/HB03-350-120W/1.HB03-350-120W.jpg?fm=webp&w=500,26,,,,2767000,1937000.0,,,,"Công suất: 120W | Nhiệt độ màu: 6500K | Quang thông: 15600 lm | Khối lượng: 3,2 kg | Hệ số công suất: 0,9 | Nguồn điện danh định: 220V/50 Hz | Dạng Chip LED: SMT | Điện áp có thể hoạt động:  150V – 250 V | Hiệu suất sáng: 130 lm/W | Hệ số trả màu (CRI): 80 | Tuổi thọ đèn:  30.000 giờ | Chu kỳ tắt bật: 30.000 lần | Mức tiêu thụ điện 1000 giờ: 120 kWh | Đường kính: 345 mm | Chiều cao: 160 mm | Hàm lượng thủy ngân: 0 mg | Thời gian khởi động của đèn: < 0,5 giây | Ánh sáng: Ánh sáng trắng 6500K"
531,ĐÈN LED NHÀ XƯỞNG HIGHBAY 350/120W HB03,HB03 350/120W LED00029451,https://static.rangdongstore.vn/product/Den-LED/LED_Hightbay/HB03-350-120W/1.HB03-350-120W.jpg?fm=webp&w=500,26,,,,2767000,1937000.0,,,,"Công suất: 120W | Nhiệt độ màu: 6500K | Quang thông: 15600 lm | Khối lượng: 3,2 kg | Hệ số công suất: 0,9 | Nguồn điện danh định: 220V/50 Hz | Dạng Chip LED: SMT | Điện áp có thể hoạt động:  150V – 250 V | Hiệu suất sáng: 130 lm/W | Hệ số trả màu (CRI): 80 | Tuổi thọ đèn:  30.000 giờ | Chu kỳ tắt bật: 30.000 lần | Mức tiêu thụ điện 1000 giờ: 120 kWh | Đường kính: 345 mm | Chiều cao: 160 mm | Hàm lượng thủy ngân: 0 mg | Thời gian khởi động của đèn: < 0,5 giây | Ánh sáng: Ánh sáng trắng 6500K"
532,ĐÈN LED NHÀ XƯỞNG HIGHBAY 350/150W HB03,HB03 350/150W LED00029452,https://static.rangdongstore.vn/product/Den-LED/LED_Hightbay/HB03-350-150W/1.HB03-350-150W.jpg?fm=webp&w=500,26,,,,2812000,1968000.0,,,,"Công suất: 150W | Nhiệt độ màu: 6500K | Quang thông: 19500 lm | Khối lượng: 3,2 kg | Hệ số công suất: 0,9 | Nguồn điện danh định: 220V/50 Hz | Dạng Chip LED: SMT | Điện áp có thể hoạt động:  150V – 250 V | Hiệu suất sáng: 130 lm/W | Hệ số trả màu (CRI): 80 | Tuổi thọ đèn:  30.000 giờ | Chu kỳ tắt bật: 30.000 lần | Mức tiêu thụ điện 1000 giờ: 150 kWh | Đường kính: 345 mm | Chiều cao:  160 mm | Hàm lượng thủy ngân: 0 mg | Thời gian khởi động của đèn: < 0,5 giây | Ánh sáng: Ánh sáng trắng 6500K"
533,ĐÈN LED NHÀ XƯỞNG HIGHBAY 390/200W HB03,HB03 390/200W LED00027876,https://static.rangdongstore.vn/product/Den-LED/LED_Hightbay/HB03-390-200W/1.HB03-390-200W.jpg?fm=webp&w=500,26,,,,3575000,2502000.0,,,,"Công suất: 200W | Nhiệt độ màu: 6500K | Quang thông: 26000 lm | Khối lượng: 4,5 kg | Hệ số công suất: 0,9 | Nguồn điện danh định: 220V/50 Hz | Dạng Chip LED: SMT | Điện áp có thể hoạt động:  150V – 250 V | Hiệu suất sáng: 130 lm/W | Hệ số trả màu (CRI): 80 | Tuổi thọ đèn:  30.000 giờ | Chu kỳ tắt bật: 30.000 lần | Mức tiêu thụ điện 1000 giờ: 200 kWh | Đường kính: 390 mm | Chiều cao: 160 mm | Hàm lượng thủy ngân: 0 mg | Thời gian khởi động của đèn: < 0,5 giây | Ánh sáng: Ánh sáng trắng 6500K"
534,ĐÈN LED NHÀ XƯỞNG HIGHBAY 390/250W HB03,HB03 390/250W LED00042252,https://static.rangdongstore.vn/product/Den-LED/LED_Hightbay/HB03-390-250W/HB03-390-250W.jpg?fm=webp&w=500,26,,,,4536000,3175000.0,,,,"Công suất: 250W | Nhiệt độ màu: 6500K/5000K/4000K/3000K | Quang thông: 32500/32500/32500/30000 lm | Dải điện áp hoạt động:  (150 – 250)V | Dòng điện (Max): 1.9 A | Hệ số công suất: 0,95 | Nguồn điện danh định: 220V/50-60 Hz | Hiệu suất sáng: 130/130/130/120 lm/W | Hệ số trả màu (CRI): 80 | Tuổi thọ đèn:  30.000 giờ | Chu kỳ tắt bật: 30.000 lần | Mức tiêu thụ điện 1000 giờ: 150 kWh | Đường kính: 395 mm | Chiều cao:  160 mm | Chip LED: LED LUMILEDS | Khô i lươ ng: 4.9 kg | Câ p ba o vê IP: IP65 | Kha năng chi u xung se t: 10 kV | Ánh sáng: Ánh sáng trắng 6500K"
535,ĐÈN LED NHÀ XƯỞNG HIGHBAY 350/50W HB02,HB02 350/50W LED00025805,https://static.rangdongstore.vn/product/Den-LED/LED_Hightbay/D_HB02L_350_50W/D_HB02L_350_50W_1.jpg?fm=webp&w=500,26,,,,1449000,1014000.0,,,,"Công suất: 50W | Nhiệt độ màu: 6500K/5000/3000K | Quang thông: 4570 lm/4500 lm | Khối lượng: 1,5 kg | Dòng điện (Max):  350 mA | Hệ số công suất: 0,9 | Nguồn điện danh định: 220V/50Hz | Dạng Chip LED: SMD | Điện áp có thể hoạt động: 150V – 250 V | Hiệu suất sáng: 95 lm/W / 90 lm/W | Hệ số trả màu (CRI): 80 | Tuổi thọ đèn: 25.000 giờ | Chu kỳ tắt bật: 50.000 lần | Mức tiêu thụ điện 1000 giờ: 50 kWh | Đường kính: 350 mm | Chiều cao: 240 mm | Hàm lượng thủy ngân: 0 mg | Thời gian khởi động của đèn: < 0,5 giây | Ánh sáng: Ánh sáng trắng 6500K"
536,ĐÈN LED NHÀ XƯỞNG HIGHBAY 350/50W HB02,HB02 350/50W LED00073761,https://static.rangdongstore.vn/2204006262/2022/04/11/den-led-highbay-hb02-500-200w-6500k-ss-vz5.jpeg?fm=webp&w=500,26,,,,1449000,1014000.0,,,,"Công suất: 50W | Nhiệt độ màu: 6500K/5000/3000K | Quang thông: 4570 lm/4500 lm | Khối lượng: 1,5 kg | Dòng điện (Max):  350 mA | Hệ số công suất: 0,9 | Nguồn điện danh định: 220V/50Hz | Dạng Chip LED: SMD | Điện áp có thể hoạt động: 150V – 250 V | Hiệu suất sáng: 95 lm/W / 90 lm/W | Hệ số trả màu (CRI): 80 | Tuổi thọ đèn: 25.000 giờ | Chu kỳ tắt bật: 50.000 lần | Mức tiêu thụ điện 1000 giờ: 50 kWh | Đường kính: 350 mm | Chiều cao: 240 mm | Hàm lượng thủy ngân: 0 mg | Thời gian khởi động của đèn: < 0,5 giây | Ánh sáng: Ánh sáng trắng 6500K"
537,ĐÈN LED NHÀ XƯỞNG HIGHBAY 350/70W HB02,HB02 350/70W LED00024353,https://static.rangdongstore.vn/product/Den-LED/LED_Hightbay/D_HB02L_350_70W/D_HB02L_350_70W_1.jpg?fm=webp&w=500,26,,,,1518000,1063000.0,,,,"Công suất: 70W | Nhiệt độ màu: 6500K/5000/3000K | Quang thông: 6650 lm/6300 lm | Khối lượng: 1,5 kg | Dòng điện (Max):  500 mA | Hệ số công suất: 0,9 | Nguồn điện danh định: 220V/50Hz | Dạng Chip LED: SMD | Điện áp có thể hoạt động: 150V – 250 V | Hiệu suất sáng: 95 lm/W / 90 lm/W | Hệ số trả màu (CRI): 80 | Tuổi thọ đèn: 25.000 giờ | Chu kỳ tắt bật: 50.000 lần | Mức tiêu thụ điện 1000 giờ: 70 kWh | Đường kính: 350 mm | Chiều cao: 240 mm | Hàm lượng thủy ngân: 0 mg | Thời gian khởi động của đèn: < 0,5 giây | Ánh sáng: Ánh sáng trắng 6500K"
538,ĐÈN LED NHÀ XƯỞNG HIGHBAY 350/70W HB02,HB02 350/70W LED00012842,https://static.rangdongstore.vn/product/Den-LED/LED_Hightbay/D_HB02L_350_70W/D_HB02L_350_70W_1.jpg?fm=webp&w=500,26,,,,1518000,1063000.0,,,,"Công suất: 70W | Nhiệt độ màu: 6500K/5000/3000K | Quang thông: 6650 lm/6300 lm | Khối lượng: 1,5 kg | Dòng điện (Max):  500 mA | Hệ số công suất: 0,9 | Nguồn điện danh định: 220V/50Hz | Dạng Chip LED: SMD | Điện áp có thể hoạt động: 150V – 250 V | Hiệu suất sáng: 95 lm/W / 90 lm/W | Hệ số trả màu (CRI): 80 | Tuổi thọ đèn: 25.000 giờ | Chu kỳ tắt bật: 50.000 lần | Mức tiêu thụ điện 1000 giờ: 70 kWh | Đường kính: 350 mm | Chiều cao: 240 mm | Hàm lượng thủy ngân: 0 mg | Thời gian khởi động của đèn: < 0,5 giây | Ánh sáng: Ánh sáng trắng 6500K"
539,ĐÈN LED NHÀ XƯỞNG HIGHBAY 430/100W HB02,HB02 430/100W LED00014318,https://static.rangdongstore.vn/product/Den-LED/LED_Hightbay/D_HB02L_430_100W/D_HB02L_430_100W_1.jpg?fm=webp&w=500,26,,,,2432000,1702000.0,,,,"Công suất: 100W | Nhiệt độ màu: 3000K/5000K/6500K | Quang thông: 10000 lm | Khối lượng: 2,4 kg | Dòng điện (Max): 0,65 A | Hệ số công suất: 0,9 | Nguồn điện danh định: 220V/50Hz | Dạng Chip LED: SMT | Điện áp có thể hoạt động: 150V – 250 V | Hiệu suất sáng: 100 lm/W | Hệ số trả màu (CRI): 80 | Tuổi thọ đèn: 25.000 giờ | Chu kỳ tắt bật: 50.000 lần | Mức tiêu thụ điện 1000 giờ: 100 kWh | Đường kính: 450 mm | Chiều cao: 345 mm | Hàm lượng thủy ngân: 0 mg | Thời gian khởi động của đèn: < 0,5 giây | Ánh sáng: Ánh sáng trắng 6500K"
540,ĐÈN LED NHÀ XƯỞNG HIGHBAY 430/100W HB02,HB02 430/100W LED00076219,https://static.rangdongstore.vn/product/Den-LED/LED_Hightbay/D_HB02L_430_100W/D_HB02L_430_100W_1.jpg?fm=webp&w=500,26,,,,2432000,1702400.0,,,,"Công suất: 100W | Nhiệt độ màu: 3000K/5000K/6500K | Quang thông: 10000 lm | Khối lượng: 2,4 kg | Dòng điện (Max): 0,65 A | Hệ số công suất: 0,9 | Nguồn điện danh định: 220V/50Hz | Dạng Chip LED: SMT | Điện áp có thể hoạt động: 150V – 250 V | Hiệu suất sáng: 100 lm/W | Hệ số trả màu (CRI): 80 | Tuổi thọ đèn: 25.000 giờ | Chu kỳ tắt bật: 50.000 lần | Mức tiêu thụ điện 1000 giờ: 100 kWh | Đường kính: 450 mm | Chiều cao: 345 mm | Hàm lượng thủy ngân: 0 mg | Thời gian khởi động của đèn: < 0,5 giây | Ánh sáng: Ánh sáng trắng 6500K"
541,ĐÈN LED NHÀ XƯỞNG HIGHBAY 430/120W HB02,HB02 430/120W LED00014319,https://static.rangdongstore.vn/product/Den-LED/LED_Hightbay/D_HB02L_430_120W/D_HB02L_430_120W_2.jpg?fm=webp&w=500,26,,,,2789000,1952000.0,,,,"Công suất: 120W | Nhiệt độ màu: 6500K/5000K/3000K | Quang thông: 12000/12000/1140 lm | Khối lượng: 2,6 kg | Dòng điện (Max): 0,9 A | Hệ số công suất: 0,9 | Nguồn điện danh định: 220V/50-60Hz | Dạng Chip LED: SMT | Điện áp có thể hoạt động: 150V – 250 V | Hiệu suất sáng: 100/100/95 lm/W | Hệ số trả màu (CRI): 80 | Tuổi thọ đèn: 25.000 giờ | Chu kỳ tắt bật: 50.000 lần | Mức tiêu thụ điện 1000 giờ: 120 kWh | Đường kính: 450 mm | Chiều cao:  345 mm | Hàm lượng thủy ngân: 0 mg | Thời gian khởi động của đèn: < 0,5 giây | Ánh sáng: Ánh sáng trắng 6500K"
542,ĐÈN LED NHÀ XƯỞNG HIGHBAY 430/120W HB02,HB02 430/120W LED00078135,https://static.rangdongstore.vn/product/Den-LED/LED_Hightbay/D_HB02L_430_120W/D_HB02L_430_120W_2.jpg?fm=webp&w=500,26,,,,2789000,1952300.0,,,,"Công suất: 120W | Nhiệt độ màu: 6500K/5000K/3000K | Quang thông: 12000/12000/1140 lm | Khối lượng: 2,6 kg | Dòng điện (Max): 0,9 A | Hệ số công suất: 0,9 | Nguồn điện danh định: 220V/50-60Hz | Dạng Chip LED: SMT | Điện áp có thể hoạt động: 150V – 250 V | Hiệu suất sáng: 100/100/95 lm/W | Hệ số trả màu (CRI): 80 | Tuổi thọ đèn: 25.000 giờ | Chu kỳ tắt bật: 50.000 lần | Mức tiêu thụ điện 1000 giờ: 120 kWh | Đường kính: 450 mm | Chiều cao:  345 mm | Hàm lượng thủy ngân: 0 mg | Thời gian khởi động của đèn: < 0,5 giây | Ánh sáng: Ánh sáng trắng 6500K"
543,ĐÈN LED NHÀ XƯỞNG HIGHBAY 430/150W HB02,HB02 430/150W LED00080153,https://static.rangdongstore.vn/product/Den-LED/LED_Hightbay/D_HB02L_430_150W/D%20HB02L%20430-11.jpg?fm=webp&w=500,26,,,,2966000,2076200.0,,,,"Công suất: 150W | Nhiệt độ màu: 3000K/5000K/6500K | Quang thông: 15000 lm | Khối lượng: 2,6 kg | Dòng điện (Max): 1A | Hệ số công suất: 0,9 | Nguồn điện danh định: 220V/50Hz | Dạng Chip LED: SMT | Điện áp có thể hoạt động:  150V – 250 V | Hiệu suất sáng: 100 lm/W | Hệ số trả màu (CRI): 80 | Tuổi thọ đèn: 25.000 giờ | Chu kỳ tắt bật: 50.000 lần | Mức tiêu thụ điện 1000 giờ: 150 kWh | Đường kính: 450 mm | Chiều cao:  345 mm | Hàm lượng thủy ngân: 0 mg | Thời gian khởi động của đèn: < 0,5 giây | Ánh sáng: Ánh sáng trắng 6500K"
544,ĐÈN LED NHÀ XƯỞNG HIGHBAY 430/150W HB02,HB02 430/150W LED00072862,https://static.rangdongstore.vn/2204006261/2022/04/11/den-led-highbay-hb02-500-200w-6500k-ss-ioz.jpeg?fm=webp&w=500,26,,,,2966000,2076000.0,,,,"Công suất: 150W | Nhiệt độ màu: 3000K/5000K/6500K | Quang thông: 15000 lm | Khối lượng: 2,6 kg | Dòng điện (Max): 1A | Hệ số công suất: 0,9 | Nguồn điện danh định: 220V/50Hz | Dạng Chip LED: SMT | Điện áp có thể hoạt động:  150V – 250 V | Hiệu suất sáng: 100 lm/W | Hệ số trả màu (CRI): 80 | Tuổi thọ đèn: 25.000 giờ | Chu kỳ tắt bật: 50.000 lần | Mức tiêu thụ điện 1000 giờ: 150 kWh | Đường kính: 450 mm | Chiều cao:  345 mm | Hàm lượng thủy ngân: 0 mg | Thời gian khởi động của đèn: < 0,5 giây | Ánh sáng: Ánh sáng trắng 6500K"
545,ĐÈN LED NHÀ XƯỞNG HIGHBAY 500/200W HB02,HB02 500/200W LED00014329,https://static.rangdongstore.vn/product/Den-LED/LED_Hightbay/D_HB02L_430_150W/D%20HB02L%20430-22.jpg?fm=webp&w=500,26,,,,3594000,2516000.0,,,,"Công suất: 200W | Nhiệt độ màu: 3000K/5000K/6500K | Quang thông: 21000/19000 lm | Khối lượng: 3,6 kg | Dòng điện (Max): 1A | Hệ số công suất: 0,95 | Nguồn điện danh định: 220V/50-60Hz | Dạng Chip LED: SMT | Điện áp có thể hoạt động:  150V – 250 V | Hiệu suất sáng: 100 lm/W | Hệ số trả màu (CRI): 80 | Tuổi thọ đèn: 30.000 giờ | Chu kỳ tắt bật: 60.000 lần | Mức tiêu thụ điện 1000 giờ: 200 kWh | Đường kính: 500 mm | Chiều cao:  350 mm | Hàm lượng thủy ngân: 0 mg | Thời gian khởi động của đèn: < 0,5 giây | Ánh sáng: Ánh sáng trắng 6500K"
546,ĐÈN LED NHÀ XƯỞNG HIGHBAY 500/200W HB02,HB02 500/200W LED00067160,https://static.rangdongstore.vn/product/Den-LED/LED_Hightbay/D_HB02L_430_150W/D%20HB02L%20430-11.jpg?fm=webp&w=500,26,,,,3594000,2516000.0,,,,"Công suất: 200W | Nhiệt độ màu: 3000K/5000K/6500K | Quang thông: 21000/19000 lm | Khối lượng: 3,6 kg | Dòng điện (Max): 1A | Hệ số công suất: 0,95 | Nguồn điện danh định: 220V/50-60Hz | Dạng Chip LED: SMT | Điện áp có thể hoạt động:  150V – 250 V | Hiệu suất sáng: 100 lm/W | Hệ số trả màu (CRI): 80 | Tuổi thọ đèn: 30.000 giờ | Chu kỳ tắt bật: 60.000 lần | Mức tiêu thụ điện 1000 giờ: 200 kWh | Đường kính: 500 mm | Chiều cao:  350 mm | Hàm lượng thủy ngân: 0 mg | Thời gian khởi động của đèn: < 0,5 giây"
547,ĐÈN LED HIGHBAY HB03 390/250W.PLUS 6500K SS,HB03 390/250W.PLUS 6500K SS LED00048195,https://static.rangdongstore.vn/230421010358/2023/04/21/3.HB03-390-200W.jpg?fm=webp&w=500,26,,,,5400000,4320000.0,,,,No description
548,ĐÈN LED HIGHBAY HB03 390/200W.PLUS 6500K SS,HB03 390/200W.PLUS 6500K SS LED00048193,https://static.rangdongstore.vn/230421010358/2023/04/21/3.HB03-390-200W.jpg?fm=webp&w=500,26,,,,4320000,3456000.0,,,,No description
549,ĐÈN LED HIGHBAY HB03 350/150W.PLUS 6500K SS,HB03 350/150W.PLUS 6500K SS LED00050553,https://static.rangdongstore.vn/230421010344/2023/04/21/1.jpg?fm=webp&w=500,26,,,,3240000,2592000.0,,,,No description
550,ĐÈN LED HIGHBAY HB03 290/100W.PLUS 6500K SS,HB03 290/100W.PLUS 6500K SS LED00048191,https://static.rangdongstore.vn/230421010344/2023/04/21/1.jpg?fm=webp&w=500,26,,,,2160000,1728000.0,,,,No description
551,ĐÈN LED HIGHBAY HB04 360/120W 6500K,HB04 360/120W LED00059973,https://static.rangdongstore.vn/230930014807/2023/09/30/HB04-120W-1.jpg?fm=webp&w=500,26,,,,1512000,983000.0,,,,"Công suất: 120W | Nhiệt độ màu: 6500K/4000K/3000K | Quang thông: 12000/12000/11400 lm | Khối lượng: 1,5 kg | Hệ số công suất:  ≥0.6 | Nguồn điện danh định: 220V/50-60 Hz | Điện áp có thể hoạt động: 170V – 250 V | Hiệu suất sáng: 100/100/95 lm/W | Hệ số trả màu (CRI): ≥ 80 | Tuổi thọ đèn: 25.000 giờ | Chu kỳ tắt bật: 50.000 lần | Mức tiêu thụ điện 1000 giờ: 120 kWh | Đường kính: 360 mm | Chiều cao:  30 mm | Hàm lượng thủy ngân: 0 mg | Thời gian khởi động của đèn: < 0,5 giây"
552,ĐÈN LED HIGHBAY HB04 360/150W 6500K,HB04 360/150W LED00059974,https://static.rangdongstore.vn/230930014809/2023/09/30/HB04-120W-2.jpg?fm=webp&w=500,26,,,,1555000,1011000.0,,,,"Công suất: 150W | Nhiệt độ màu: 6500K/4000K/3000K | Quang thông: 15000/15000/14250 lm | Khối lượng: 1,5 kg | Hệ số công suất:  ≥0.6 | Nguồn điện danh định: 220V/50-60 Hz | Điện áp có thể hoạt động: 170V – 250 V | Hiệu suất sáng: 100/100/95 lm/W | Hệ số trả màu (CRI): ≥ 80 | Tuổi thọ đèn: 25.000 giờ | Chu kỳ tắt bật: 50.000 lần | Mức tiêu thụ điện 1000 giờ: 150 kWh | Đường kính: 360 mm | Chiều cao:  30 mm | Hàm lượng thủy ngân: 0 mg | Thời gian khởi động của đèn: < 0,5 giây"
553,ĐÈN LED HIGHBAY HB04 300/100W 6500K,HB04 300/100W LED00059972,https://static.rangdongstore.vn/240313017395/2024/03/13/HB04-100W-1.jpg?fm=webp&w=500,26,,,,1102000,716000.0,,,,"Công suất: 100W | Nhiệt độ màu: 6500K/4000K/3000K | Quang thông: 10000/10000/9500 lm | Khối lượng: 1,2 kg | Hệ số công suất:  ≥0.5 | Nguồn điện danh định: 220V/50-60 Hz | Điện áp có thể hoạt động: 170V – 250 V | Hiệu suất sáng: 100/100/95 lm/W | Hệ số trả màu (CRI): ≥ 80 | Tuổi thọ đèn: 25.000 giờ | Chu kỳ tắt bật: 50.000 lần | Mức tiêu thụ điện 1000 giờ: 100 kWh | Đường kính: 300 mm | Chiều cao:  30 mm | Hàm lượng thủy ngân: 0 mg | Thời gian khởi động của đèn: < 0,5 giây"
554,ĐÈN LED HIGHBAY HB06 255/100W.PLUS 6500K,HB06 255/100W.PLUS LED00069565,https://static.rangdongstore.vn/240626019240/2024/06/26/HB06-100W-1.jpg?fm=webp&w=500,26,,,,1660000,1328000.0,,,,"Công suất: 100W | Nhiệt độ màu: 6500K/4000K/3000K | Quang thông: 15000 lm(6500K/4000K), 14500lm (3000K) | Dòng điện (Max): 1.1 A | Hệ số công suất: 0,95 | Nguồn điện danh định: 220V/50-60 Hz | Điện áp có thể hoạt động:  100V – 277 V | Hiệu suất sáng: 150/150/145 lm/W | Hệ số trả màu (CRI): ≥80 | Tuổi thọ đèn: 50.000 giờ | Đường kính: 255 mm | Chiều cao:  180 mm"
555,ĐÈN LED HIGHBAY HB06 300/150W.PLUS 6500K,HB06 300/150W.PLUS LED00069566,https://static.rangdongstore.vn/240626019245/2024/06/26/HB06-150W-1.jpg?fm=webp&w=500,26,,,,1790000,1432000.0,,,,"Công suất: 150W | Nhiệt độ màu: 6500K/4000K/3000K | Quang thông: 22500 lm(6500K/4000K), 21750 lm (3000K) | Dòng điện (Max): 1.6 A | Hệ số công suất: 0,95 | Nguồn điện danh định: 220V/50-60 Hz | Điện áp có thể hoạt động: 100V – 277 V | Hiệu suất sáng: 150/150/145 lm/W | Hệ số trả màu (CRI): ≥80 | Tuổi thọ đèn: 50.000 giờ | Đường kính: 300 mm | Chiều cao:  180 mm"
556,ĐÈN LED HIGHBAY HB06 300/200W.PLUS 6500K,HB06 300/200W.PLUS LED00069567,https://static.rangdongstore.vn/240626019249/2024/06/26/HB06-200W-1.jpg?fm=webp&w=500,26,,,,2050000,1640000.0,,,,"Công suất: 200W | Nhiệt độ màu: 6500K/4000K/3000K | Quang thông: 30000 lm(6500K/4000K), 29000lm (3000K) | Dòng điện (Max): 2.2 A | Hệ số công suất: 0,95 | Nguồn điện danh định: 220V/50-60 Hz | Điện áp có thể hoạt động: 100V – 277 V | Hiệu suất sáng: 150/150/145 lm/W | Hệ số trả màu (CRI): ≥80 | Tuổi thọ đèn: 50.000 giờ | Đường kính: 300 mm | Chiều cao:  180 mm"
557,ĐÈN LED HIGHBAY MODULE HBM03 400W DÀNH CHO SÂN PICKLEBALL,HBM03 400W LED00077478,https://static.rangdongstore.vn/250115027345/2025/01/15/HBM03-400W-8.jpg?fm=webp&w=500,26,,,,7992000,5594400.0,,,,"Công suất: 400W | Quang thông: 60.000 lm | Tuổi thọ: 50.000 h (L70/B50) | Khối lượng: 7.5kgs±5% | Tần số: 50/60Hz | Điện áp nguồn: 220V | Dải điện áp hoạt động: (100-277)V | Dòng điện (Max): 5.2 A | Hệ số công suất: 0,95 | Hiệu suất quang: 150 lm/W | Nhiệt độ màu tương quan: 4000K/5000K/6500K | Mã trắc quang: 740/777 (4000K)
750/777 (5000K)
765/777 (6500K) | Chỉ số thể hiện màu: ≥70 | Góc chùm tia: 90º | Dải nhiệt độ hoạt động: (-20)℃-(50)℃ | Cấp bảo vệ vỏ ngoài: IP66 | Bảo vệ va đập: IK08 | Khả năng chịu xung sét (L N): 10kV | Cấp cách điện: Class 1 | Kích thước (DxRxC): (495x350x115)±5 mm | Tiêu chuẩn áp dụng sản phẩm: TCVN 7722-2-1/IEC 60598-2-1
TCVN 10885-2-1/IEC 62722-2-1"
558,MÁNG ĐÈN ÂM TRẦN FS40/36X2-M6 (LẮP LED TUBE),FS40/36x2-M6 LED00005545,https://static.rangdongstore.vn/220621009448/2022/06/21/FS_4036x2_M6_1.jpg?fm=webp&w=500,27,,,,1305000,1044000.0,,,,Nhiệt độ màu: 6500K
559,MÁNG ĐÈN FS40/36X2-M10-K/BALÁT(LẮP LED TUBE),FS40/36x2-M10 LED00005871,https://static.rangdongstore.vn/220621009448/2022/06/21/FS_4036x2_M6_1.jpg?fm=webp&w=500,27,,,,1305000,1044000.0,,,,Nhiệt độ màu: 6500K
560,ĐÈN LED ÂM TRẦN M22 AT01 600X600/36W,M22 AT01 600x600/36W LED00017297,https://static.rangdongstore.vn/product/Den-LED/Thiet_bi_chieu_sang_led/BD%20M22L%20AT01%2060x60-36W.jpg?fm=webp&w=500,27,,,,750600,601000.0,,,,"Công suất: 36W | Nguồn điện: 220V/50-60Hz | Lắp thay thế: Bộ đèn HQ 03 bóng 20W/18W | Điện áp có thể hoạt động: 150V – 250 V | Dòng điện (Max): 165 mA | Hệ số công suất: 0,9 | Nhiệt độ màu: 6500K | Quang thông: 3300 lm | Hiệu suất sáng:  92 lm/W | Hệ số trả màu (CRI): 80.0 | Tuổi thọ đèn: 25000 giờ | Chu kỳ tắt bật: 50.000 lần | Mức tiêu thụ điện 1000 giờ: 36 kWh | Mức hiệu suất năng lượng: A | Chiếu dài: 600 mm | Chiều rộng: 600 mm | Chiều cao: 65 mm | Hàm lượng thủy ngân: 0 mg | Thời gian khởi động của đèn: < 0,5 giây"
561,ĐÈN LED ÂM TRẦN M15 600X600/35W,M15 600x600/35W LED00020409,https://static.rangdongstore.vn/product/Den-LED/LED_Bo_den/BD_LED_M15L_60x60_36W/LED_M15L_60x60_36W_1.jpg?fm=webp&w=500,27,,,,1204200,963000.0,,,,"Công suất: 35W | Nguồn điện: 220V/50Hz | Lắp thay thế: Bộ đèn HQ 03 bóng 20W/18W | Điện áp có thể hoạt động: 170V – 250 V | Dòng điện (Max): 165 mA | Hệ số công suất: 0,9 | Nhiệt độ màu: 6500K | Quang thông: 3500 lm; 3300 lm | Hiệu suất sáng:  94 lm/W; 100 lm/W | Hệ số trả màu (CRI): 85.0 | Tuổi thọ đèn: 25000 giờ | Chu kỳ tắt bật: 50.000 lần | Mức tiêu thụ điện 1000 giờ: 35 kWh | Mức hiệu suất năng lượng: A | Chiếu dài: 605 mm | Chiều rộng: 605 mm | Chiều cao: 70 mm | Hàm lượng thủy ngân: 0 mg | Thời gian khởi động của đèn: < 0,5 giây"
562,ĐÈN LED ÂM TRẦN M15 600X600/35W,M15 600x600/35W LED00018483,https://static.rangdongstore.vn/product/Den-LED/LED_Bo_den/BD_LED_M15L_60x60_36W/LED_M15L_60x60_36W_1.jpg?fm=webp&w=500,27,,,,1149000,919000.0,,,,"Công suất: 35W | Nguồn điện: 220V/50Hz | Lắp thay thế: Bộ đèn HQ 03 bóng 20W/18W | Điện áp có thể hoạt động: 170V – 250 V | Dòng điện (Max): 165 mA | Hệ số công suất: 0,9 | Nhiệt độ màu: 6500K | Quang thông: 3500 lm; 3300 lm | Hiệu suất sáng:  94 lm/W; 100 lm/W | Hệ số trả màu (CRI): 85.0 | Tuổi thọ đèn: 25000 giờ | Chu kỳ tắt bật: 50.000 lần | Mức tiêu thụ điện 1000 giờ: 35 kWh | Mức hiệu suất năng lượng: A | Chiếu dài: 605 mm | Chiều rộng: 605 mm | Chiều cao: 70 mm | Hàm lượng thủy ngân: 0 mg | Thời gian khởi động của đèn: < 0,5 giây"
563,ĐÈN LED ÂM TRẦN M15 600X600/36W,M15 600x600/36W LED00005478,https://static.rangdongstore.vn/product/Den-LED/LED_Bo_den/BD_LED_M15L_60x60_36W/LED_M15L_60x60_36W_1.jpg?fm=webp&w=500,27,,,,1149000,919000.0,,,,"Công suất: 36W | Nguồn điện: 220V/50Hz | Lắp thay thế: Bộ đèn HQ 03 bóng 20W/18W | Điện áp có thể hoạt động: 170V – 250 V | Dòng điện (Max): 165 mA | Hệ số công suất: 0,9 | Nhiệt độ màu: 6500K | Quang thông: 2700 lm; 2480 lm | Hiệu suất sáng:  75 lm/W; 71 lm/W | Hệ số trả màu (CRI): 80.0 | Tuổi thọ đèn: 15000 giờ | Chu kỳ tắt bật: 50.000 lần | Mức tiêu thụ điện 1000 giờ: 36 kWh | Mức hiệu suất năng lượng: A | Chiếu dài: 605 mm | Chiều rộng: 605 mm | Chiều cao: 70 mm | Hàm lượng thủy ngân: 0 mg | Thời gian khởi động của đèn: < 0,5 giây"
564,ĐÈN LED ÂM TRẦN M15 600X600/36W,M15 600x600/36W LED00005481,https://static.rangdongstore.vn/product/Den-LED/LED_Bo_den/BD_LED_M15L_60x60_36W/LED_M15L_60x60_36W_1.jpg?fm=webp&w=500,27,,,,1149000,919000.0,,,,"Công suất: 36W | Nguồn điện: 220V/50Hz | Lắp thay thế: Bộ đèn HQ 03 bóng 20W/18W | Điện áp có thể hoạt động: 170V – 250 V | Dòng điện (Max): 165 mA | Hệ số công suất: 0,9 | Nhiệt độ màu: 6500K | Quang thông: 2700 lm; 2480 lm | Hiệu suất sáng:  75 lm/W; 71 lm/W | Hệ số trả màu (CRI): 80.0 | Tuổi thọ đèn: 15000 giờ | Chu kỳ tắt bật: 50.000 lần | Mức tiêu thụ điện 1000 giờ: 36 kWh | Mức hiệu suất năng lượng: A | Chiếu dài: 605 mm | Chiều rộng: 605 mm | Chiều cao: 70 mm | Hàm lượng thủy ngân: 0 mg | Thời gian khởi động của đèn: < 0,5 giây"
565,ĐÈN LED ÂM TRẦN M15 300X1200/35W,M15 300x1200/35W LED00025964,https://static.rangdongstore.vn/product/Den-LED/LED_Bo_den/BD_LED_M15L_30x120_36W/LED_M15L_30x120_36W_1.jpg?fm=webp&w=500,27,,,,0,,,,,"Công suất: 35W | Nguồn điện: 220V/50Hz | Lắp thay thế: Bộ đèn HQ 02 bóng 40W/36W | Điện áp có thể hoạt động: 170V – 250 V | Dòng điện (Max): 165 mA | Hệ số công suất: 0,9 | Nhiệt độ màu: 6500K | Quang thông: 3500 lm; 3300 lm | Hiệu suất sáng:  100 lm/W; 94 lm/W | Hệ số trả màu (CRI): 85.0 | Tuổi thọ đèn: 25.000 giờ | Chu kỳ tắt bật: 50.000 lần | Mức tiêu thụ điện 1000 giờ: 35 kWh | Mức hiệu suất năng lượng: A | Chiếu dài: 300 mm | Chiều rộng: 1200 mm | Chiều cao: 65 mm | Hàm lượng thủy ngân: 0 mg | Thời gian khởi động của đèn: < 0,5 giây"
566,ĐÈN LED ÂM TRẦN M15 300X1200/35W,M15 300x1200/35W LED00018484,https://static.rangdongstore.vn/product/Den-LED/LED_Bo_den/BD_LED_M15L_30x120_36W/LED_M15L_30x120_36W_1.jpg?fm=webp&w=500,27,,,,1204200,963000.0,,,,"Công suất: 35W | Nguồn điện: 220V/50Hz | Lắp thay thế: Bộ đèn HQ 02 bóng 40W/36W | Điện áp có thể hoạt động: 170V – 250 V | Dòng điện (Max): 165 mA | Hệ số công suất: 0,9 | Nhiệt độ màu: 6500K | Quang thông: 3500 lm; 3300 lm | Hiệu suất sáng:  100 lm/W; 94 lm/W | Hệ số trả màu (CRI): 85.0 | Tuổi thọ đèn: 25.000 giờ | Chu kỳ tắt bật: 50.000 lần | Mức tiêu thụ điện 1000 giờ: 35 kWh | Mức hiệu suất năng lượng: A | Chiếu dài: 300 mm | Chiều rộng: 1200 mm | Chiều cao: 65 mm | Hàm lượng thủy ngân: 0 mg | Thời gian khởi động của đèn: < 0,5 giây"
567,ĐÈN LED ÂM TRẦN M15 300X1200/36W,M15 300x1200/36W LED00005483,https://static.rangdongstore.vn/product/Den-LED/LED_Bo_den/BD_LED_M15L_30x120_36W/LED_M15L_30x120_36W_1.jpg?fm=webp&w=500,27,,,,1149000,919000.0,,,,"Công suất: 36W | Nguồn điện: 220V/50Hz | Lắp thay thế: Bộ đèn HQ 02 bóng 40W/36W | Điện áp có thể hoạt động: 170V – 250 V | Dòng điện (Max): 165 mA | Hệ số công suất: 0,9 | Nhiệt độ màu: 6500K | Quang thông: 2700 lm; 2480 lm | Hiệu suất sáng:  75 lm/W; 71 lm/W | Hệ số trả màu (CRI): 80.0 | Tuổi thọ đèn: 15.000 giờ | Chu kỳ tắt bật: 50.000 lần | Mức tiêu thụ điện 1000 giờ: 36 kWh | Mức hiệu suất năng lượng: A | Chiếu dài: 300 mm | Chiều rộng: 1200 mm | Chiều cao: 65 mm | Hàm lượng thủy ngân: 0 mg | Thời gian khởi động của đèn: < 0,5 giây"
568,ĐÈN LED ÂM TRẦN M15 600X1200/72W,M15 600x1200/72W LED00042337,https://static.rangdongstore.vn/product/Den-LED/LED_Bo_den/BD_LED_M15L_60x120_72W/LED_M15L_60x120_72W_1.jpg?fm=webp&w=500,27,,,,1691000,1353000.0,,,,"Công suất: 72W | Nguồn điện: 220V/50Hz | Lắp thay thế:  Bộ đèn HQ 03 bóng 40W/36W | Điện áp có thể hoạt động: 170V – 250 V | Dòng điện (Max): 320 mA | Hệ số công suất: 0,9 | Nhiệt độ màu: 6500K | Quang thông: 5300 lm; 5000 lm | Hiệu suất sáng: 73 lm/W; 69 lm/W | Hệ số trả màu (CRI): 80.0 | Tuổi thọ đèn: 15.000 giờ | Chu kỳ tắt bật: 50.000 lần | Mức tiêu thụ điện 1000 giờ: 72 kWh | Mức hiệu suất năng lượng: A | Chiếu dài: 605 mm | Chiều rộng: 1200 mm | Chiều cao: 65 mm | Hàm lượng thủy ngân: 0 mg | Thời gian khởi động của đèn: < 0,5 giây"
569,ĐÈN LED ÂM TRẦN M15 600X1200/72W,M15 600x1200/72W LED00005485,https://static.rangdongstore.vn/product/Den-LED/LED_Bo_den/BD_LED_M15L_60x120_72W/LED_M15L_60x120_72W_1.jpg?fm=webp&w=500,27,,,,1691000,1353000.0,,,,"Công suất: 72W | Nguồn điện: 220V/50Hz | Lắp thay thế:  Bộ đèn HQ 03 bóng 40W/36W | Điện áp có thể hoạt động: 170V – 250 V | Dòng điện (Max): 320 mA | Hệ số công suất: 0,9 | Nhiệt độ màu: 6500K; 3000K | Quang thông: 5300 lm; 5000 lm | Hiệu suất sáng: 73 lm/W; 69 lm/W | Hệ số trả màu (CRI): 80.0 | Tuổi thọ đèn: 15.000 giờ | Chu kỳ tắt bật: 50.000 lần | Mức tiêu thụ điện 1000 giờ: 72 kWh | Mức hiệu suất năng lượng: A | Chiếu dài: 605 mm | Chiều rộng: 1200 mm | Chiều cao: 65 mm | Hàm lượng thủy ngân: 0 mg | Thời gian khởi động của đèn: < 0,5 giây"
570,MÁNG ĐÈN FS40/36X3-M10-K/BALÁT(LẮP LED TUBE),FS40/36x3-M10 LED00015758,https://static.rangdongstore.vn/220621009455/2022/06/21/mang-hq-lap-noi-fs-4036x3-m10-lap-led-tube.jpg?fm=webp&w=500,27,,,,1818000,1454000.0,,,,No description
571,MÁNG ĐÈN ÂM TRẦN FS40/36X3-M6 (LẮP LED TUBE),FS40/36x3-M6 LED00005548,https://static.rangdongstore.vn/220621009441/2022/06/21/210701T1500_987.jpg?fm=webp&w=500,27,,,,1818000,1454000.0,,,,No description
572,MÁNG ĐÈN ÂM TRẦNFS20/18X3-M6 (LẮP LED TUBE),FS20/18x3-M6 LED00005541,https://static.rangdongstore.vn/220621009438/2022/06/21/359_MZ_1432703111.png?fm=webp&w=500,27,,,,1224000,979000.0,,,,No description
573,ĐÈN LED KHẨN CẤP 10W KC02,KC0210W LED00005740,https://static.rangdongstore.vn/product/Den-LED/LED_KHAN_CAP/D%20KC02%2010w.jpg?fm=webp&w=500,28,,,,680000,544000.0,,,,"Công suất: 10W | Nguồn điện danh định: 220V/50Hz | Thời gian chiếu sáng dự phòng:  6 giờ | Màu ánh sáng: trắng | Dung lượng pin: 6VDC-4Ah | Thời gian nạp đầy: 20 giờ | Tuổi thọ của đèn: 15.000 giờ | Số chu kỳ tắt bật: 50.000 lần | Chiếu dài:  mm | Chiều rộng:  mm | Chiều cao:  mm | Hàm lượng thủy ngân: 0 mg | Thời gian khởi động của đèn: < 0,5 giây | Nhiệt độ màu: 6500K"
574,ĐÈN LED KHẨN CẤP 10W KC02,KC0210W LED00017863,https://static.rangdongstore.vn/product/Den-LED/LED_KHAN_CAP/D%20KC02%2010w.jpg?fm=webp&w=500,28,,,,680000,544000.0,,,,"Công suất: 10W | Nguồn điện danh định: 220V/50Hz | Thời gian chiếu sáng dự phòng:  6 giờ | Màu ánh sáng: trắng | Dung lượng pin: 6VDC-4Ah | Thời gian nạp đầy: 20 giờ | Tuổi thọ của đèn: 15.000 giờ | Số chu kỳ tắt bật: 50.000 lần | Chiếu dài:  mm | Chiều rộng:  mm | Chiều cao:  mm | Hàm lượng thủy ngân: 0 mg | Thời gian khởi động của đèn: < 0,5 giây | Nhiệt độ màu: 6500K"
575,ĐÈN LED KHẨN CẤP 10W KC02 (PCCC),KC0210W-PCCC LED00037579,https://static.rangdongstore.vn/product/Den-LED/LED_KHAN_CAP/D%20KC02%2010w.jpg?fm=webp&w=500,28,,,,800000,640000.0,,,,"Công suất: 10W | Nguồn điện danh định: 220V/50Hz | Thời gian chiếu sáng dự phòng:  6 giờ | Màu ánh sáng: trắng | Dung lượng pin: 6VDC-4Ah | Thời gian nạp đầy: 20 giờ | Tuổi thọ của đèn: 15.000 giờ | Số chu kỳ tắt bật: 50.000 lần | Chiếu dài:  mm | Chiều rộng:  mm | Chiều cao:  mm | Hàm lượng thủy ngân: 0 mg | Thời gian khởi động của đèn: < 0,5 giây | Nhiệt độ màu: 6500K"
576,ĐÈN LED KHẨN CẤP 10W KC02 (PCCC),KC0210W-PCCC LED00037578,https://static.rangdongstore.vn/product/Den-LED/LED_KHAN_CAP/D%20KC02%2010w.jpg?fm=webp&w=500,28,,,,800000,640000.0,,,,"Công suất: 10W | Nguồn điện danh định: 220V/50Hz | Thời gian chiếu sáng dự phòng:  6 giờ | Màu ánh sáng: trắng | Dung lượng pin: 6VDC-4Ah | Thời gian nạp đầy: 20 giờ | Tuổi thọ của đèn: 15.000 giờ | Số chu kỳ tắt bật: 50.000 lần | Chiếu dài:  mm | Chiều rộng:  mm | Chiều cao:  mm | Hàm lượng thủy ngân: 0 mg | Thời gian khởi động của đèn: < 0,5 giây | Nhiệt độ màu: 6500K"
577,ĐÈN LED KHẨN CẤP 2W KC01,KC012W LED00005732,https://static.rangdongstore.vn/product/Den-LED/Den_LED/D_KC01_2W/D_KC01_2W_1.jpg?fm=webp&w=500,28,,,,650000,520000.0,,,,"Công suất: 2,2W | Nguồn điện danh định: 220V/50Hz | Thời gian chiếu sáng dự phòng: 3 giờ | Màu ánh sáng: trắng | Dung lượng pin: 800 mAh | Thời gian nạp đầy: 20 giờ | Tuổi thọ của đèn: 15.000 giờ | Số chu kỳ tắt bật: 50.000 lần | Chiếu dài: 265 mm | Chiều rộng: 50 mm | Chiều cao: 258 mm | Hàm lượng thủy ngân: 0 mg | Thời gian khởi động của đèn: < 0,5 giây | Nhiệt độ màu: 6500K"
578,ĐÈN LED KHẨN CẤP 2W KC01,KC012W LED00005733,https://static.rangdongstore.vn/product/Den-LED/Den_LED/D_KC01_2W/D_KC01_2W_1.jpg?fm=webp&w=500,28,,,,650000,520000.0,,,,"Công suất: 2,2W | Nguồn điện danh định: 220V/50Hz | Thời gian chiếu sáng dự phòng: 3 giờ | Màu ánh sáng: trắng | Dung lượng pin: 800 mAh | Thời gian nạp đầy: 20 giờ | Tuổi thọ của đèn: 15.000 giờ | Số chu kỳ tắt bật: 50.000 lần | Chiếu dài: 265 mm | Chiều rộng: 50 mm | Chiều cao: 258 mm | Hàm lượng thủy ngân: 0 mg | Thời gian khởi động của đèn: < 0,5 giây | Nhiệt độ màu: 6500K"
579,ĐÈN LED KHẨN CẤP 2W KC01 (PCCC),KC012W-PCCC LED00037571,https://static.rangdongstore.vn/product/Den-LED/Den_LED/D_KC01_2W/D_KC01_2W_1.jpg?fm=webp&w=500,28,,,,770000,616000.0,,,,"Công suất: 2,2W | Nguồn điện danh định: 220V/50Hz | Thời gian chiếu sáng dự phòng: 3 giờ | Màu ánh sáng: trắng | Dung lượng pin: 800 mAh | Thời gian nạp đầy: 20 giờ | Tuổi thọ của đèn: 15.000 giờ | Số chu kỳ tắt bật: 50.000 lần | Chiếu dài: 265 mm | Chiều rộng: 50 mm | Chiều cao: 258 mm | Hàm lượng thủy ngân: 0 mg | Thời gian khởi động của đèn: < 0,5 giây | Nhiệt độ màu: 6500K"
580,ĐÈN LED KHẨN CẤP 2W KC01 (PCCC),KC012W-PCCC LED00037570,https://static.rangdongstore.vn/product/Den-LED/Den_LED/D_KC01_2W/D_KC01_2W_1.jpg?fm=webp&w=500,28,,,,770000,616000.0,,,,"Công suất: 2,2W | Nguồn điện danh định: 220V/50Hz | Thời gian chiếu sáng dự phòng: 3 giờ | Màu ánh sáng: trắng | Dung lượng pin: 800 mAh | Thời gian nạp đầy: 20 giờ | Tuổi thọ của đèn: 15.000 giờ | Số chu kỳ tắt bật: 50.000 lần | Chiếu dài: 265 mm | Chiều rộng: 50 mm | Chiều cao: 258 mm | Hàm lượng thủy ngân: 0 mg | Thời gian khởi động của đèn: < 0,5 giây | Nhiệt độ màu: 6500K"
581,ĐÈN LED KHẨN CẤP 6W KC04,KC046W LED00017866,https://static.rangdongstore.vn/250224027628/2025/02/24/D%2020KC03_8w.jpg?fm=webp&w=500,28,,,,450000,360000.0,,,,"Công suất: 6W | Nguồn điện danh định: 220V/50Hz | Thời gian chiếu sáng dự phòng:  6 giờ | Màu ánh sáng: trắng | Dung lượng pin: 3.7VDC-2.2Ah | Thời gian nạp đầy: 20 giờ | Tuổi thọ của đèn: 15.000 giờ | Số chu kỳ tắt bật: 50.000 lần | Chiếu dài:  mm | Chiều rộng:  mm | Chiều cao:  mm | Hàm lượng thủy ngân: 0 mg | Thời gian khởi động của đèn: < 0,5 giây | Nhiệt độ màu: 6500K"
582,ĐÈN LED KHẨN CẤP 6W KC04,KC046W LED00017867,https://static.rangdongstore.vn/250224027628/2025/02/24/D%2020KC03_8w.jpg?fm=webp&w=500,28,,,,450000,360000.0,,,,"Công suất: 6W | Nguồn điện danh định: 220V/50Hz | Thời gian chiếu sáng dự phòng:  6 giờ | Màu ánh sáng: trắng | Dung lượng pin: 3.7VDC-2.2Ah | Thời gian nạp đầy: 20 giờ | Tuổi thọ của đèn: 15.000 giờ | Số chu kỳ tắt bật: 50.000 lần | Chiếu dài:  mm | Chiều rộng:  mm | Chiều cao:  mm | Hàm lượng thủy ngân: 0 mg | Thời gian khởi động của đèn: < 0,5 giây | Nhiệt độ màu: 6500K"
583,ĐÈN LED KHẨN CẤP 6W KC04 (PCCC),KC046W-PCCC LED00037575,https://static.rangdongstore.vn/250224027628/2025/02/24/D%2020KC03_8w.jpg?fm=webp&w=500,28,,,,570000,456000.0,,,,"Công suất: 6W | Nguồn điện danh định: 220V/50Hz | Thời gian chiếu sáng dự phòng:  6 giờ | Màu ánh sáng: trắng | Dung lượng pin: 3.7VDC-2.2Ah | Thời gian nạp đầy: 20 giờ | Tuổi thọ của đèn: 15.000 giờ | Số chu kỳ tắt bật: 50.000 lần | Chiếu dài:  mm | Chiều rộng:  mm | Chiều cao:  mm | Hàm lượng thủy ngân: 0 mg | Thời gian khởi động của đèn: < 0,5 giây | Nhiệt độ màu: 6500K"
584,ĐÈN LED KHẨN CẤP 6W KC04 (PCCC),KC046W-PCCC LED00037574,https://static.rangdongstore.vn/250224027628/2025/02/24/D%2020KC03_8w.jpg?fm=webp&w=500,28,,,,570000,456000.0,,,,"Công suất: 6W | Nguồn điện danh định: 220V/50Hz | Thời gian chiếu sáng dự phòng:  6 giờ | Màu ánh sáng: trắng | Dung lượng pin: 3.7VDC-2.2Ah | Thời gian nạp đầy: 20 giờ | Tuổi thọ của đèn: 15.000 giờ | Số chu kỳ tắt bật: 50.000 lần | Chiếu dài:  mm | Chiều rộng:  mm | Chiều cao:  mm | Hàm lượng thủy ngân: 0 mg | Thời gian khởi động của đèn: < 0,5 giây | Nhiệt độ màu: 6500K"
585,ĐÈN LED KHẨN CẤP 8W KC03,KC038W LED00017864,https://static.rangdongstore.vn/250224027628/2025/02/24/D%2020KC03_8w.jpg?fm=webp&w=500,28,,,,600000,480000.0,,,,"Công suất: 8W | Nguồn điện danh định: 220V/50Hz | Thời gian chiếu sáng dự phòng:  giờ | Màu ánh sáng: trắng | Dung lượng pin: 6VDC-4Ah | Thời gian nạp đầy: 20 giờ | Tuổi thọ của đèn: 15.000 giờ | Số chu kỳ tắt bật: 50.000 lần | Chiếu dài: 265 mm | Chiều rộng: 50 mm | Chiều cao: 258 mm | Hàm lượng thủy ngân: 0 mg | Thời gian khởi động của đèn: < 0,5 giây | Nhiệt độ màu: 6500K"
586,ĐÈN LED KHẨN CẤP 8W KC03,KC038W LED00017865,https://static.rangdongstore.vn/250224027628/2025/02/24/D%2020KC03_8w.jpg?fm=webp&w=500,28,,,,600000,480000.0,,,,"Công suất: 8W | Nguồn điện danh định: 220V/50Hz | Thời gian chiếu sáng dự phòng:  giờ | Màu ánh sáng: trắng | Dung lượng pin: 6VDC-4Ah | Thời gian nạp đầy: 20 giờ | Tuổi thọ của đèn: 15.000 giờ | Số chu kỳ tắt bật: 50.000 lần | Chiếu dài: 265 mm | Chiều rộng: 50 mm | Chiều cao: 258 mm | Hàm lượng thủy ngân: 0 mg | Thời gian khởi động của đèn: < 0,5 giây | Nhiệt độ màu: 6500K"
587,ĐÈN LED KHẨN CẤP 8W KC03 (PCCC),KC038W-PCCC LED00037577,https://static.rangdongstore.vn/250224027628/2025/02/24/D%2020KC03_8w.jpg?fm=webp&w=500,28,,,,720000,576000.0,,,,"Công suất: 8W | Nguồn điện danh định: 220V/50Hz | Thời gian chiếu sáng dự phòng:  giờ | Màu ánh sáng: trắng | Dung lượng pin: 6VDC-4Ah | Thời gian nạp đầy: 20 giờ | Tuổi thọ của đèn: 15.000 giờ | Số chu kỳ tắt bật: 50.000 lần | Chiếu dài: 265 mm | Chiều rộng: 50 mm | Chiều cao: 258 mm | Hàm lượng thủy ngân: 0 mg | Thời gian khởi động của đèn: < 0,5 giây | Nhiệt độ màu: 6500K"
588,ĐÈN LED KHẨN CẤP 8W KC03 (PCCC),KC038W-PCCC LED00037576,https://static.rangdongstore.vn/250224027628/2025/02/24/D%2020KC03_8w.jpg?fm=webp&w=500,28,,,,720000,576000.0,,,,"Công suất: 8W | Nguồn điện danh định: 220V/50Hz | Thời gian chiếu sáng dự phòng:  giờ | Màu ánh sáng: trắng | Dung lượng pin: 6VDC-4Ah | Thời gian nạp đầy: 20 giờ | Tuổi thọ của đèn: 15.000 giờ | Số chu kỳ tắt bật: 50.000 lần | Chiếu dài: 265 mm | Chiều rộng: 50 mm | Chiều cao: 258 mm | Hàm lượng thủy ngân: 0 mg | Thời gian khởi động của đèn: < 0,5 giây"
589,ĐÈN ĐƯỜNG NĂNG LƯỢNG MẶT TRỜI CSD01.SL.RF 25W,CSD01.SL.RF25W LED00045752,https://static.rangdongstore.vn/240106016459/2024/01/06/CSD01.SL.RF%2025W.jpg?fm=webp&w=500,29,,,,3283000,2298100.0,,,,"Công suất: 25 W | Quang thông: 2100 lm | Nhiệt độ màu: 5000K/6500K | Các chế độ sáng điều khiển bằng Remote: 5 chế độ lựa chọn: Auto, 3h,5h,8h, dimming | Cấp bảo vệ: IP 66; IK 08 | Kích thước: (500 x 205 x 80) mm | Chiều cao lắp đặt: (3 - 5) m | Công nghệ: Lithium LiFePO4 | Điện áp: 6V | Tuổi thọ: >10 năm | Kích thước (DxRxC): 530x350x17 mm | Dung lượng: 20 Ah | Tiêu chuẩn áp dụng: TCVN 7722-2-3/IEC 60598-2-3 | Tiêu chuẩn hệ thống quản lý chất lượng: ISO 9001: 2015 | Tiêu chuẩn môi trường: RoHS"
590,ĐÈN ĐƯỜNG NĂNG LƯỢNG MẶT TRỜI CSD01.SL.RF V2 30W,CSD01.SL.RFV230W LED00044449,https://static.rangdongstore.vn/product/nang-luong-mat-troi/CSD01.SL.RF_V2_30W.jpg?fm=webp&w=500,29,,,,5130000,3591000.0,,,,Công suất: 65 W | Quang thông: 3200 lm | Nhiệt độ màu: 5000K/6500 K | Cấp bảo vệ: IP 66; IK 08 | Kích thước: (650 x 206 x 73) mm | Chiều cao lắp đặt: (6 - 8) m | Công nghệ: Lithium LiFePO4 | Điện áp: 3.2 V | Tuổi thọ: 12 năm | Dung lượng: 50 Ah | Tiêu chuẩn áp dụng: TCVN 7722-2-3/IEC 60598-2-3 | Tiêu chuẩn hệ thống quản lý chất lượng: ISO 9001: 2015 | Tiêu chuẩn môi trường: RoHS | Khả năng dimming: Tự động điều chỉnh ánh sáng sau 4 giờ hoạt động | Góc chùm tia: (75 x 150) độ | Năng lượng dự trữ: 160 Wh
591,ĐÈN LED CHIẾU SÁNG ĐƯỜNG NLMT CSD01.SL.RF 50W V2,CSD01.SL.RFV250W LED00044450,https://static.rangdongstore.vn/230314010299/2023/03/14/CSD01.SL.RF-V2-50W.jpg?fm=webp&w=500,29,,,,7128000,4989600.0,,,,Công suất: 95 W | Quang thông: 4600 lm | Nhiệt độ màu: 5000K/6500 K | Cấp bảo vệ: IP 66; IK 08 | Kích thước: (650 x 206 x 73) mm | Chiều cao lắp đặt: (8 - 10) m | Công nghệ: Lithium LiFePO4 | Điện áp: 3.2 V | Tuổi thọ: >10 năm | Dung lượng: 65 Ah | Tiêu chuẩn áp dụng: TCVN 7722-2-3/IEC 60598-2-3 | Tiêu chuẩn hệ thống quản lý chất lượng: ISO 9001: 2015 | Tiêu chuẩn môi trường: RoHS | Góc chùm tia: (75 x 150) độ | Năng lượng dự trữ: 208 Wh | Chế độ sáng: 5 chế độ điều khiển | Kích thước (DxRxC)mm: 758x670x30
592,ĐÈN NĂNG LƯỢNG MẶT TRỜI 50W CP01.SL.RF,CP01.SL.RF50W LED00044898,https://static.rangdongstore.vn/product/Den-LED/LED_Chieu_pha/CP01.SL.RF%2050W.jpg?fm=webp&w=500,29,,,,3110400,2177000.0,,,,"Công suất: 40W | Quang thông: 1700lm | Nhiệt độ màu: 5000K/6500K | Cấp bảo vệ: IP65, IK08 | Tuổi thọ: > 10 năm | Dung lượng: 25 Ah | Hệ số trả màu (CRI): >70 | Dimming bằng Remote: 5 chế độ điều khiển | Công nghê: LiFePO4 | Ki ch thươ c: (576x357x30) mm"
593,ĐÈN CHIẾU SÁNG CẢNH QUAN DSV01.SL.3W,DSV01.SL3W.QT3000KIP65 LED00048323,https://static.rangdongstore.vn/product/Den-LED/LED_Nang_luong_mat_troi/Chieu_sang_canh_quan/DSV01.SL%203W.jpg?fm=webp&w=500,29,,,,4299999,3010000.0,,,,Công suất: 3W | Nhiệt độ màu: 3000 K | Cấp bảo vệ: IP 65; IK 08 | Kích thước: (60 x 100 x 600) mm | Công nghệ: Lithium LiFePO4 | Điện áp: 3.7V | Dung lượng: 2.6 Ah | Tiêu chuẩn áp dụng: TCVN 7722-2-3/IEC 60598-2-3 | Tiêu chuẩn hệ thống quản lý chất lượng: ISO 9001: 2015 | Tiêu chuẩn môi trường: RoHS
594,ĐÈN LED CHIẾU SÁNG ĐƯỜNG NLMT CSD05.SL.RF 300W.V2 6500K,CSD05.SL.RF300W.V2 LED00072246,https://static.rangdongstore.vn/240817019646/2024/08/17/CSD05.SL.RF-300W-V2-1.jpg?fm=webp&w=500,29,,,,3456000,2419200.0,,,2 năm,"Công suất: 35W | Quang thông: 3000lm | Nhiệt độ màu: 6500K | Kích thước: 670x350x17mm | Công nghệ: Lithium-Ion (LiFePO4) | Điện áp: 3.2V | Tuổi thọ: 20.000h | Dung lượng: 30Ah | Tiêu chuẩn áp dụng: TCVN 7722-1:2017/ IEC 60598-1:2014
TCVN 7722-2-3:2019/ IEC 60598-2-3:2011
TCVN 10885-2-1:2015/ IEC 62722-2-1:2014 | Tiêu chuẩn môi trường: RoHS | Công suất tương đương: 300W | Chất liệu bộ vỏ: Nhôm đúc (ADC12) | Cấp bảo vệ vỏ ngoài: IP66 | Bảo vệ chịu va đập: IK08 | Dạng phân bố: (150x90)℃ | Nhiệt độ hoạt động: -10 - +40℃ | Kích thước đèn: 205x513x90mm | Khối lượng: 2Kg | Chip LED: 3030 SAMSUNG | Hiệu suất LED: 200lm/W | Chỉ số hoàn màu: Ra >70 | Tuổi thọ L70: 100,000 Hrs @ 25℃ | Hệ thống quản lý chất lượng: ISO 9001:2015 | Hệ thống quản lý môi trường: ISO 14001:2015"
595,ĐÈN LED CHIẾU SÁNG ĐƯỜNG NLMT CSD05.SL.RF 200W.V2 6500K,CSD05.SL.RF200W.V2 LED00072238,https://static.rangdongstore.vn/240817019646/2024/08/17/CSD05.SL.RF-300W-V2-1.jpg?fm=webp&w=500,29,,,,3197000,2237900.0,,,2 năm,"Công suất: 30W | Quang thông: 2000lm | Nhiệt độ màu: 6500K | Kích thước: 600x350x17mm | Công nghệ: Lithium-Ion (LiFePO4) | Điện áp: 3.2V | Tuổi thọ: 20.000h | Dung lượng: 25Ah | Tiêu chuẩn áp dụng: TCVN 7722-1:2017/ IEC 60598-1:2014
TCVN 7722-2-3:2019/ IEC 60598-2-3:2011
TCVN 10885-2-1:2015/ IEC 62722-2-1:2014 | Tiêu chuẩn môi trường: RoHS | Công suất tương đương: 200W | Chất liệu bộ vỏ: Nhôm đúc (ADC12) | Cấp bảo vệ vỏ ngoài: IP66 | Bảo vệ chịu va đập: IK08 | Dạng phân bố: (150x90)℃ | Nhiệt độ hoạt động: -10 - +40℃ | Kích thước đèn: 205x513x90mm | Khối lượng: 1.8kg | Chip LED: 3030 SAMSUNG | Hiệu suất LED: 200lm/W | Chỉ số hoàn màu: Ra >70 | Tuổi thọ L70: 100,000 Hrs @ 25℃ | Hệ thống quản lý chất lượng: ISO 9001:2015 | Hệ thống quản lý môi trường: ISO 14001:2015"
596,BỘ CẦN ĐÈN NLMT CSD05.SL.RF 400W/500W,CSD05.SL.RF400W/500W LED00077986,,29,,,,286204,200343.0,,,,No description
597,ĐÈN LED CHIẾU SÁNG ĐƯỜNG NLMT CSD05.SL.RF 400W.V2 6500K,CSD05.SL.RF400W.V2 LED00074846,https://static.rangdongstore.vn/241030026003/2024/10/30/CSD05.SL.RF-500W.V2-1%20(1).jpg?fm=webp&w=500,29,,,,5573000,3901100.0,,,,No description
598,ĐÈN LED CHIẾU SÁNG ĐƯỜNG NLMT CSD05.SL.RF 100W.V2 6500K,CSD05.SL.RF100W.V2 LED00073508,https://static.rangdongstore.vn/241030026004/2024/10/30/CSD05.SL.RF-200W-V2-1.jpg?fm=webp&w=500,29,,,,2570000,1799000.0,,,2 năm,"Công suất: 30W | Quang thông: 2000lm | Nhiệt độ màu: 6500K | Kích thước: 600x350x17mm | Công nghệ: Lithium-Ion (LiFePO4) | Điện áp: 3.2V | Tuổi thọ: 20.000h | Dung lượng: 25Ah | Tiêu chuẩn áp dụng: TCVN 7722-1:2017/ IEC 60598-1:2014
TCVN 7722-2-3:2019/ IEC 60598-2-3:2011
TCVN 10885-2-1:2015/ IEC 62722-2-1:2014 | Tiêu chuẩn môi trường: RoHS | Công suất tương đương: 200W | Chất liệu bộ vỏ: Nhôm đúc (ADC12) | Cấp bảo vệ vỏ ngoài: IP66 | Bảo vệ chịu va đập: IK08 | Dạng phân bố: (150x90)℃ | Nhiệt độ hoạt động: -10 - +40℃ | Kích thước đèn: 205x513x90mm | Khối lượng: 1.8kg | Chip LED: 3030 SAMSUNG | Hiệu suất LED: 200lm/W | Chỉ số hoàn màu: Ra >70 | Tuổi thọ L70: 100,000 Hrs @ 25℃ | Hệ thống quản lý chất lượng: ISO 9001:2015 | Hệ thống quản lý môi trường: ISO 14001:2015"
599,ĐÈN LED CHIẾU SÁNG ĐƯỜNG NLMT CSD05.SL.RF 500W.V2 6500K,CSD05.SL.RF500W.V2 LED00074859,https://static.rangdongstore.vn/241030026003/2024/10/30/CSD05.SL.RF-500W.V2-1%20(1).jpg?fm=webp&w=500,29,,,,6739000,4717300.0,,,2 năm,"Công suất: 95W | Quang thông: 5000lm | Nhiệt độ màu: 6500K | Kích thước: 760x630x25mm | Công nghệ: Lithium-Ion (LiFePO4) | Điện áp: 3.2V | Tuổi thọ: 20.000h | Dung lượng: 65Ah | Công suất tương đương: 500W | Chất liệu bộ vỏ: Nhôm đúc (ADC12) | Cấp bảo vệ vỏ ngoài: IP66 | Bảo vệ chịu va đập: IK08 | Dạng phân bố: (150x90)℃ | Nhiệt độ hoạt động: -10 - +40℃ | Kích thước đèn: 590x245x95mm | Khối lượng: 4.4Kg | Chip LED: 3030 SAMSUNG | Hiệu suất LED: 200lm/W | Chỉ số hoàn màu: Ra >70 | Tuổi thọ L70: 100,000 Hrs @ 25℃"
600,ĐÈN LED NLMT NX.SL.RAD 200W 6500K,NX.SL.RAD200W LED00080144,https://static.rangdongstore.vn/241206026818/2024/12/06/NX.SL.RAD%20300W-1.jpg?fm=webp&w=500,29,,,,2354000,1647800.0,,,,"Công suất: 20W | Cấp bảo vệ: IP66 | Công nghệ: Lithium LifePO4 | Điện áp: 6V | Tuổi thọ: >20 năm | Tiêu chuẩn áp dụng: TCVN 7722-2, IEC 60598-2 | Nhiệt độ hoạt động: (-10)-(40) ℃ | Khối lượng: 1.5 ± 0.2 Kg | Unnamed: 44:   | Quang thông danh định: 1600lm | Quang thông tối thiểu: 1400lm | Chỉ số thể hiện màu (CRI): 80.0 | Nhiệt độ màu tương quan CCT: 6500K | Mã trắc quang: 865/777 | Thời gian chiếu sáng tối đa: 12h | Thời gian sạc đầy Pin: 6-8h | Dòng xả của Pin: 4.5A | Dòng sạc của pin: 2.5A | Đèn LED đỏ hiện thị mức dung lượng Pin: 04 mức | Đèn LED xanh báo sạc Pin: 1.0 | Khoảng cách tác động cảm biến Radar phía trước đèn: 04-06m | Đường kính tác động cảm biến Radar phía trước đèn: 4m | Kích thước đèn (Dài x Rộng x Cao): 495mm x 232mm x 70mm | Khối lượng đèn: 2.127 ± 0.2 Kgs | LED sử dụng: LED SSC | Kích thước (Dài x rộng x cao): 450x350x16mm | Dung lượng danh định: 18 Ah | Điện áp danh định: 3.2V | Điện áp ngắt sạc: 3.65V | Điện áp ngắt xả: 2.5V | Số lần sạc xả: >2000 lần"
601,ĐÈN CHIẾU SÁNG CẢNH QUAN DSV01.SL.2W ( LENS KIM CƯƠNG),DSV01.SL2W LED00052955,https://static.rangdongstore.vn/product/Den-LED/LED_Nang_luong_mat_troi/RD-DSV-0804/01.jpg?fm=webp&w=500,29,,,,1500000,1050000.0,,,,Công suất: 2W | Nhiệt độ màu: 3000/6500 K | Cấp bảo vệ: IP 65; IK 08 | Kích thước: (φ185xH550) mm | Công nghệ: Lithium LiFePO4 | Điện áp: 3.2V | Dung lượng: 2.0 Ah | Tiêu chuẩn áp dụng: TCVN 7722-2-3/IEC 60598-2-3 | Tiêu chuẩn hệ thống quản lý chất lượng: ISO 9001: 2015 | Tiêu chuẩn môi trường: RoHS
602,ĐÈN CHIẾU PHA NĂNG LƯỢNG MẶT TRỜI CSD02.SL 70W,CSD02.SL70W LED00038823,https://static.rangdongstore.vn/product/Den-LED/Chieu-sang-duong/CSD02.SL-70W/1-CSD02.SL-70W.jpg?fm=webp&w=500,29,,,,20239000,14167300.0,,,,Công suất: 100 W | Quang thông: 8.000 lm | Nhiệt độ màu: 5.000K/6.500K | Cấp bảo vệ: IP 66; IK 08 | Kích thước: (755 x 280 x 100) mm | Chiều cao lắp đặt: (8 - 10) m | Công nghệ: Lithium LiFePO4 | Điện áp: 12.8 V | Tuổi thọ: >10 năm | Dung lượng: 42 Ah | Tiêu chuẩn áp dụng: TCVN 7722-2-3/IEC 60598-2-3 | Tiêu chuẩn hệ thống quản lý chất lượng: ISO 9001: 2015 | Tiêu chuẩn môi trường: RoHS | Khả năng dimming: Cài đặt mặc định: 5 giờ đầu 100%-5 giờ tiếp theo 50%-2 giờ sau 80% | Góc chùm tia: (60 x 140) độ | Năng lượng dự trữ: 538 Wh
603,ĐÈN CHIẾU PHA NĂNG LƯỢNG MẶT TRỜI CSD02.SL 100W,CSD02.SL100W LED00038824,https://static.rangdongstore.vn/product/Den-LED/Chieu-sang-duong/CSD02.SL-100W/1-CSD02.SL-100W.jpg?fm=webp&w=500,29,,,,24862000,17403400.0,,,,Công suất: 130 W | Quang thông: 10.500 lm | Nhiệt độ màu: 5.000K/6.500 K | Cấp bảo vệ: IP 66; IK 08 | Kích thước: (755 x 280 x 100) mm | Chiều cao lắp đặt: (8 - 10) m | Công nghệ: Lithium LiFePO4 | Điện áp: 12.8 V | Tuổi thọ: >10 năm | Dung lượng: 54 Ah | Tiêu chuẩn áp dụng: TCVN 7722-2-3/IEC 60598-2-3 | Tiêu chuẩn hệ thống quản lý chất lượng: ISO 9001: 2015 | Tiêu chuẩn môi trường: RoHS | Khả năng dimming: Cài đặt mặc định: 5 giờ đầu 100%-5 giờ tiếp theo 50%-2 giờ sau 80% | Góc chùm tia: (60 x 140) độ | Năng lượng dự trữ: 691 Wh
604,ĐÈN CHIẾU PHA NĂNG LƯỢNG MẶT TRỜI CSD02.SL 120W,CSD02.SL120W LED00038825,https://static.rangdongstore.vn/product/Den-LED/Chieu-sang-duong/CSD02.SL-120W/1-CSD02.SL-120W.jpg?fm=webp&w=500,29,,,,28264000,19784800.0,,,,Công suất: 170 W | Quang thông: 12.000 lm | Nhiệt độ màu: 5.000K/6.500K | Cấp bảo vệ: IP 66; IK 08 | Kích thước: (755 x 280 x 100) mm | Chiều cao lắp đặt: (8 - 10) m | Công nghệ: Lithium LiFePO4 | Điện áp: 12.8 V | Tuổi thọ: >10 năm | Dung lượng: 54 Ah | Tiêu chuẩn áp dụng: TCVN 7722-2-3/IEC 60598-2-3 | Tiêu chuẩn hệ thống quản lý chất lượng: ISO 9001: 2015 | Tiêu chuẩn môi trường: RoHS | Khả năng dimming: Cài đặt mặc định: 5 giờ đầu 100%-5 giờ tiếp theo 50%-2 giờ sau 80% | Góc chùm tia: (60 x 140) độ | Năng lượng dự trữ: 691 Wh
605,ĐÈN ĐƯỜNG NĂNG LƯỢNG MẶT TRỜI CSD02.SL.RF 50W,CSD02.SL.RF50W LED00051663,https://static.rangdongstore.vn/product/Den-LED/LED_Nang_luong_mat_troi/Chieu_sang_duong_NLMT/CSD02.SL.RF_50W/CSD02.SL.RF%2050W%20(2).jpg?fm=webp&w=500,29,,,,5500000,3850000.0,,,,Công suất: 50W | Quang thông: 3500 lm | Nhiệt độ màu: 5000K/6500 K | Cấp bảo vệ: IP 66; IK 08 | Kích thước: (600 x 270 x 110) mm | Chiều cao lắp đặt: (4 - 6) m | Công nghệ: Lithium LiFePO4 | Điện áp: 3.2 V | Tuổi thọ: >10 năm | Dung lượng: 40 Ah | Tiêu chuẩn áp dụng: TCVN 7722-2-3/IEC 60598-2-3 | Tiêu chuẩn hệ thống quản lý chất lượng: ISO 9001: 2015 | Tiêu chuẩn môi trường: RoHS | Điều khiển bằng remote: 5 chế độ chiếu sáng
606,ĐÈN LED UFO NLMT UFO01.SL.RF 150W 6500K,UFO01.SL.RF150W6500K LED00057861,https://static.rangdongstore.vn/230420010335/2023/04/20/UFO01.SL.RF-150W.jpg?fm=webp&w=500,29,,,,2333000,1633000.0,,,,No description
607,ĐÈN CHIẾU SÁNG CẢNH QUAN DSV01.SL.2W ( LENS SÓNG NƯỚC),DSV01.SL2W LED00052956,https://static.rangdongstore.vn/product/Den-LED/LED_Nang_luong_mat_troi/RD-DSV-0804/01.jpg?fm=webp&w=500,29,,,,1500000,1050000.0,,,,Công suất: 2W | Nhiệt độ màu: 3000/6500 K | Cấp bảo vệ: IP 65; IK 08 | Kích thước: (φ185xH550) mm | Công nghệ: Lithium LiFePO4 | Điện áp: 3.2V | Dung lượng: 2.0 Ah | Tiêu chuẩn áp dụng: TCVN 7722-2-3/IEC 60598-2-3 | Tiêu chuẩn hệ thống quản lý chất lượng: ISO 9001: 2015 | Tiêu chuẩn môi trường: RoHS
608,ĐÈN LED UFO NLMT ĐỔI MÀU UFO01.SL.RF ĐM 150W,UFO01.SL.RFĐ150W LED00057863,https://static.rangdongstore.vn/230420010332/2023/04/20/UFO01.SL.RF-150W.jpg?fm=webp&w=500,29,,,,2484000,1739000.0,,,2 năm,"Kích thước: 600*350*17 mm | Công nghệ: Lithium LiFePO4 | Tiêu chuẩn áp dụng: TCVN 7722-1/ IEC 60598-1 | Tiêu chuẩn hệ thống quản lý chất lượng: ISO 9001: 2015 | Tiêu chuẩn môi trường: RoHS | Chế độ sáng: 5 chế độ sáng để lựa chọn: Auto, 3h, 5h, 8h, dimming | Nhiệt độ hoạt động: (-10 đến 40) oC | Quang thông danh định: 1500 lm | Dung lượng danh định: 20 Ah | Điện áp danh định: 3.2V | Nhiệt độ màu danh định: 3000/4000/6500 K | Chỉ số thể hiện màu: > 70 | Thời gian chiếu sáng: 12 giờ | Tuổi thọ sản phẩm: 30000h, L70 | LED: SMD 3030 SAMSUNG | Tuổi thọ danh định: >10 năm | Bộ điều khiển (nạp xả): Điều khiển nạp xả thông minh"
609,ĐÈN CHIẾU PHA NĂNG LƯỢNG MẶT TRỜI CP02.SL.RF 30W,CP02.SL.RF30W LED00046969,https://static.rangdongstore.vn/product/Den-LED/LED_Nang_luong_mat_troi/Chieu_pha_NLMT/CP02.SL.RF_30W/CP02.SL.RF%20_30W.jpg?fm=webp&w=500,29,,,,2074000,1451800.0,,,,"Công suất: 20W | Quang thông: 1200lm | Nhiệt độ màu: 5000K/6500K | Cấp bảo vệ: IP65, IK08 | Tuổi thọ: > 10 năm | Dung lượng: 15 Ah | Hệ số trả màu (CRI): >70 | Dimming bằng Remote: 5 chế độ điều khiển | Công nghê: LiFePO4 | Ki ch thươ c: 450x345x15 mm"
610,ĐÈN CHIẾU PHA NĂNG LƯỢNG MẶT TRỜI CP02.SL.RF 50W,CP02.SL.RF50W LED00047487,https://static.rangdongstore.vn/product/Den-LED/LED_Nang_luong_mat_troi/Chieu_pha_NLMT/CP02.SL.RF_50W/CP02.SL.RF%20%2050W.jpg?fm=webp&w=500,29,,,,2765000,1935500.0,,,,Công suất: 40W | Quang thông: 1700lm | Nhiệt độ màu: 5000K/6500K | Cấp bảo vệ: IP65 | Tuổi thọ: > 10 năm | Dung lượng: 20 Ah | Hệ số trả màu (CRI): >70 | Dimming bằng Remote: 5 chế độ điều khiển | Công nghê: LiFePO4 | Ki ch thươ c: 670x350x17 mm
611,ĐÈN PHA LED NĂNG LƯỢNG MẶT TRỜI 70W CP02.SL.RF,CP02.SL.RF70W LED00047488,https://static.rangdongstore.vn/product/Den-LED/LED_Nang_luong_mat_troi/Chieu_pha_NLMT/CP02_SL_RF_70W/CP02.SL.RF%2070W.jpg?fm=webp&w=500,29,,,,3996000,2797200.0,,,,Công suất: 70W | Quang thông: 2000lm | Nhiệt độ màu: 5000K/6500K | Cấp bảo vệ: IP65 | Tuổi thọ: > 10 năm | Dung lượng: 30 Ah | Hệ số trả màu (CRI): >70 | Dimming bằng Remote: 5 chế độ điều khiển | Công nghê: LiFePO4 | Ki ch thươ c: (670x445x25) mm
612,ĐÈN CHIẾU PHA NĂNG LƯỢNG MẶT TRỜI CP02.SL.RF 100W,CP02.SL.RF100W LED00047489,https://static.rangdongstore.vn/220803009651/2022/08/03/CP02.SL.RF_100W_1.jpg?fm=webp&w=500,29,,,,4968000,3477600.0,,,,Công suất: 100W | Quang thông: 3000lm | Nhiệt độ màu: 5000K/6500K | Cấp bảo vệ: IP65 | Tuổi thọ: > 10 năm | Dung lượng: 40 Ah | Hệ số trả màu (CRI): >70 | Dimming bằng Remote: 5 chế độ điều khiển | Công nghê: LiFePO4 | Ki ch thươ c: (670x540x25) mm
613,ĐÈN CHIẾU PHA NĂNG LƯỢNG MẶT TRỜI CP02.SL.RF 40W,CP02.SL.RF40W LED00050414,https://static.rangdongstore.vn/product/Den-LED/LED_Nang_luong_mat_troi/Chieu_pha_NLMT/CP02_SL_RF_40W/CP02.SL.RF_40W.jpg?fm=webp&w=500,29,,,,2500000,1750000.0,,,,Công suất: 40W | Quang thông: 1300lm | Nhiệt độ màu: 5000K/6500K | Cấp bảo vệ: IP65 | Tuổi thọ: > 10 năm | Dung lượng: 20 Ah | Hệ số trả màu (CRI): >70 | Dimming bằng Remote: 5 chế độ điều khiển | Công nghê: LiFePO4 | Ki ch thươ c: 610x350x17 mm
614,ĐÈN LED CHIẾU PHA NLMT CP02.SL.RF 150W 6500K,CP02.SL.RF150W LED00052964,https://static.rangdongstore.vn/230314010298/2023/03/14/CP02.SL.RF%20150W.jpg?fm=webp&w=500,29,,,,7560000,5292000.0,,,,Công suất: 150W | Quang thông: 4000lm | Nhiệt độ màu: 3000K/6500K | Cấp bảo vệ: IP65 | Tuổi thọ: > 10 năm | Dung lượng: 60 Ah | Hệ số trả màu (CRI): >70 | Dimming bằng Remote: 5 chế độ điều khiển | Công nghê: Lithium LiFePO4 | Ki ch thươ c: (670x890x30) mm
615,ĐÈN LED CHIẾU PHA NLMT CP02.SL.RF 30W.TC 6500K,CP02.SL.RF30W.TC6500K LED00052951,https://static.rangdongstore.vn/230624010458/2023/06/24/CP02.SL.RF_50W_TC.jpg?fm=webp&w=500,29,,,,3024000,2116800.0,,,,Công suất: 20W | Quang thông: 1200lm | Nhiệt độ màu: 3000K/6500K | Cấp bảo vệ: IP65 | Tuổi thọ: > 10 năm | Dung lượng: 15 Ah | Hệ số trả màu (CRI): >70 | Dimming bằng Remote: 5 chế độ điều khiển | Công nghê: Lithium LiFePO4 | Ki ch thươ c: 450x350x17 mm
616,ĐÈN LED CHIẾU PHA NLMT CP02.SL.RF 50W.TC 6500K,CP02.SL.RF50W.TC6500K LED00052954,https://static.rangdongstore.vn/230624010458/2023/06/24/CP02.SL.RF_50W_TC.jpg?fm=webp&w=500,29,,,,3780000,2646000.0,,,,Công suất: 40W | Quang thông: 1700lm | Nhiệt độ màu: 3000K/6500K | Cấp bảo vệ: IP65 | Tuổi thọ: > 10 năm | Dung lượng: 20 Ah | Hệ số trả màu (CRI): >70 | Dimming bằng Remote: 5 chế độ điều khiển | Công nghê: LiFePO4 | Ki ch thươ c: 670x350x17 mm
617,DÂY NỐI DÀI 3M NLMT CP02 30-50W+UFO 150W DÙNG CHO DÒNG CP02 VÀ CP03,NLTCP0230-50W+UFO150W LED00062892,https://static.rangdongstore.vn/240224017272/2024/02/24/anh1.png?fm=webp&w=500,29,,,,108000,75600.0,,,,No description
618,ĐÈN LED NLMT NX.SL.RAD 300W 6500K,NX.SL.RAD300W LED00080145,https://static.rangdongstore.vn/241206026815/2024/12/06/NX.SL.RAD-200W-1.jpg?fm=webp&w=500,29,,,,3002000,2101400.0,,,,Công suất: 35W | Cấp bảo vệ: IP66 | Công nghệ: Lithium LifePO4 | Điện áp: 6V | Tuổi thọ: >20 năm | Tiêu chuẩn áp dụng: TCVN 7722-2-3/ IEC 60598-2-3 | Nhiệt độ hoạt động: (-10)-(40) ℃ | Khối lượng: 2.1 ±0.2 Kg | Unnamed: 44:   | Quang thông danh định: 2400lm | Quang thông tối thiểu: 2160lm | Chỉ số thể hiện màu (CRI): 80.0 | Nhiệt độ màu tương quan CCT: 6500K | Mã trắc quang: 865/777 | Thời gian chiếu sáng tối đa: 12h | Thời gian sạc đầy Pin: 6-8h | Dòng xả của Pin: 5.5A | Dòng sạc của pin: 4A | Đèn LED đỏ hiện thị mức dung lượng Pin: 04 mức | Đèn LED xanh báo sạc Pin: 1.0 | Khoảng cách tác động cảm biến Radar phía trước đèn: 04-06m | Đường kính tác động cảm biến Radar phía trước đèn: 4m | Kích thước đèn (Dài x Rộng x Cao): 495mm x 232mm x 70mm | Khối lượng đèn: 2.127 ± 0.2 Kgs | LED sử dụng: LED SSC | Kích thước (Dài x rộng x cao): 670x350x16mm | Dung lượng danh định: 30Ah | Điện áp danh định: 3.2V | Điện áp ngắt sạc: 3.65V | Điện áp ngắt xả: 2.5V | Số lần sạc xả: >2000 lần
619,ĐÈN NĂNG LƯỢNG MẶT TRỜI 10W CP01.SL,CP01.SL10W LED00033836,https://static.rangdongstore.vn/product/Den-LED/LED_Nang_luong_mat_troi/Chieu_pha_NLMT/CP01SL-10W/CP01SL-10W.jpg?fm=webp&w=500,29,,,,1259000,881000.0,,,,No description
620,ĐÈN NĂNG LƯỢNG MẶT TRỜI 70W CP01.SL,CP01.SL70W LED00039288,https://static.rangdongstore.vn/product/Den-LED/LED_Nang_luong_mat_troi/Chieu_pha_NLMT/CP02_SL_RF_70W/CP01.SL%2070W.jpg?fm=webp&w=500,29,,,,5270000,3689000.0,,,,No description
621,ĐÈN NĂNG LƯỢNG MẶT TRỜI 90W CP01.SL,CP01.SL90W LED00036130,https://static.rangdongstore.vn/product/Den-LED/LED_Nang_luong_mat_troi/Chieu_pha_NLMT/CP01.SL-90W/CP01.SL%2090W.jpg?fm=webp&w=500,29,,,,6221000,4355000.0,,,,No description
622,ĐÈN LED CHIẾU PHA NLMT CP03.SL.RAD 200W.V2 6500K,CP03.SL.RAD200W.V2 LED00059078,https://static.rangdongstore.vn/230901014430/2023/09/01/CP03.SL.RAD%20200W%20-%201.jpg?fm=webp&w=500,29,,,,2010000,1407000.0,,,,No description
623,ĐÈN LED CHIẾU PHA NLMT CP03.SL.RAD 300W.V2 6500K,CP03.SL.RAD300W.V2 LED00059079,https://static.rangdongstore.vn/230901014431/2023/09/01/CP03.SL.RAD%20300W%20-%201.jpg?fm=webp&w=500,29,,,,2745000,1921500.0,,,,No description
624,ĐÈN LED CHIẾU PHA NLMT CP03.SL.RAD 500W.V2 6500K,CP03.SL.RAD500W.V26500K LED00063069,https://static.rangdongstore.vn/240105016405/2024/01/05/CP03.SL.RAD%20500W.V2%20-%201.jpg?fm=webp&w=500,29,,,,4968000,3477600.0,,,,No description
625,ĐÈN LED CHIẾU PHA NLMT CP03.SL.RAD 400W.V2 6500K,CP03.SL.RAD400W.V26500K LED00063068,https://static.rangdongstore.vn/240105016405/2024/01/05/CP03.SL.RAD%20500W.V2%20-%201.jpg?fm=webp&w=500,29,,,,3996000,2797200.0,,,,No description
626,ĐÈN LED CHIẾU PHA NLMT CP03.SL.RAD 100W.V2 6500K,CP03.SL.RAD100W.V2 LED00068310,https://static.rangdongstore.vn/240530018664/2024/05/30/CP03.SL.RAD%20100W.V2.jpg?fm=webp&w=500,29,,,,1490000,1043000.0,,,,No description
627,ĐÈN LED ỐP TRẦN NLMT LN01.SL.RF 320/200W 6500K,LN01.SL.RF320/200W LED00059245,https://static.rangdongstore.vn/231010015013/2023/10/10/LN01.SL.RF-320-200W-1.jpg?fm=webp&w=500,29,,,,2376000,1663200.0,,,,"Công suất: 20 W | Quang thông: 1200 lm | Nhiệt độ màu: 6.500 K | Cấp bảo vệ: IP4X | Chiều cao lắp đặt: 3-5m | Công nghệ: Lithium LiFePO4 | Điện áp: 3.2 V | Tuổi thọ: >20 | Dung lượng: 15 Ah | Tiêu chuẩn áp dụng: TCVN 7722-1/IEC 60598-2-3 | Tiêu chuẩn hệ thống quản lý chất lượng: ISO 9001: 2015 | Tiêu chuẩn môi trường: ISO 14001: 2015 | Chế độ sáng: 5 chế độ sáng ( Auto, hẹn giờ(3h,5h,8h), dimming) | Kích thước (DxRxC)mm: 450x350x17 | Nhiệt độ hoạt động: (-10) - (40) độ C | Kích thước đèn: D320x60 mm | Khối lượng: 1.5 kg | Thời gian sạc đầy Pin: 4-6 giờ | Thời gian chiếu sáng: >12h | Chế độ thể hiện màu (CRI): >80 | LED báo sạc: 1 LED (LED nhấp nháy (đang sạc), LED sáng không nháy (đầy Pin)) | Khối tượng đèn: 1.2 kg | Tuổi thọ đèn: 30.000 giờ, L70 | Kích thước dây PV: 2x1mm2 - 5.5m | Tuổ thọ: >10 năm"
628,ĐÈN LED NCM 1200/25W WBU,NC1200/25WWBU 00000204,https://static.rangdongstore.vn/2204006272/2022/04/11/den-led-ncm-1200-25w-wbu-ede.jpeg?fm=webp&w=500,30,,,,391000,332000.0,,,,"Nguồn điện danh định: 220V/50Hz | Góc mở: 120 độ | Công suất: 25W | Điện áp có thể hoạt động: 150V - 250V | Phổ ánh sáng: WBU | Thông lượng pho ton: 36 µmol/s | Tuổi thọ đèn: 20.000 giờ | Chu kỳ tắt bật: 50.000 lần | Hàm lượng thủy ngân: 0 mg | Thời gian khởi động của đèn: < 0,5 giây | Mức tiêu thụ điện 1000 giờ: 25 kWh"
629,ĐÈN LED HOA CÚC 9W LED A60.HC/9W,A60.HC/9W LED00019845,https://static.rangdongstore.vn/product/NNCNC/LED-HC/LED-HC-A60-9W-1.jpg?fm=webp&w=500,30,,,,71000,39000.0,,,,"Nguồn điện danh định: 220V/50Hz | Góc mở: 90 độ | Công suất: 9W | Điện áp có thể hoạt động: 150V - 250V | Tuổi thọ đèn: 15000 giờ | Chu kỳ tắt bật: 50.000 lần | Hàm lượng thủy ngân: 0 mg | Thời gian khởi động của đèn: < 0,5 giây | Mức tiêu thụ điện 1000 giờ: 9 kWh | Màu ánh sáng: Vàng | Thông lượng phô tông: 12 µmol/s"
630,ĐÈN LED NCM 16W 120/WR,1200/16WWR 00000084,https://static.rangdongstore.vn/2204006302/2022/04/11/den-led-ncm-16w-120-wr-1ts.jpeg?fm=webp&w=500,30,,,,360000,306000.0,,,,"Nguồn điện danh định: 220V/50Hz | Góc mở: 90 độ | Công suất: 16W | Điện áp có thể hoạt động: 150V - 250V | Tuổi thọ đèn: 20000 giờ | Chu kỳ tắt bật: 50.000 lần | Hàm lượng thủy ngân: 0 mg | Thời gian khởi động của đèn: < 0,5 giây | Mức tiêu thụ điện 1000 giờ: 16 kWh | Thông lượng phô tông: 20µmol/s"
631,"CẢM BIẾN NHIỆT ĐỘ, ĐỘ ẨM NN CB01-NN.TH.LR",CB01-NN.TH.LR LED00049013,https://static.rangdongstore.vn/240104016362/2024/01/04/CB01-NN.TH.LR_2.jpg?fm=webp&w=500,30,,,,3672000,2938000.0,,,,"Nguồn cung cấp: Pin sạc Lithium          | Tần số: (779-928) mHz | Dải đo nhiệt độ: 0 ~ 65ºC, ± 0.5ºC | Dải đo độ ẩm: 10 ~100% RH, ± 5% RH | Chuẩn không dây: Lora"
632,BÓNG ĐÈN LED BULB HOA CÚC A60.HC/YW IP65,A60.HC/YWIP65 LED00052679,https://static.rangdongstore.vn/230314010297/2023/03/14/A60.HCYW_1.jpg?fm=webp&w=500,30,,,,83000,46000.0,,,,"Nguồn điện danh định: 220V/50Hz | Công suất: 5W | Điện áp có thể hoạt động: 150V - 250V | Tuổi thọ đèn: 20 000 giờ | Chu kỳ tắt bật: 50.000 lần | Hàm lượng thủy ngân: 0 mg | Thời gian khởi động của đèn: < 0,5 giây | Mức tiêu thụ điện 1000 giờ: 5 kWh | Thông lượng phô tông: 7.6 µmol/s | Nhiệt độ làm việc: (-10 - 40) độ C"
633,ĐÈN LED CHĂN NUÔI GIA CẦM A60.7W DIM.G,A60/7WDI.G LED00043799,https://static.rangdongstore.vn/product/Den-LED/LED_chan_nuoi_ga/A60%20G%207W.DIM-web.jpg?fm=webp&w=500,30,,,,156000,86000.0,,,,"Góc mở: 120° | Công suất: 7W | Tuổi thọ đèn: 15.000 giờ | Hàm lượng thủy ngân: 0 mg | Thời gian khởi động của đèn: < 1 giây | Mức tiêu thụ điện 1000 giờ: 7 kWh | Nhiệt độ làm việc: -10 - 40 °C | Điện áp: 220V/50-60Hz | Quang thông: 650 lm | Nhiệt độ màu: 2700K | Tuổi thọ: 15000h, L70 | Kích thước (øxh): 60x110 mm | Điện áp nguồn danh định: 220V/50-60Hz | Dimming: Có | Kiểu đầu đèn: E27 | Dòng điện lớn nhất: 0.038 A | Hệ số công suất: 0,9 | Hệ số trả màu (CRI): > 80 | Mức hiệu suất năng lượng: A+ | Kích thước øxh: 60x110 mm | Khối lượng: 50 g"
634,ĐÈN LED CHĂN NUÔI GIA CẦM A60.5W DIM.G,A60/5WDI.G LED00047976,https://static.rangdongstore.vn/product/Den-LED/LED_chan_nuoi_ga/A60%20G%207W.DIM-web.jpg?fm=webp&w=500,30,,,,152000,84000.0,,,,"Góc mở: 120° | Công suất: 5W | Tuổi thọ đèn: 15.000 giờ | Hàm lượng thủy ngân: 0 mg | Thời gian khởi động của đèn: < 1 giây | Mức tiêu thụ điện 1000 giờ: 5 kWh | Nhiệt độ làm việc: -10 - 40 °C | Điện áp: 220V/50-60Hz | Quang thông: 470 lm | Nhiệt độ màu: 2700K  | Tuổi thọ: 15000h, L70 | Kích thước (øxh): 60x110 mm | Điện áp nguồn danh định: 220V/50-60Hz | Dimming: Có | Kiểu đầu đèn: E27 | Dòng điện lớn nhất:   A | Hệ số công suất: 0,9 | Hệ số trả màu (CRI): > 80 | Mức hiệu suất năng lượng: A+ | Kích thước øxh: 60x110 mm | Khối lượng: 50 g"
635,ĐÈN LED CHUYÊN DỤNG CT-T8 LT 1200/30W WBU (IP65),T8LT1200/30WWBUIP65 LED00044911,https://static.rangdongstore.vn/220920009838/2022/09/20/T8_LT_%201200_30W_%20WBU_(IP65).png?fm=webp&w=500,30,,,,389000,331000.0,,,,"Góc mở: 120 độ | Công suất: 30W | Tuổi thọ đèn: 30.000 giờ | Chu kỳ tắt bật: 50.000 lần | Hàm lượng thủy ngân: 0 mg                                    | Thời gian khởi động của đèn: < 0,5 giây | Mức tiêu thụ điện 1000 giờ: 30 kWh                                      | Thông lượng phô tông: 36 (µmol/s) | Hệ số công suất: 0.5 | Mức hiệu suất năng lượng: A+ | Điện áp danh định: 220Vac/(50-60)Hz | Dải điện áp hoạt động: (170-250)Vac | Chiều dài: 1200mm                          | Chiều rộng: 30 mm | Chiều cao: 30 mm"
636,ĐÈN LED TRỒNG RAU T8 LT 1200/30W B/R,T8LT1200/30WB/RIP65 LED00040554,https://static.rangdongstore.vn/product/NNCNC/LED-NCM/T8_LT_1200_30W_BR_IP65.png?fm=webp&w=500,30,,,,605000,424000.0,,,,"Góc mở: 120 độ | Công suất: 30W | Tuổi thọ đèn: 30.000 giờ | Chu kỳ tắt bật: 50.000 lần | Hàm lượng thủy ngân: 0 mg                                    | Thời gian khởi động của đèn: < 0,5 giây | Mức tiêu thụ điện 1000 giờ: 30 kWh                                      | Thông lượng phô tông: 36(µmol/s) | Điện áp: 220Vac/(50-60)Hz | Tuổi thọ: 30.000 giờ | Hệ số công suất: 0.5 | Mức hiệu suất năng lượng: A+ | Điện áp danh định: 220Vac/(50-60)Hz | Dải điện áp hoạt động: (170-250)Vac | Chiều dài: 1200mm                          | Chiều rộng: 30 mm | Chiều cao: 30 mm | Cấp bảo vệ: IP65 | Kích thước (DxRxC): (1200x30x30)mm"
637,ĐÈN LED HOA CÚC 9W TR60.HC/9W,TR60.HC/9WIP65 LED00036594,https://static.rangdongstore.vn/product/NNCNC/LED-HC/TR60.HC-9W/TR60.HC-9W.jpg?fm=webp&w=500,30,,,,76000,65000.0,,,,"Công suất: 9W | Thông lượng phô tông: 10,5 (µmol/s) | Nhiệt độ làm việc: (-10 ÷ 40) ºC | Điện áp: 220V/50Hz | Tuổi thọ: 15000 giờ | Dải điện áp hoạt động: 150 ÷ 250V | Cấp bảo vệ: IP 65"
638,CẢM BIẾN ĐỘ ẨM ĐẤT NN CB04-NN.SM.LR,CB04-NN.S.LR LED00049016,https://static.rangdongstore.vn/240104016360/2024/01/04/CB04-NN.SM.LR_2.jpg?fm=webp&w=500,30,,,,7128000,5702000.0,,,,Nguồn cung cấp: Pin sạc Lithium          | Tần số: (779-928) mHz | Chuẩn không dây: Lora | Dải đo độ ẩm đất: 0 ~ 100%
639,ĐÈN LED HOA CÚC 6W HC A60/6W WR,HCA60/6W-WR LED00037851,https://static.rangdongstore.vn/product/NNCNC/LED-Hoa-Cuc/LED-HC-A60-6w-1.jpg?fm=webp&w=500,30,,,,82000,70000.0,,,,Công suất: 6W | Phổ ánh sáng: WR | Thông lượng phô tông: 8 (µmol/s) | Tuổi thọ: 15000 giờ | Điện áp danh định: 220V/50Hz | Dải điện áp hoạt động: 150 ÷ 250V | Cấp bảo vệ: IP 54
640,ĐÈN LED NUÔI CẤY MÔ NCM02 600/10W,NC02600/10W 00000081,https://static.rangdongstore.vn/product/NNCNC/Den_LED_NCM/D-NCM02L-60-10W-1.jpg?fm=webp&w=500,30,,,,143000,122000.0,,,,"Nguồn điện danh định: 220V/50Hz | Góc mở: 110 độ | Công suất: 10W | Điện áp có thể hoạt động: 150V - 250V | Tuổi thọ đèn: 20000 giờ | Chu kỳ tắt bật: 50.000 lần | Hàm lượng thủy ngân: 0 mg | Thời gian khởi động của đèn: < 0,5 giây | Mức tiêu thụ điện 1000 giờ: 10 kWh | Thông lượng phô tông: 14 µmol/s | Nhiệt độ màu: 3000K/6500K | Tuổi thọ: 20.000 giờ | Hệ số công suất: 0.5 | Kích thước (DxC): (600x17)mm | Cường độ ánh sáng TB: 36µmol/m2/s"
641,ĐÈN LED NUÔI CẤY MÔ NCM02 1200/10W,NC021200/10W 00000324,https://static.rangdongstore.vn/product/NNCNC/Den_LED_NCM/LED-NCM02-1200-10W.png?fm=webp&w=500,30,,,,198000,168000.0,,,,"Nguồn điện danh định: 220V/50Hz | Góc mở: 90 độ | Công suất: 10W | Điện áp có thể hoạt động: 150V - 250V | Tuổi thọ đèn: 20000 giờ | Chu kỳ tắt bật: 50.000 lần | Hàm lượng thủy ngân: 0 mg | Thời gian khởi động của đèn: < 0,5 giây | Mức tiêu thụ điện 1000 giờ: 10 kWh | Thông lượng phô tông: 15 µmol/s | Nhiệt độ màu: 3000K/6500K | Tuổi thọ: 20.000 giờ | Hệ số công suất: 0.5 | Kích thước (DxC): (1200x17)mm | Cường độ bức xạ quang hợp trung bình: > 45 µmol/m2/s | Độ đồng đều ánh sáng: > 0.76"
642,ĐÈN LED NUÔI CẤY MÔ NCM02 1200/16W,NC021200/16W 00000078,https://static.rangdongstore.vn/product/NNCNC/Den_LED_NCM/D-NCM02L-0120-16W-TRANG.jpg?fm=webp&w=500,30,,,,205000,174000.0,,,,"Nguồn điện danh định: 220V/50Hz | Góc mở: 90 độ | Công suất: 16W | Điện áp có thể hoạt động: 150V - 250V | Tuổi thọ đèn: 20.000 giờ | Chu kỳ tắt bật: 50.000 lần | Hàm lượng thủy ngân: 0 mg | Thời gian khởi động của đèn: < 0,5 giây | Mức tiêu thụ điện 1000 giờ: 16 kWh | Thông lượng phô tông: 20µmol/s | Nhiệt độ màu: 3000K/6500K"
643,CẢM BIẾN ÁNH SÁNG NN CB02-NN.LS.LR,CB02-NN.LS.LR LED00049014,https://static.rangdongstore.vn/240104016359/2024/01/04/3.jpg?fm=webp&w=500,30,,,,2894400,2316000.0,,,,No description
644,CẢM BIẾN KHÍ CO2 NN CB03-NN.CO2.LR,CB03-NN.CO2.LR LED00049015,https://static.rangdongstore.vn/240326017459/2024/03/26/CB03-NN.CO2.LR_2.jpg?fm=webp&w=500,30,,,,2519135,2015000.0,,,,No description
645,ĐÈN BẮT CÔN TRÙNG DCT01 8W,DCT018W LED00049608,https://static.rangdongstore.vn/230811011792/2023/08/11/DCT01-8W%20-%20web.jpg?fm=webp&w=500,30,,,,1200000,1020000.0,,,,No description
646,"CẢM BIẾN EC, ĐỘ ẨM, NHIỆT ĐỘ ĐẤT CB06-NN.ECHT.LR",CB06-NN.ECHT.LR LED00055805,https://static.rangdongstore.vn/240826020354/2024/08/26/CB04-NN.SM.LR_2.jpg?fm=webp&w=500,30,,,,7700000,6160000.0,,,,No description
647,BỘ ĐÈN LED ĐN 120/2X25W B/R 220V (SMART),ĐN120/2x25WB/R LED00039266,https://static.rangdongstore.vn/231228016326/2023/12/28/LED-%C4%90N-120-2x25W-WBR_auto_x2-1.jpg?fm=webp&w=500,30,,,,3834000,3067000.0,,,,No description
648,ĐÈN LED NUÔI CẤY MÔ LED NCM 1200/16W WBU,NC1200/16WWBU 00000203,https://static.rangdongstore.vn/product/NNCNC/Den_LED_NCM/LED-NCM-120-16W-WBU-1.jpg?fm=webp&w=500,30,,,,359000,305000.0,,,,"Nguồn điện danh định: 220V/50Hz | Góc mở: 90 độ | Công suất: 16W | Điện áp có thể hoạt động: 150V - 250V | Phổ ánh sáng: WBU | Thông lượng pho ton: 22 µmol/s | Tuổi thọ đèn: 20.000 giờ | Chu kỳ tắt bật: 50.000 lần | Hàm lượng thủy ngân: 0 mg | Thời gian khởi động của đèn: < 0,5 giây | Mức tiêu thụ điện 1000 giờ: 16 kWh | Thông lượng phô tông: 22 µmol/s | Tuổi thọ: 20.000 giờ | Hệ số công suất: 0.9 | Kích thước (DxC): (1200x40)mm"
649,ĐÈN LED CHUYÊN DỤNG NCM T5 LT 1200/16W 6500K (IP65),T5LT1200/16W6500KIP65 LED00044909,https://static.rangdongstore.vn/2204005841/2022/04/11/den-led-chuyen-dung-ncm-t5-lt-1200-16w-6500k-ip65-eal.jpeg?fm=webp&w=500,30,,,,281000,239000.0,,,,No description
650,BỘ ĐIỀU KHIỂN TRUNG TÂM NN RD-NN.GW01,RD-NN.GW01 LED00051728,https://static.rangdongstore.vn/240104016361/2024/01/04/Tu_dieu_khien_trung_tam_IOT_1.jpg?fm=webp&w=500,30,,,,15163200,10614000.0,,,,"Nguồn cung cấp: 5V/10A | Kết nối Internet: Wifi, Ethernet, 3G/4G | Chuẩn kết nối: Lora, Wifi 2.4G, GSM 3G/4G, BLE 2.4G"
651,ĐÈN LED PANEL P01 600X600/50W 6500K,P01600x600/50W6500K LED00014453,https://static.rangdongstore.vn/2204006524/2022/04/11/den-led-panel-p01-600x600-50w-6500k-igj.jpeg?fm=webp&w=500,31,,,,2237760,1790000.0,,,,No description
652,ĐÈN LED PANEL CHỐNG CHÓI P06.UGR19.V 600X600/50W 6500K,P06.UGR19.V600x600/50W LED00065738,https://static.rangdongstore.vn/240509018471/2024/05/09/P06.UGR19.V-1.jpg?fm=webp&w=500,31,,,,1134000,964000.0,,,,"Tan só: 50/60 Hz | Điện áp nguồn: 220 V | Dải điện áp hoạt động: 150+250 V | Công suất: 50W | Công suất tối đa: 55W | Dòng điện (max): 0.6 A | Hệ số công suất: 0.5 | Quang thông: 5000 lm (3000K)
5500 lm (6500K/4000K) | Hiệu suất: 100 lm/W (3000K)
110 lm/W (6500K/4000K) | Tuổi thọ L70 B50: 30.000 h | Nhiệt độ màu tương quan CCT: 3000K / 6500/4000 | Mã trắc quang: 830/777 (3000K)
865/777 (6500K)
840/777 (4000K) | Chỉ số thể hiện màu: 80.0 | Chỉ số chống chói UGR: ≤19 | Góc chùm tia: 100 độ | Dải nhiệt độ hoạt động: -10+40 độ C | Điện trở cách điện: 4ΜΩ | Độ bền điện: 1,5 kV/1' | Kích thước (DxRxC): (600x600x35) mm | Khối lượng: 2,0±0,2 Kg | LED sử dụng: 2835.0 | Tiêu chuẩn áp dụng: - TCVN 7722-2-2 / IEC 60598-2-2
- TCVN 10885-2-1/ IEC 62722-2-1 | Chỉ sử dụng trong nhà:   | Ánh sáng không nhấp nháy:   | Không sử dụng với chiết áp:   | Ngắt nguồn điện trước khi lắp đặt hoặc bảo dưỡng:   | Không tháo rời bất cứ bộ phận nào của đèn:   | Không sử dụng khi đèn bị nứt vỡ kể cả khi đèn vẫn sáng:   | Tránh để nước rơi vào đèn hoặc nơi có độ ẩm cao:   | Tránh sốc lắc và rung:   | Khối đầu nối không được cung cấp kèm Việc lắp đặt phải được thực hiện bởi người được đào tao:"
653,ĐÈN LED PANEL P04 TR03 600X600/40W 6500K SS,P04TTR0360x60/40W LED00018209,https://static.rangdongstore.vn/2204006539/2022/04/11/den-led-panel-p04-tr03-600x600-40w-6500k-ss-9tl.jpeg?fm=webp&w=500,31,,,,1166400,933000.0,,,,No description
654,ĐÈN LED PANEL CHỐNG CHÓI P06.UGR19.T 600X600/50W 6500K,P06.UGR19.T600x600/50W LED00064845,https://static.rangdongstore.vn/240509018470/2024/05/09/P06.UGR19.T-1.jpg?fm=webp&w=500,31,,,,1134000,964000.0,,,,No description
655,ĐÈN LED PANEL P06 320X1280/50W 6500K (NỔI TRẦN),P06320x1280/50W6500KNổitrần LED00056922,https://static.rangdongstore.vn/230509010392/2023/05/09/300x1200.jpg?fm=webp&w=500,31,,,,1102000,882000.0,,,,No description
656,ĐÈN LED PANEL P04 TR01 600X600/40W 6500K SS,P04TR01600x600/40W LED00018208,https://static.rangdongstore.vn/2204006538/2022/04/11/den-led-panel-p04-tr01-600x600-40w-6500k-ss-dhv.jpeg?fm=webp&w=500,31,,,,1166400,933000.0,,,,No description
657,ĐÈN LED PANEL P05 600X600/50W.PLUS 6500K (KPK) SS,P05600x600/50W.PLUS6500KKPKSS LED00053078,https://static.rangdongstore.vn/230509010399/2023/05/09/P05-600x600.jpg?fm=webp&w=500,31,,,,1872000,1498000.0,,,,No description
658,ĐÈN LED PANEL ĐỔI MÀU P06 600X600/50W,P06600x600/50W LED00075788,https://static.rangdongstore.vn/241030026014/2024/10/30/P06-DM-600x600-50W-0.jpg?fm=webp&w=500,31,,,,1166000,816000.0,,,,Điện áp nguồn: 220V | Công suất: 50W | Quang thông: 5750Im/5500Im/6000Im | Nhiệt độ màu tương quan CCT: 6500K/3000K/4000K | Kích thước (DxRxC): (600x600x35)mm | Điện áp hoạt động: 170-250V/50-60Hz | Tuổi thọ: 30.000 giờ
659,ĐÈN LED PANEL VUÔNG 600X1200/80W P08,P08600x1200/80WKPK LED00027407,https://static.rangdongstore.vn/product/Den-LED/LED_Panel/D_P07/60x120/D%20P07%2060x120_40W.jpg?fm=webp&w=500,31,,,,2283000,1826000.0,,,,"Công suất: 80W | Hệ số công suất: 0,9 | Quang thông: 8000/8400 lm | Nguồn điện danh định: 220V/50Hz | Go c chu m tia: 105 độ | Điện áp có thể hoạt động: 150 V - 250 V | Dòng điện (Max): 600 mA | Hiệu suất sáng: 100 - 105 lm/W | Nhiệt độ màu ánh sáng:  6500K/3000K | Hệ số trả màu (CRI): 80.0 | Tuổi thọ đèn: 25.000 giờ | Chu kỳ tắt bật: 50.000 lần | Mức tiêu thụ điện 1000 giờ: 80 kWh | Mức hiệu suất năng lượng: A+ | Chiếu dài: 1200 mm | Chiều rộng: 600 mm | Bê da y: 10 mm | Hàm lượng thủy ngân: 0 mg | Thời gian khởi động của đèn: < 0,5 giây"
660,ĐÈN LED PANEL P08 600X600/50W 6500K (KPK) SS,P08600x600/50W LED00068191,https://static.rangdongstore.vn/230711010650/2023/07/11/p08%20600x600.jpg?fm=webp&w=500,31,,,,1231000,862000.0,,,,"Công suất: 50W | Hệ số công suất: 0,9 | Quang thông: 5500/5750/5750 lm | Góc chùm tia: 105 độ | Nguồn điện danh định: 220V/50-60Hz | Điện áp có thể hoạt động: 150 - 250 V | Dòng điện (Max): 0.36 A | Hiệu suất sáng: 110/115/115 lm/W | Nhiệt độ màu ánh sáng: 3000K/4000K/6500K | Hệ số trả màu (CRI): 80.0 | Tuổi thọ đèn: 25.000 giờ | Chiếu dài: 600 mm | Chiều rộng: 600 mm | Bê dày: 10 mm"
661,ĐÈN LED PANEL P08 300X1200/50W 6500K (KPK) SS,P08300x1200/50W LED00057466,https://static.rangdongstore.vn/230711010649/2023/07/11/D%20P07%2030x120_40W.jpg?fm=webp&w=500,31,,,,1231000,985000.0,,,,No description
662,ĐÈN LED PANEL P08 600X1200/100W 6500K (KPK),P08600x1200/100W LED00070577,https://static.rangdongstore.vn/240816019645/2024/08/16/D%20P07%2060x120_40W.jpg?fm=webp&w=500,31,,,,2283000,1598000.0,,,,No description
663,ĐÈN LED PANEL P05 300X1200/50W.PLUS 6500K SS,P05300x1200/50W.PLUS6500KSS LED00051374,https://static.rangdongstore.vn/230509010393/2023/05/09/P05-300x1200.jpg?fm=webp&w=500,31,,,,1872000,1498000.0,,,,No description
664,ĐÈN LED PANEL P06 300X1200/50W 6500K,P06300x1200/50W6500K LED00057622,https://static.rangdongstore.vn/230509010395/2023/05/09/D%20P07%2030x120_40W.jpg?fm=webp&w=500,31,,,,1102000,882000.0,,,,No description
665,ĐÈN LED PANEL P06 600X600/50W,P06600x600/50W6500K LED00057613,https://static.rangdongstore.vn/230509010394/2023/05/09/3.jpg?fm=webp&w=500,31,,,,1102000,882000.0,,,,No description
666,ĐÈN LED PANEL P06 300X300/15W 6500K,P06300x300/15W LED00071630,https://static.rangdongstore.vn/240730019512/2024/07/30/P06-300x300-15W-1.jpg?fm=webp&w=500,31,,,,432000,346000.0,,,,"Công suất: 15W | Hệ số công suất: 0,5 | Quang thông: 1575/1650/1650lm | Góc chùm tia: 115 độ | Nguồn điện danh định: 220V/50-60Hz | Điện áp có thể hoạt động: 150 - 250 V | Dòng điện (Max): 0.15A | Hiệu suất sáng: 105/110/110 lm/W | Nhiệt độ màu ánh sáng: 3000K/4000K/6500K | Hệ số trả màu (CRI): 80.0 | Tuổi thọ đèn: 30.000 giờ | Chiếu dài: 300 mm | Chiều rộng: 300 mm | Chiều cao: 29 mm"
667,ĐÈN LED PANEL P06 300X600/25W 6500K,P06300x600/25W LED00071633,https://static.rangdongstore.vn/240730019510/2024/07/30/1.jpg?fm=webp&w=500,31,,,,562000,450000.0,,,,"Công suất: 25W | Hệ số công suất: 0,5 | Quang thông: 2625/2750/2750 lm | Góc chùm tia: 115 độ | Nguồn điện danh định: 220V/50-60Hz | Điện áp có thể hoạt động: 150 - 250 V | Dòng điện (Max): 0.3A | Hiệu suất sáng: 105/110/110 lm/W | Nhiệt độ màu ánh sáng: 3000K/4000K/6500K | Hệ số trả màu (CRI): 80.0 | Tuổi thọ đèn: 30.000 giờ | Chiếu dài: 600 mm | Chiều rộng: 300 mm | Chiều cao: 33 mm"
668,ĐÈN LED PANEL P06 640X640/50W TRẮNG S (NỔI TRẦN),P06 640x640/50W LED00070309,https://static.rangdongstore.vn/241031026119/2024/10/31/p06-dm-6.jpeg?fm=webp&w=500,32,,,,1102000,882000.0,,,,No description
669,ĐÈN LED TRACKLIGHT ĐỔI MÀU 25W ĐIỀU KHIỂN BLUETOOTH TRL04.BLE,TRL04.BLE25W LED00034196,https://static.rangdongstore.vn/product/Den-LED/Led_Bluetooth/Tracklight/TRL04_25W_BLE_DIM_CCT.jpg?fm=webp&w=500,33,,,,956000,908000.0,,,,"Nguồn điện danh định: 220V/50Hz | Công suất: 25W | Góc chiếu: 24 độ | Điện áp có thể hoạt động: 150 V - 250 V | Dòng điện (Max): 0,33 A | Hệ số công suất: 0,5 | Quang thông: 1800/1800/1620 lm  | Hiệu suất sáng: 72/72/65 lm/W | Nhiệt độ màu ánh sáng: 6500K/4000K/2700K | Hệ số trả màu (CRI): 80.0 | Kết nối: Kết nối không dây - Bluetooth | Tuổi thọ đèn: 25.000 giờ | Chu kỳ tắt bật: 50.000 lần | Mức tiêu thụ điện 1000 giờ: 25 kWh | Mức hiệu suất năng lượng: A+ | Đường kính: 80 mm | Chiều cao: 170 mm | Chiều dài: 120mm | Hàm lượng thủy ngân: 0 mg | Thời gian khởi động của đèn: < 0,5 giây"
670,ĐÈN RAY LED TRACKLIGHT ĐỔI MÀU TRL08.BLE.CW 10W (48V),TRL08.BLE.CW10W48V LED00063141,https://static.rangdongstore.vn/240123016743/2024/01/23/TRL08.BLE.CW-10W-1.jpg?fm=webp&w=500,33,,,,638000,606000.0,,,,"Góc chiếu: 24° | Điện áp nguồn danh định: 48 VDC | Công suất danh định: 20W | Dòng điện tối đa: 0.5A | Nhiệt độ màu: 2700K / 4000K / 6500K | Quang thông danh định: 1280lm
1400lm
1500lm | Tuổi thọ danh định: 50000h | Chỉ số thể hiện màu danh định: 90.0 | Góc xoay: 90/360° | Dải nhiệt độ hoạt động: (-10)℃ - (40)℃ | Dải độ ẩm hoạt động (không ngưng tụ): < 90% | Kích thước: Ø45mm * 330mm * 95mm | Khối lượng:   | Tiêu chuẩn áp dụng: TCVN 10885-2-1/IEC 62722-2-1
TCVN 7722-2-2/IEC 60598-2-2"
671,ĐÈN LED TRACKLIGHT ĐỔI MÀU TRL05.BLE 25W,TRL05.BLE25W LED00057401,https://static.rangdongstore.vn/230828014365/2023/08/28/827d0226-3149-43b7-9666-6486331c78da.jpg?fm=webp&w=500,33,,,,399000,279000.0,,,,No description
672,ĐÈN RAY LED THANH ĐỔI MÀU RLT02.BLE.CW 670/20W (48V),RLT02.BLE.CW670/20W48V LED00063147,https://static.rangdongstore.vn/240123016749/2024/01/23/RLT02.BLE.CW-670.20W-1.jpg?fm=webp&w=500,33,,,,726000,690000.0,,,,"Điện áp nguồn danh định: 48 VDC | Công suất danh định: 20W | Dòng điện tối đa: 0.5A | Nhiệt độ màu: 3000K/6500K | Quang thông danh định: 1105lm
1278lm | Tuổi thọ danh định: 50000h | Chỉ số thể hiện màu danh định: 90.0 | Dải nhiệt độ hoạt động: (-10)℃ - (40)℃ | Dải độ ẩm hoạt động (không ngưng tụ): < 90% | Kích thước: 675*34*31.2mm | Khối lượng: 267g | Tiêu chuẩn áp dụng: TCVN 10885-2-1 / IEC 62722-2-1
TCVN 7722-2-2 / IEC 60598-2-2 | Loại LED: LED 2835-6500K SSC (65mA-3V) Ra90
LED 2835-3000K SSC (65mA-3V) Ra90"
673,ĐÈN RAY LED THANH X/G ĐỔI MÀU RLT03.BLE.CW 240/12W (48V),RLT03.BLE.CW240/12W48V LED00063145,https://static.rangdongstore.vn/240123016755/2024/01/23/RLT03.BLE.CW-240-12W-2.jpg?fm=webp&w=500,33,,,,616000,585000.0,,,,"Góc chiếu: 24° | Điện áp nguồn danh định: 48 VDC | Công suất danh định: 12W | Dòng điện tối đa: 0.29A | Nhiệt độ màu: 2700K / 5700K | Quang thông danh định: 580lm
720lm | Tuổi thọ danh định: 50000h | Chỉ số thể hiện màu danh định: 90.0 | Góc xoay: 180° | Dải nhiệt độ hoạt động: (-10)℃ - (40)℃ | Dải độ ẩm hoạt động (không ngưng tụ): < 90% | Kích thước: 230mm * 22mm * 105mm | Khối lượng: 287g | Tiêu chuẩn áp dụng: TCVN 10885-2-1 / IEC 62722-2-1
TCVN 7722-2-2 / IEC 60598-2-2"
674,ĐÈN RAY LED THANH ĐỔI MÀU RLT02.BLE.CW 370/10W (48V),RLT02.BLE.CW370/10W48V LED00063146,https://static.rangdongstore.vn/240123016751/2024/01/23/RLT02.BLE.CW-370-10W-1.jpg?fm=webp&w=500,33,,,,528000,502000.0,,,,"Điện áp nguồn danh định: 48 VDC | Công suất danh định: 10W | Dòng điện tối đa: 0.25A | Nhiệt độ màu: 3000K/6500K | Quang thông danh định: 650lm
750lm | Tuổi thọ danh định: 50000h | Chỉ số thể hiện màu danh định: 90.0 | Dải nhiệt độ hoạt động: (-10)℃ ÷ (40)℃ | Dải độ ẩm hoạt động (không ngưng tụ): < 90% | Kích thước: 675*34*31.2mm | Khối lượng: 159g | Tiêu chuẩn áp dụng: TCVN 10885-2-1 / IEC 62722-2-1
TCVN 7722-2-2 / IEC 60598-2-2 | Loại LED: LED 2835-6500K SSC (65mA-3V) Ra90
LED 2835-3000K SSC (65mA-3V) Ra90"
675,ĐÈN RAY LED THANH ĐỔI MÀU RLT01.BLE.CW 330/10W (48V),RLT01.BLE.CW330/10W48V LED00063143,https://static.rangdongstore.vn/240123016753/2024/01/23/RLT01.BLE.CW-330-10W-2.jpg?fm=webp&w=500,33,,,,638000,606000.0,,,,"Góc chiếu: 24° | Điện áp nguồn danh định: 48 VDC | Công suất danh định: 10W | Dòng điện tối đa: 0.25A | Nhiệt độ màu: 2700K / 5700K | Quang thông danh định: 580lm
760lm | Tuổi thọ danh định: 50000h | Chỉ số thể hiện màu danh định: 90.0 | Dải nhiệt độ hoạt động: (-10)℃ ÷ (40)℃ | Dải độ ẩm hoạt động (không ngưng tụ): < 90% | Kích thước: 274mm * 34mm * 33mm | Khối lượng: 178g | Tiêu chuẩn áp dụng: TCVN 10885-2-1 / IEC 62722-2-1
TCVN 7722-2-2 / IEC 60598-2-2 | Loại LED: Con Led 3030 TBS-E302F-0202B5-KFPAA"
676,ĐÈN RAY LED TRACKLIGHT ĐÔI ĐỔI MÀU TRL08.BLE.CW 20W (48V),TRL08.BLE.CW20W48V LED00063142,https://static.rangdongstore.vn/231226016202/2023/12/26/TRL08.BLE.CW-20W-1.jpg?fm=webp&w=500,33,,,,1100000,1045000.0,,,,"Góc chiếu: 24° | Điện áp nguồn danh định: 48 VDC | Công suất danh định: 20W | Dòng điện tối đa: 0.5A | Nhiệt độ màu: 2700K / 4000K / 6500K | Quang thông danh định: 1280lm
1400lm
1500lm | Tuổi thọ danh định: 50000h | Chỉ số thể hiện màu danh định: 90.0 | Góc xoay: 90/360° | Dải nhiệt độ hoạt động: (-10)℃ - (40)℃ | Dải độ ẩm hoạt động (không ngưng tụ): < 90% | Kích thước: Ø45mm * 330mm * 95mm | Khối lượng:   | Tiêu chuẩn áp dụng: TCVN 10885-2-1/IEC 62722-2-1
TCVN 7722-2-2/IEC 60598-2-2"
677,ĐÈN RAY LED THANH X/G ĐỔI MÀU RLT03.BLE.CW 130/6W (48V),RLT03.BLE.CW130/6W48V LED00063144,https://static.rangdongstore.vn/240123016752/2024/01/23/RLT3.BLE.CW-130-6W-2.jpg?fm=webp&w=500,33,,,,495000,470000.0,,,,"Góc chiếu: 24° | Điện áp nguồn danh định: 48 VDC | Công suất danh định: 6W | Dòng điện tối đa: 0.16A | Nhiệt độ màu: 2700K / 5700K | Quang thông danh định: 324lm
409lm | Tuổi thọ danh định: 50000h | Chỉ số thể hiện màu danh định: 90.0 | Góc xoay: 180° | Dải nhiệt độ hoạt động: (-10)℃ - (40)℃ | Dải độ ẩm hoạt động (không ngưng tụ): < 90% | Kích thước: 135mm * 22mm * 105mm | Khối lượng: 161g | Tiêu chuẩn áp dụng: TCVN 10885-2-1 / IEC 62722-2-1
TCVN 7722-2-2 / IEC 60598-2-2"
678,ĐÈN LED TRACKLIGHT 15W XOAY GÓC TRL05,TRL0515Wxaygóc LED00040513,https://static.rangdongstore.vn/product/Den-LED/LED_Tracklight/TRL05-15W/TRL05%2015W.jpg?fm=webp&w=500,34,,,,497000,398000.0,,,,"Nguồn điện danh định: 220V/50Hz | Công suất: 15W | Góc chiếu: 24 độ | Điện áp có thể hoạt động: (150 - 250) V | Dòng điện (Max): 0,2 A | Hệ số công suất: 0,5 | Quang thông: 1650/1650/1650/1500 lm | Hiệu suất sáng: 110/110/110/100 lm/W | Nhiệt độ màu ánh sáng: 6500K/5000K/4000/3000K | Hệ số trả màu (CRI): 80.0 | Tuổi thọ đèn: 25.000 giờ | Chu kỳ tắt bật: 50.000 lần | Nhiê t đô hoa t đô ng: (-10 - 40) độ C | Ma u să c: Trắng/Đen"
679,ĐÈN LED TRACKLIGHT 10W TRL05,TRL0510W LED00049425-DE0100,https://static.rangdongstore.vn/product/Den-LED/LED_Tracklight/TRL05-15W/TRL05%2015W.jpg?fm=webp&w=500,34,,,,230000,184000.0,,,,"Nguồn điện danh định: 220V/50Hz | Công suất: 10W | Góc chiếu: 24 độ | Điện áp có thể hoạt động: (150 - 250) V | Dòng điện (Max): 0,13 A | Hệ số công suất: 0,5 | Quang thông: 900/900/900/810 lm  | Hiệu suất sáng: 90/90/90/81 lm/W | Nhiệt độ màu ánh sáng: 6500K/5000K/4000K/3000K | Hệ số trả màu (CRI): 80.0 | Tuổi thọ đèn: 25.000 giờ | Chu kỳ tắt bật: 50.000 lần | Nhiê t đô hoa t đô ng: (-10 - 40) độ C | Ma u să c: Trắng/Đen"
680,ĐÈN LED TRACKLIGHT 15W TRL05,TRL0515W LED00043069,https://static.rangdongstore.vn/product/Den-LED/LED_Tracklight/TRL05-15W/TRL05%2015W.jpg?fm=webp&w=500,34,,,,320000,256000.0,,,,"Nguồn điện danh định: 220V/50Hz | Công suất: 15W | Góc chiếu: 24 độ | Điện áp có thể hoạt động: (150 - 250) V | Dòng điện (Max): 0,2 A | Hệ số công suất: 0,5 | Quang thông: 1650/1650/1650/1500 lm | Hiệu suất sáng: 110/110/110/100 lm/W | Nhiệt độ màu ánh sáng: 6500K/5000K/4000/3000K | Hệ số trả màu (CRI): 80.0 | Tuổi thọ đèn: 25.000 giờ | Chu kỳ tắt bật: 50.000 lần | Nhiê t đô hoa t đô ng: (-10 - 40) độ C | Ma u să c: Trắng/Đen"
681,ĐÈN LED TRACKLIGHT 20W TRL05,TRL0520W LED00040514,"https://static.rangdongstore.vn/product/Den-LED/LED_Tracklight/TL%2020W,30W.jpg?fm=webp&w=500",34,,,,421000,337000.0,,,,"Nguồn điện danh định: 220V/50Hz | Công suất: 20W | Góc chiếu: 24 độ | Điện áp có thể hoạt động: (150 - 250) V | Dòng điện (Max): 0,26 A | Hệ số công suất: 0,5 | Quang thông: 1800/1660 lm  | Hiệu suất sáng: 90/83 lm/W | Nhiệt độ màu ánh sáng: 6500K/5000K/4000K/3000K | Hệ số trả màu (CRI): 80.0 | Tuổi thọ đèn: 25.000 giờ | Chu kỳ tắt bật: 50.000 lần | Nhiê t đô hoa t đô ng: (-10 - 40) độ | Ma u să c: Trắng/Đen"
682,ĐÈN LED TRACKLIGHT 30W TRL05,TRL0530W LED00040517,"https://static.rangdongstore.vn/product/Den-LED/LED_Tracklight/TL%2020W,30W.jpg?fm=webp&w=500",34,,,,605000,484000.0,,,,"Nguồn điện danh định: 220V/50Hz | Công suất: 30W | Góc chiếu: 24 độ | Điện áp có thể hoạt động: (150 - 250) V | Dòng điện (Max): 0,4 A | Hệ số công suất: 0,5 | Quang thông: 2700/2430 lm  | Hiệu suất sáng: 90/81 lm/W | Nhiệt độ màu ánh sáng: 5000K/4000K/3000K | Hệ số trả màu (CRI): 90.0 | Tuổi thọ đèn: 25.000 giờ | Chu kỳ tắt bật: 50.000 lần | Nhiê t đô hoa t đô ng: (-10 - 40) độ C | Ma u să c: Trắng/Đen | Điện áp: 220V/50Hz | Màu ánh sáng: 5000K/4000K/3000K | Chi sô hoa n ma u Ra: 90.0 | Tuô i tho: 25.000 giờ"
683,BỘ PHỤ KIỆN NỐI GÓC VUÔNG RAY LED.48/NG,RAYLED.48/NG LED00066793,https://static.rangdongstore.vn/240130017071/2024/01/30/RAY-LED.48V-NG.jpg?fm=webp&w=500,34,,,,81000,65000.0,,,,No description
684,ĐÈN RAY LED TRACKLIGHT TRL08 10W (48V),TRL0810W48V LED00063600,https://static.rangdongstore.vn/231227016298/2023/12/27/TRL08.BLE.CW-10W-1.jpg?fm=webp&w=500,34,,,,540000,432000.0,,,,No description
685,BỘ NGUỒN ĐÈN DR- RAY LED.48 200W,DR-RAYLED.48200W LED00066798,https://static.rangdongstore.vn/240130017076/2024/01/30/DR-RAY-LED.48V-200W.jpg?fm=webp&w=500,34,,,,506000,405000.0,,,,No description
686,ĐÈN LED TRACKLIGHT TRL08 20W,TRL0820W LED00077006,https://static.rangdongstore.vn/241226026955/2024/12/26/TRL08-20W-1.jpg?fm=webp&w=500,34,,,,346000,242200.0,,,,"Hệ số công suất: 0,5 | Tần số danh định: 50Hz | Điện áp nguồn danh định: 220V | Dải điện áp hoạt động: 150 - 250 V | Công suất danh định: 20 W | Công suất tối đa: 22 W | Dòng điện danh định đầu vào lớn nhất: 0.29 A | Mã trắc quang: 830/777 (3000K)
840/777 (4000K)
865/777 (6500K) | Nhiệt độ màu tương quan: 6500K/4000K/3000K | Quang thông danh định: 1900 lm
1700 lm | Quang thông tối thiểu: 1700 lm
1530 lm | Hiệu suất danh định: 95 lm/W
85 lm/W | Tuổi thọ danh định: 25.000 giờ | Chỉ số thể hiện màu danh định: 80.0 | Góc chùm tia: 30° | Dải nhiệt độ hoạt động: (-10)-(40)℃ | Điện trở cách điện: 4MΩ | Độ bền điện: 1.5 kV/1' | Kích thước (DxRxC): 148x64x140 mm | Khối lượng: 220 ± 20 g | Tiêu chuẩn áp dụng: TCVN 7722-2-1/IEC 60598-2-1
TCVN 10885-2-1, IEC 62722-2-1"
687,ĐÈN RAY LED TRACKLIGHT TRL08 20W (48V),TRL0820W48V LED00063601,https://static.rangdongstore.vn/231226016231/2023/12/26/TRL08.BLE.CW-10W-1.jpg?fm=webp&w=500,34,,,,972000,778000.0,,,,"Góc chiếu: 24° | Điện áp nguồn danh định: 48 VDC | Công suất danh định: 10W | Quang thông danh định: 600lm
620lm
640lm | Tuổi thọ danh định: 50000h | Chỉ số thể hiện màu danh định: 90.0 | Dải nhiệt độ hoạt động: (-10)℃ - (40)℃ | Khối lượng: 217g | Tiêu chuẩn áp dụng: TCVN 10885-2-1/IEC 62722-2-1
TCVN 7722-2-2/IEC 60598-2-2 | Dòng điện tối đa: 0.25A | Nhiệt độ màu: 2700K / 4000K / 6500K | Góc xoay: 90/360° | Dải độ ẩm hoạt động (không ngưng tụ): < 90% | Kích thước: Ø45mm * 170mm * 82mm"
688,BỘ PHỤ KIỆN NỐI XOAY GÓC RAY LED.48/NXG,RAYLED.48/NXG LED00066794,https://static.rangdongstore.vn/240130017072/2024/01/30/RAY-LED.48V-NXG-2.jpg?fm=webp&w=500,34,,,,81000,65000.0,,,,No description
689,ĐÈN LED TRACKLIGHT 12W TRL04L,TRL04L12W LED00023165,https://static.rangdongstore.vn/product/Den-LED/LED_Tracklight/TRL04L-12W/TRL04-12W-0.jpg?fm=webp&w=500,34,,,,279000,223000.0,,,,Công suất: Điện áp | (W):  (V/Hz) | 12: 220/50-60
690,ĐÈN LED TRACKLIGHT 20W TRL04L,TRL04L20W LED00023168,https://static.rangdongstore.vn/product/Den-LED/LED_Tracklight/TRL04L-12W/TRL04-12W-0.jpg?fm=webp&w=500,34,,,,417000,334000.0,,,,"Công suất: 20W | Dòng điện (Max): mA | Hệ số công suất: 0,5 | Quang thông:  1620/1800 lm | Hiệu suất sáng: 90/81 lm/W | Hệ số trả màu (CRI): 90.0 | Tuổi thọ đèn: 25.000 giờ | Chu kỳ tắt bật: 50.000 lần | Điện áp: 220/50-60 V/Hz | Góc chùm tia: 24 độ  | Mức tiêu thụ điện 1000 giờ: 20 kWh | Mức hiệu suất năng lượng: A+ | Đường kính: 80 mm | Chiều cao: -- mm | Hàm lượng thủy ngân: 0 mg | Thời gian khởi động của đèn: < 0,5 giây"
691,ĐÈN LED TRACKLIGHT 25W TRL04L,TRL04L25W LED00023170,https://static.rangdongstore.vn/product/Den-LED/LED_Tracklight/TRL04L-12W/TRL04-12W-0.jpg?fm=webp&w=500,34,,,,451000,361000.0,,,,Công suất: Điện áp | (W):  (V/Hz) | 25: 220/50-60
692,ĐÈN LED TRACKLIGHT TRL08 15W,TRL0815W LED00077007,https://static.rangdongstore.vn/241226026950/2024/12/26/TRL08-15W-1.jpg?fm=webp&w=500,34,,,,259000,181300.0,,,,"Hệ số công suất: 0,5 | Tần số danh định: 50Hz | Điện áp nguồn danh định: 220V | Dải điện áp hoạt động: 170 - 250 V | Công suất danh định: 15 W | Công suất tối đa: 16.5 W | Dòng điện danh định đầu vào lớn nhất: 0.18 A | Mã trắc quang: 830/777 (3000K)
840/777 (4000K)
865/777 (6500K) | Nhiệt độ màu tương quan: 6500K/4000K/3000K | Quang thông danh định: 1400 lm
1260 lm | Quang thông tối thiểu: 1260 lm
1130 lm | Hiệu suất danh định: 93 lm/W
84 lm/W | Tuổi thọ danh định: 25.000 giờ | Chỉ số thể hiện màu danh định: 80.0 | Góc chùm tia: 30° | Dải nhiệt độ hoạt động: (-10)-(40)℃ | Điện trở cách điện: 4MΩ | Độ bền điện: 1.5 kV/1' | Kích thước (DxRxC): 140x50x130 mm | Khối lượng: 165 ± 20 g | Tiêu chuẩn áp dụng: TCVN 7722-2-1/IEC 60598-2-1
TCVN 10885-2-1, IEC 62722-2-1"
693,BỘ RAY TRACKLIGHT RAY TRL01/1000 (1M),RAYTRL01 LED00044790,https://static.rangdongstore.vn/2204004836/2022/04/11/bo-ray-tracklight-ray-trl01-1000-1m-x4f.jpeg?fm=webp&w=500,34,,,,248000,198000.0,,,,No description
694,BỘ NỐI THẲNG RAY TRACKLIGHT TRL01/NT,TRL01/NT LED00044789,https://static.rangdongstore.vn/product/Den-LED/Phu%20kien%20tracklight/noi-thang.jpg?fm=webp&w=500,34,,,,45000,36000.0,,,,Điện áp: 220V/50Hz | Dải điện áp hoạt động: (150 - 250)V | Công suất tối đa: 4000W | Dải nhiệt độ hoạt động: (-10 - 45) độ C | Điện trở cách điện: 5 MΩ | Độ bền điện: 1.5kV | Kích thước (DxRxC): (95x35x16)mm | Khối lượng: 0.02 kg | Dòng điện tối đa: 16A
695,BỘ NỐI GÓC RAY TRACKLIGHT TRL01/NG,TRL01/NG LED00044787,https://static.rangdongstore.vn/product/Den-LED/Phu%20kien%20tracklight/noi-goc.jpg?fm=webp&w=500,34,,,,45000,36000.0,,,,Điện áp: 220V/50Hz | Dải điện áp hoạt động: (150 - 250)V | Công suất tối đa: 4000W | Dải nhiệt độ hoạt động: (-10 - 45) độ C | Điện trở cách điện: 5 MΩ | Độ bền điện: 1.5kV | Kích thước (DxRxC): (68x68x16)mm | Khối lượng: 0.022 kg | Dòng điện tối đa: 16A
696,BỘ NỐI CHỮ T RAY TRACKLIGHT TRL01/NCT,RAYTRL01/NCT LED00044788,https://static.rangdongstore.vn/product/Den-LED/Phu%20kien%20tracklight/chu-T.jpg?fm=webp&w=500,34,,,,104000,83000.0,,,,Điện áp: 220V/50Hz | Dải điện áp hoạt động: (150 - 250)V | Công suất tối đa: 4000W | Dải nhiệt độ hoạt động: (-10 - 45) độ C | Điện trở cách điện: 5 MΩ | Độ bền điện: 1.5kV | Kích thước (DxRxC): (102x70x16)mm | Khối lượng: 0.03 kg | Dòng điện tối đa: 16A
697,BỘ NỐI CHỮ THẬP RAY TRACKLIGHT TRL01/NC+,RAYTRL01/NC+ LED00044786,https://static.rangdongstore.vn/product/Den-LED/Phu%20kien%20tracklight/chu-thap.jpg?fm=webp&w=500,34,,,,123000,98000.0,,,,Điện áp: 220V/50Hz | Dải điện áp hoạt động: (150 - 250)V | Công suất tối đa: 4000W | Dải nhiệt độ hoạt động: (-10 - 45) độ C | Điện trở cách điện: 5 MΩ | Độ bền điện: 1.5kV | Kích thước (DxRxC): (102x102x16)mm | Khối lượng: 0.04 kg | Dòng điện tối đa: 16A
698,BỘ PHỤ KIỆN NỐI THẲNG RAY LED.48/NT,RAYLED.48/NT LED00066792,https://static.rangdongstore.vn/240130017070/2024/01/30/7.jpg?fm=webp&w=500,34,,,,57000,46000.0,,,,No description
699,BỘ PHỤ KIỆN RAY LED.48 (1M),RAYLED.481m LED00066797,https://static.rangdongstore.vn/240130017075/2024/01/30/RAY%20LED.48V%20(2m).jpg?fm=webp&w=500,34,,,,209000,167000.0,,,,No description
700,ĐÈN LED TRACKLIGHT 20W TRL06,20WTRL0620W LED00041970,https://static.rangdongstore.vn/product/Den-LED/LED_Tracklight/TRL05-15W/TRL05-15W.png?fm=webp&w=500,34,,,,497000,398000.0,,,,"Nguồn điện danh định: 220V/50Hz | Công suất: 20W | Góc chiếu: (15 - 36) độ | Điện áp có thể hoạt động: (150 - 250) V | Dòng điện (Max): 0,26 A | Hệ số công suất: 0,5 | Quang thông: 1500/1500/1500/1350 lm  | Hiệu suất sáng: 75/75/75/68 lm/W | Nhiệt độ màu ánh sáng: 6500K/5000K/4000K/3000K | Hệ số trả màu (CRI): 80.0 | Tuổi thọ đèn: 25.000 giờ | Chu kỳ tắt bật: 50.000 lần | Nhiê t đô hoa t đô ng: (-10 - 40) độ | Ma u să c: Trắng/Đen"
701,BỘ PHỤ KIỆN HỘP NGUỒN RAY LED.48/HN,RAYLED.48/HN LED00066795,https://static.rangdongstore.vn/240130017073/2024/01/30/RAY-LED.48V-HN.jpg?fm=webp&w=500,34,,,,48000,38000.0,,,,No description
702,ĐÈN LED TRACKLIGHT TRL08 30W,TRL0830W LED00077003,https://static.rangdongstore.vn/241226026955/2024/12/26/TRL08-20W-1.jpg?fm=webp&w=500,34,,,,486000,340200.0,,,,"Hệ số công suất: 0,5 | Tần số danh định: 50Hz | Điện áp nguồn danh định: 220V | Dải điện áp hoạt động: 150 - 250 V | Công suất danh định: 30 W | Công suất tối đa: 33 W | Dòng điện danh định đầu vào lớn nhất: 0.44 A | Mã trắc quang: 830/777 (3000K)
840/777 (4000K)
865/777 (6500K) | Nhiệt độ màu tương quan: 6500K/4000K/3000K | Quang thông danh định: 3000 lm
2700 lm | Quang thông tối thiểu: 2700 lm
2430 lm | Hiệu suất danh định: 100 lm/W
90 lm/W | Tuổi thọ danh định: 25.000 giờ | Chỉ số thể hiện màu danh định: 80.0 | Góc chùm tia: 20° | Dải nhiệt độ hoạt động: (-10)-(40)℃ | Điện trở cách điện: 4MΩ | Độ bền điện: 1.5 kV/1' | Kích thước (DxRxC): 170x75x155 mm | Khối lượng: 270 ± 20 g | Tiêu chuẩn áp dụng: TCVN 7722-2-1/IEC 60598-2-1
TCVN 10885-2-1, IEC 62722-2-1"
703,BỘ PHỤ KIỆN ĐẦU HỒI HỘP NGUỒN RAY LED.48/DH-HN,RAYLED.48/DH-HN LED00066796,https://static.rangdongstore.vn/240130017074/2024/01/30/RAY-LED.48V-DH-HN.jpg?fm=webp&w=500,34,,,,20000,16000.0,,,,No description
704,BÓNG TUBE THỦY TINH BỌC NHỰA- BÓNG ĐÈN LED TUBE T8 1.2M 20W N02 (THỦY TINH BỌC NHỰA),T8N021200/20W LED00036571,https://static.rangdongstore.vn/product/Den-LED/LED_Tube/T8-N02-120-20W/1.jpg?fm=webp&w=500,35,,,,116000,93000.0,,,,"Nguồn điện danh định: 220V/50-60Hz | Công suất: 20W | Lắp thay thế bộ đèn huỳnh quang: 1,2m công suất 40W/36W | Vật liệu bóng:  Thủy tinh bọc nhựa | Điện áp có thể hoạt động: (170-250)V | Dòng điện (Max): 180 mA | Hệ số công suất: 0.5 | Quang thông: 2400/2600 lm | Hiệu suất sáng: 120/130 lm/w | Nhiệt độ màu:  3000K/6500K | Hệ số trả màu (CRI): 82.0 | Tuổi thọ đèn: 20.000 giờ | Chu kỳ tắt bật: 50.000 lần | Mức tiêu thụ điện 1000 giờ: 20 kWh | Mức hiệu suất năng lượng: A+ | Chiều dài: 1213 mm | Chiều rộng: 27 mm | Hàm lượng thủy ngân: 0 mg | Thời gian khởi động của đèn: < 0,5 giây"
705,ĐÈN LED TUBE T8 1.2M 20W ĐẦU ĐÈN XOAY,T81200/20WĐX LED00005131,https://static.rangdongstore.vn/product/Den-LED/LED_Tube/T8-1200-20W/1.jpg?fm=webp&w=500,35,,,,325080,260000.0,,,,"Nguồn điện danh định: 220V/50Hz | Công suất: 20W | Lắp thay thế bộ đèn huỳnh quang: 1,2m công suất 40W/36W | Vật liệu bóng: nhôm - nhựa | Điện áp có thể hoạt động: 100 V - 250 V | Dòng điện (Max): 240 mA | Hệ số công suất: 0,9 | Quang thông: 2200 lm | Hiệu suất sáng: 110 lm/W | Hệ số trả màu (CRI): 80.0 | Tuổi thọ đèn: 25.000 giờ | Chu kỳ tắt bật: 50.000 lần | Mức tiêu thụ điện 1000 giờ: 20 kWh | Mức hiệu suất năng lượng: A+ | Chiều dài: 1213 mm | Chiều rộng: 26 mm | Hàm lượng thủy ngân: 0 mg | Thời gian khởi động của đèn: < 0,5 giây | Đầu đèn: G13 | Nhiệt độ màu ánh sáng:  6500K/3000K"
706,BÓNG ĐÈN THỦY TINH BỌC NHỰA- BÓNG ĐÈN LED TUBE T8 0.6M 10W N02 (THỦY TINH BỌC NHỰA),N02600/10W LED00033884,https://static.rangdongstore.vn/220729009613/2022/07/29/1%20(1).jpg?fm=webp&w=500,35,,,,95000,76000.0,,,,No description
707,BÓNG NHÔM NHỰA- ĐÈN LED TUBE T8 0.6M 10W CHẤT LIỆU BÓNG NHÔM NHỰA,T8600/10W LED00005101,https://static.rangdongstore.vn/240627019288/2024/06/27/nh%E1%BB%91m%20nh%E1%BB%B1a%20t8.jpg?fm=webp&w=500,35,,,,148000,118000.0,,,,"Nguồn điện danh định: 150-250V/50-60Hz | Công suất: 10W | Lắp thay thế bộ đèn huỳnh quang: 0,6m công suất 20W/18W | Vật liệu bóng: nhôm - nhựa | Điện áp có thể hoạt động: 150 V - 250 V | Dòng điện (Max): 0.12A | Hệ số công suất: 0,5 | Quang thông: 1000 lm | Hiệu suất sáng: 100 lm/W | Hệ số trả màu (CRI): 82.0 | Tuổi thọ đèn: 30.000 giờ | Chu kỳ tắt bật: 50.000 lần | Mức tiêu thụ điện 1000 giờ: 10 kWh | Mức hiệu suất năng lượng: A+ | Chiều dài: 603 mm | Chiều rộng: 26 mm | Hàm lượng thủy ngân: 0 mg | Thời gian khởi động của đèn: < 0,5 giây | Đầu đèn: G13 | Màu ánh sáng:  6500K/5000K/4000K/3000K"
708,BÓNG NHÔM NHỰA - ĐÈN LED TUBE T8 1.2M 20W CHẤT LIỆU BÓNG NHÔM NHỰA,T81200/20W LED00047395,https://static.rangdongstore.vn/2204005288/2022/04/11/bong-led-tube-t8-1200-20w-3000k-lpf-ss-ugi.jpeg?fm=webp&w=500,35,,,,227000,159000.0,,,,"Nguồn điện danh định: (150-250)V/50-60Hz | Công suất: 20W | Lắp thay thế bộ đèn huỳnh quang: 1,2m công suất 40W/36W | Vật liệu bóng: Nhôm - nhựa | Điện áp có thể hoạt động: (150-250)V | Dòng điện (Max): 0.23A | Hệ số công suất: 0.5 | Quang thông: 2300 lm | Hiệu suất sáng: 115 lm/W | Nhiệt độ màu: 6500K/3000K | Hệ số trả màu (CRI): 82.0 | Tuổi thọ đèn: 30.000 giờ | Chu kỳ tắt bật: 50.000 lần | Mức tiêu thụ điện 1000 giờ: 20 kWh | Mức hiệu suất năng lượng: A+ | Hàm lượng thủy ngân: 0 mg | Thời gian khởi động của đèn: < 0,5 giây | Đầu đèn: G13 | Chiếu dài: 1213 mm | Đường kính: 28 mm"
709,ĐÈN LED TUBE T8 1.2M 20W ĐẦU ĐÈN XOAY,T81200/20WĐX LED00005131,https://static.rangdongstore.vn/product/Den-LED/LED_Tube/T8-1200-20W/1.jpg?fm=webp&w=500,36,,,,325080,260000.0,,,,"Đầu đèn: G13 | Nguồn điện danh định: 220V/50Hz | Công suất: 20W | Lắp thay thế bộ đèn huỳnh quang: 1,2m công suất 40W/36W | Vật liệu bóng: nhôm - nhựa | Điện áp có thể hoạt động: 100 V - 250 V | Dòng điện (Max): 240 mA | Hệ số công suất: 0,9 | Quang thông: 2200 lm | Hiệu suất sáng: 110 lm/W | Nhiệt độ màu ánh sáng:  6500K/3000K | Hệ số trả màu (CRI): 80 | Tuổi thọ đèn: 25.000 giờ | Chu kỳ tắt bật: 50.000 lần | Mức tiêu thụ điện 1000 giờ: 20 kWh | Mức hiệu suất năng lượng: A+ | Chiều dài: 1213 mm | Chiều rộng: 26 mm | Hàm lượng thủy ngân: 0 mg | Thời gian khởi động của đèn: < 0,5 giây"
710,BÓNG NHÔM NHỰA- ĐÈN LED TUBE T8 0.6M 10W CHẤT LIỆU BÓNG NHÔM NHỰA,T8600/10W LED00005101,https://static.rangdongstore.vn/240627019288/2024/06/27/nh%E1%BB%91m%20nh%E1%BB%B1a%20t8.jpg?fm=webp&w=500,36,,,,148000,118000.0,,,,"Đầu đèn: G13 | Nguồn điện danh định: 150-250V/50-60Hz | Công suất: 10W | Lắp thay thế bộ đèn huỳnh quang: 0,6m công suất 20W/18W | Vật liệu bóng: nhôm - nhựa | Điện áp có thể hoạt động: 150 V - 250 V | Dòng điện (Max): 0.12A | Hệ số công suất: 0,5 | Quang thông: 1000 lm | Hiệu suất sáng: 100 lm/W | Hệ số trả màu (CRI): 82 | Tuổi thọ đèn: 30.000 giờ | Chu kỳ tắt bật: 50.000 lần | Mức tiêu thụ điện 1000 giờ: 10 kWh | Mức hiệu suất năng lượng: A+ | Chiều dài: 603 mm | Chiều rộng: 26 mm | Hàm lượng thủy ngân: 0 mg | Thời gian khởi động của đèn: < 0,5 giây | Màu ánh sáng:  6500K/5000K/4000K/3000K"
711,BÓNG NHÔM NHỰA - ĐÈN LED TUBE T8 1.2M 20W CHẤT LIỆU BÓNG NHÔM NHỰA,T81200/20W LED00047395,https://static.rangdongstore.vn/2204005288/2022/04/11/bong-led-tube-t8-1200-20w-3000k-lpf-ss-ugi.jpeg?fm=webp&w=500,36,,,,227000,159000.0,,,,"Đầu đèn: G13 | Nguồn điện danh định: (150-250)V/50-60Hz | Công suất: 20W | Lắp thay thế bộ đèn huỳnh quang: 1,2m công suất 40W/36W | Vật liệu bóng: Nhôm - nhựa | Điện áp có thể hoạt động: (150-250)V | Dòng điện (Max): 0.23A | Hệ số công suất: 0.5 | Quang thông: 2300 lm | Hiệu suất sáng: 115 lm/W | Hệ số trả màu (CRI): 82 | Tuổi thọ đèn: 30.000 giờ | Chu kỳ tắt bật: 50.000 lần | Mức tiêu thụ điện 1000 giờ: 20 kWh | Mức hiệu suất năng lượng: A+ | Hàm lượng thủy ngân: 0 mg | Thời gian khởi động của đèn: < 0,5 giây | Nhiệt độ màu: 6500K/3000K | Chiếu dài: 1213 mm | Đường kính: 28 mm"
712,ĐÈN LED DOWNLIGHT ÂM TRẦN 90/5W AT06.V2,AT06.V290/5W LED00046518,https://static.rangdongstore.vn/product/Den-LED/LED_Downlight/AT06.V2-90-7W/AT06.V2/AT06V2.jpg?fm=webp&w=500,37,,,,121000,79000.0,,,,"Công suất: 5W | Điện áp có thể hoạt động: (150 - 250)V | Dòng điện (Max):     mA | Hệ số công suất: 0,5 | Quang thông:   lm | Hiệu suất sáng:  lm/W | Nhiệt độ màu:   | Hệ số trả màu (CRI): 80.0 | Tuổi thọ đèn:  giờ | Chu kỳ tắt bật: 50.000 lần | Mức tiêu thụ điện 1000 giờ: 5 kWh | Mức hiệu suất năng lượng: A+ | Đường kính: 114 mm | Chiều cao: 44 mm | Hàm lượng thủy ngân: 0 mg | Thời gian khởi động của đèn: < 0,5 giây"
713,ĐÈN LED DOWNLIGHT ÂM TRẦN 90/7W AT06.V2,AT06.V290/7W LED00042239,https://static.rangdongstore.vn/product/Den-LED/LED_Downlight/AT06.V2-90-7W/1-AT06-V2%2090-7W.jpg?fm=webp&w=500,37,,,,140000,91000.0,,,,"Công suất: 7W | Điện áp có thể hoạt động: (150 - 250)V | Dòng điện (Max): 90 mA | Hệ số công suất: 0,5 | Quang thông: 700lm | Hiệu suất sáng: 100lm/W | Nhiệt độ màu: 6500K/4000K/3000K | Hệ số trả màu (CRI): 80.0 | Tuổi thọ đèn: 25.000 giờ | Chu kỳ tắt bật: 50.000 lần | Mức tiêu thụ điện 1000 giờ: 7 kWh | Mức hiệu suất năng lượng: A+ | Đường kính: 114 mm | Chiều cao: 44 mm | Hàm lượng thủy ngân: 0 mg | Thời gian khởi động của đèn: < 0,5 giây"
714,ĐÈN LED DOWNLIGHT ÂM TRẦN 110/9W AT06.V2,AT06.V2110/9W LED00042293,https://static.rangdongstore.vn/product/Den-LED/LED_Downlight/AT06.V2-110-9W/1-AT06-V2%20110-9W.jpg?fm=webp&w=500,37,,,,201000,131000.0,,,,"Công suất: 9 W | Dòng điện (Max): 110 mA | Hệ số công suất: 0,5 | Quang thông: 900 lm | Hiệu suất sáng: 100 lm/W | Nhiệt độ màu: 6500K/4000K/3000K | Hệ số trả màu (CRI): 80.0 | Tuổi thọ đèn: 15.000 giờ | Chu kỳ tắt bật: 50.000 lần | Mức tiêu thụ điện 1000 giờ: 9 kWh | Mức hiệu suất năng lượng: A+ | Đường kính: 134 mm | Chiều cao: 44 mm | Hàm lượng thủy ngân: 0 mg | Thời gian khởi động của đèn: < 0,5 giây | Dải điện áp hoạt động: (150 - 250)V"
715,ĐÈN LED DOWNLIGHT ÂM TRẦN ĐỔI MÀU 60/3W AT10 ĐM,AT10Đ60/3W LED00027576,https://static.rangdongstore.vn/product/Den-LED/LED_Downlight/AT10-DM-60-3W/1-A10-60-3W-G.jpg?fm=webp&w=500,37,,,,110000,72000.0,,,,"Công suất: 3 W | Điện áp có thể hoạt động: 150V - 250V | Dòng điện (Max): 40 mA | Hệ số công suất: 0,5 | Quang thông: 160 lm/180 lm/150 lm | Hiệu suất sáng: 53 lm/W; 60 lm/W; 50 lm/W | Hệ số trả màu (CRI): 80.0 | Tuổi thọ đèn: 15000 giờ | Chu kỳ tắt bật: 50.000 lần | Mức tiêu thụ điện 1000 giờ: 3 kWh | Mức hiệu suất năng lượng: A+ | Đường kính: 78 mm | Chiều cao: 50 mm | Hàm lượng thủy ngân: 0 mg | Thời gian khởi động của đèn: < 0,5 giây | Đường kính lỗ khoét trần: 60 mm | Nguồn điện danh định: 220V/50Hz | Đổi 3 màu ánh sáng: 6500K/4000K/3000K"
716,ĐÈN LED DOWNLIGHT ÂM TRẦN ĐỔI MÀU 90/7W AT10 ĐM,AT10Đ90/7W LED00035031,https://static.rangdongstore.vn/product/Den-LED/LED_Downlight/AT10-90-7W-G/2.jpg?fm=webp&w=500,37,,,,198000,129000.0,,,,"Công suất: 7 W | Điện áp có thể hoạt động: 150V – 250 V | Dòng điện (Max): 90 mA | Hệ số công suất: 0,5 | Quang thông: 700 lm | Hiệu suất sáng: 100 lm/W | Hệ số trả màu (CRI): 85.0 | Tuổi thọ đèn: 30.000 giờ | Chu kỳ tắt bật: 50.000 lần | Mức tiêu thụ điện 1000 giờ: 7 kWh | Mức hiệu suất năng lượng: A+ | Đường kính: 118 mm | Chiều cao:  33 mm | Hàm lượng thủy ngân: 0 mg | Thời gian khởi động của đèn: < 0,5 giây | Đường kính lỗ khoét trần: 90 mm | Nguồn điện danh định: 220V/50Hz | Vật liệu thân: nhôm | Màu ánh sáng: 6500K/3000K/4000K | Góc chùm tia: 110 độ"
717,ĐÈN LED DOWNLIGHT ÂM TRẦN ĐỔI MÀU 90/9W AT10 ĐM,AT10Đ90/9W LED00041878,https://static.rangdongstore.vn/product/Den-LED/LED_Downlight/AT10-90-7W-G/2.jpg?fm=webp&w=500,37,,,,205000,133000.0,,,,"Công suất: 9 W | Điện áp có thể hoạt động: 150V – 250 V | Dòng điện (Max): 0.11 A | Hệ số công suất: 0,5 | Quang thông: 900 lm | Hiệu suất sáng: 100 lm/W | Hệ số trả màu (CRI): 80.0 | Tuổi thọ đèn: 30.000 giờ | Chu kỳ tắt bật: 50.000 lần | Mức tiêu thụ điện 1000 giờ: 9 kWh | Mức hiệu suất năng lượng: A+ | Đường kính: 118 mm | Chiều cao:  33 mm | Hàm lượng thủy ngân: 0 mg | Thời gian khởi động của đèn: < 0,5 giây | Đường kính lỗ khoét trần: 90 mm | Nguồn điện danh định: 220V/50Hz | Màu ánh sáng: 6500K/4000K/3000K"
718,ĐÈN LED DOWNLIGHT ÂM TRẦN ĐỔI MÀU 110/9W AT10 ĐM,AT10Đ110/9W LED00035032,https://static.rangdongstore.vn/2204248837/2022/04/24/1-AT10-DM-110-9W.jpg?fm=webp&w=500,37,,,,236001,153000.0,,,,"Công suất: 9W | Điện áp có thể hoạt động: 150V - 250V | Dòng điện (Max): 110 mA | Hệ số công suất: 0,5 | Quang thông:  900 lm | Hiệu suất sáng: 100 lm/W | Hệ số trả màu (CRI): 85.0 | Tuổi thọ đèn: 30000 giờ | Chu kỳ tắt bật: 50.000 lần | Mức tiêu thụ điện 1000 giờ: 9 kWh | Mức hiệu suất năng lượng: A+ | Đường kính: 138 mm | Chiều cao: 36 mm | Hàm lượng thủy ngân: 0 mg | Thời gian khởi động của đèn: < 0,5 giây | Đường kính lỗ khoét trần: 110 mm | Nguồn điện danh định: 220V/50Hz | Đổi 3 màu ánh sáng: 6500K/3000K/4000K | Vật liệu thân: nhôm | Góc chùm tia: 110 độ"
719,ĐÈN LED DOWNLIGHT ÂM TRẦN ĐỔI MÀU 110/12W AT10 ĐM,AT10Đ110/12W LED00039911,https://static.rangdongstore.vn/product/Den-LED/LED_Downlight/AT10-DM-110-12W-G/3-AT10-DM-110-12W-G.jpg?fm=webp&w=500,37,,,,240000,156000.0,,,,"Công suất: 12W | Điện áp có thể hoạt động: 150V - 250V | Dòng điện (Max): 160 mA | Hệ số công suất: 0,5 | Quang thông: 1200 lm | Hiệu suất sáng: 100 lm/W | Hệ số trả màu (CRI): 85.0 | Tuổi thọ đèn: 30000 giờ | Chu kỳ tắt bật: 50.000 lần | Mức tiêu thụ điện 1000 giờ: 12 kWh | Mức hiệu suất năng lượng: A+ | Đường kính: 138 mm | Chiều cao: 36 mm | Hàm lượng thủy ngân: 0 mg | Thời gian khởi động của đèn: < 0,5 giây | Đường kính lỗ khoét trần: 110 mm | Nguồn điện danh định: 220V/50Hz | Đổi 3 màu ánh sáng: 6500K/3000K/4000K | Vật liệu thân: nhôm | Góc chùm tia: 110 độ"
720,ĐÈN LED DOWNLIGHT ĐỔI MÀU AT10 90/8W,AT1090/8W LED00077485,https://static.rangdongstore.vn/2204248837/2022/04/24/1-AT10-DM-110-9W.jpg?fm=webp&w=500,37,,,,198000,139000.0,,,,Công suất: 8W | Quang thông: 800lm | Nhiệt độ màu: 6500K/3000K/4000K | Điện áp: 220V/50Hz | Kích thước (ØxH): (118x33)mm | ĐK lỗ khoét trần: 90 mm
721,ĐÈN LED DOWNLIGHT ĐỔI MÀU AT10 110/10W,AT10110/10W LED00078447,https://static.rangdongstore.vn/2204248837/2022/04/24/1-AT10-DM-110-9W.jpg?fm=webp&w=500,37,,,,236001,165000.0,,,,No description
722,ĐÈN LED DOWNLIGHT ÂM TRẦN XOAY GÓC 100/9W AT18,AT18100/9W LED00048181,https://static.rangdongstore.vn/product/Den-LED/LED_Downlight/AT18-110-9w/AT18-100-9w.jpg?fm=webp&w=500,37,,,,380000,304000.0,,,,"Công suất: 9 W | Điện áp có thể hoạt động: 150V – 250 V | Dòng điện (Max): 110 mA | Hệ số công suất: 0,5 | Quang thông: 810 lm | Hiệu suất sáng: 90 lm/W | Hệ số trả màu (CRI): 80.0 | Tuổi thọ đèn: 30.000 giờ | Chu kỳ tắt bật: 50.000 lần | Mức tiêu thụ điện 1000 giờ: 9 kWh | Mức hiệu suất năng lượng: A+ | Đường kính: 110 mm | Chiều cao:  90 mm | Hàm lượng thủy ngân: 0 mg | Thời gian khởi động của đèn: < 0,5 giây | Đường kính lỗ khoét trần: 100 mm | Nguồn điện danh định: 220V/50-60Hz | Màu ánh sáng: 5000K/4000K"
723,ĐÈN LED DOWNLIGHT AT06 110/7W,AT06110/7W6500KSS LED00016380,https://static.rangdongstore.vn/231228016325/2023/12/28/1-AT06-V2%20110-9W.jpg?fm=webp&w=500,37,,,,166000,133000.0,,,,No description
724,ĐÈN LED DOWNLIGHT ÂM TRẦN 110/9W (DỰ PHÒNG) AT04.DP,AT04.DP110/9W LED00023180,https://static.rangdongstore.vn/product/Den-LED/LED_Downlight/AT04%20DP/AT04-DP-110.9w/1-AT04-110-9W.jpg?fm=webp&w=500,37,,,,1209600,968000.0,,,,"Công suất: 9W | Điện áp có thể hoạt động: 170V - 250V | Dòng điện (Max): 180 mA | Hệ số công suất: 0,5 | Hệ số trả màu (CRI): 80.0 | Tuổi thọ đèn: 20.000giờ | Chu kỳ tắt bật: 50.000 lần | Mức tiêu thụ điện 1000 giờ: 9 kWh | Mức hiệu suất năng lượng: A+ | Hàm lượng thủy ngân: 0 mg | Thời gian khởi động của đèn: < 0,5 giây | Đường kính lỗ khoét trần: 110 mm | Nguồn điện danh định: 220V/50-60Hz | Vật liệu thân: Nhôm | Góc chùm tia: 105 độ | Quang thông (Power ON):  500 lm                                     | Quang thông (Power OFF): 440lm | Nhiệt độ màu ánh sáng: 6500K"
725,ĐÈN LED DOWNLIGHT ÂM TRẦN 110/12W (DỰ PHÒNG) AT04.DP,AT04.DP110/12W LED00023034,https://static.rangdongstore.vn/product/Den-LED/LED_Downlight/AT04%20DP/AT04-DP-110.9w/1-AT04-110-9W.jpg?fm=webp&w=500,37,,,,1252000,1000000.0,,,,"Công suất:  12W | Điện áp có thể hoạt động: 150V - 250V | Dòng điện (Max): 125 mA | Hệ số công suất: 0,5 | Hiệu suất sáng: 71 lm/W | Hệ số trả màu (CRI): 80.0 | Tuổi thọ đèn: 20.000giờ | Chu kỳ tắt bật: 50.000 lần | Mức tiêu thụ điện 1000 giờ: 7 kWh | Mức hiệu suất năng lượng: A+ | Đường kính: 138 mm | Chiều cao: 50 mm | Hàm lượng thủy ngân: 0 mg | Thời gian khởi động của đèn: < 0,5 giây | Đường kính lỗ khoét trần: 115 mm | Nguồn điện danh định: 220V/50Hz | Vật liệu thân: Nhôm | Góc chùm tia: 105 độ | Nhiệt độ màu ánh sáng: 6500K | Quang thông (Power On): 650 lm                               | Quang thông (Power Off): 480 lm"
726,ĐÈN LED DOWNLIGHT ÂM TRẦN 90/7W AT16,AT1690/7W LED00023964,https://static.rangdongstore.vn/product/Den-LED/LED_Downlight/D_AT16_7W9W/4b0f219ea425467b1f34.jpg?fm=webp&w=500,37,,,,173880,139000.0,,,,"Công suất: 7 W | Điện áp có thể hoạt động: 150V - 250V | Dòng điện (Max): 0.09 A | Hệ số công suất: 0,5 | Quang thông: 600 lm | Hiệu suất sáng: 85 lm/W | Hệ số trả màu (CRI): 85.0 | Tuổi thọ đèn: 30.000giờ | Chu kỳ tắt bật: 50.000 lần | Mức tiêu thụ điện 1000 giờ: 7 kWh | Mức hiệu suất năng lượng: A+ | Đường kính: 107,8 mm | Chiều cao: 40 mm | Hàm lượng thủy ngân: 0 mg | Thời gian khởi động của đèn: < 0,5 giây | Đường kính lỗ khoét trần: 90 mm | Nguồn điện danh định: 220V/50Hz | Vật liệu thân: Nhôm | Góc chùm tia: 105 độ | Nhiệt độ màu ánh sáng: 4000K/6500K"
727,ĐÈN LED DOWNLIGHT ÂM TRẦN 90/9W AT16,AT1690/9W LED00023962,https://static.rangdongstore.vn/product/Den-LED/LED_Downlight/D_AT16_7W9W/4b0f219ea425467b1f34.jpg?fm=webp&w=500,37,,,,181440,145000.0,,,,"Công suất: 9 W | Điện áp có thể hoạt động: 150V - 250V | Dòng điện (Max): 0,11 A | Hệ số công suất: 0,5 | Quang thông: 760 lm | Hiệu suất sáng: 85 lm/W | Hệ số trả màu (CRI): 85.0 | Tuổi thọ đèn: 30.000giờ | Chu kỳ tắt bật: 50.000 lần | Mức tiêu thụ điện 1000 giờ: 9 kWh | Mức hiệu suất năng lượng: A+ | Đường kính: 107,8 mm | Chiều cao: 40 mm | Hàm lượng thủy ngân: 0 mg | Thời gian khởi động của đèn: < 0,5 giây | Đường kính lỗ khoét trần: 90 mm | Nguồn điện danh định: 220V/50Hz | Vật liệu thân: Nhôm  | Góc chùm tia: 105 độ | Nhiệt độ màu ánh sáng: 4000K/6500K"
728,ĐÈN LED DOWNLIGHT ÂM TRẦN 110/7W AT16,AT16110/7W LED00023965,https://static.rangdongstore.vn/product/Den-LED/LED_Downlight/D_AT16_7W9W/4b0f219ea425467b1f34.jpg?fm=webp&w=500,37,,,,200880,161000.0,,,,"Công suất: 7 W | Điện áp có thể hoạt động: 150V - 250V | Dòng điện (Max): 90 mA | Hệ số công suất: 0,5 | Quang thông: 600 lm | Hiệu suất sáng: 85 lm/W | Hệ số trả màu (CRI): 85.0 | Tuổi thọ đèn: 30.000giờ | Chu kỳ tắt bật: 50.000 lần | Mức tiêu thụ điện 1000 giờ: 7 kWh | Mức hiệu suất năng lượng: A+ | Đường kính: 129,4 mm | Chiều cao: 40 mm | Hàm lượng thủy ngân: 0 mg | Thời gian khởi động của đèn: < 0,5 giây | Đường kính lỗ khoét trần: 110 mm | Nguồn điện danh định: 220V/50Hz | Vật liệu thân: Nhôm | Góc chùm tia: 105 độ | Nhiệt độ màu ánh sáng: 4000K/6500K"
729,ĐÈN LED DOWNLIGHT ÂM TRẦN 110/9W AT16,AT16110/9W LED00023961,https://static.rangdongstore.vn/product/Den-LED/LED_Downlight/D_AT16_7W9W/4b0f219ea425467b1f34.jpg?fm=webp&w=500,37,,,,206280,165000.0,,,,"Công suất: 9 W | Điện áp có thể hoạt động: 150V - 250V | Dòng điện (Max): 0.11 A | Hệ số công suất: 0,5 | Quang thông: 765 lm | Hiệu suất sáng: 85 lm/W | Hệ số trả màu (CRI): 85.0 | Tuổi thọ đèn: 30.000giờ | Chu kỳ tắt bật: 50.000 lần | Mức tiêu thụ điện 1000 giờ: 9 kWh | Mức hiệu suất năng lượng: A+ | Đường kính: 129,4 mm | Chiều cao: 40 mm | Hàm lượng thủy ngân: 0 mg | Thời gian khởi động của đèn: < 0,5 giây | Đường kính lỗ khoét trần: 110 mm | Nguồn điện danh định: 220V/50Hz | Vật liệu thân: Nhôm | Góc chùm tia: 105 độ | Nhiệt độ màu ánh sáng: 4000K/6500K"
730,ĐÈN LED DOWNLIGHT ÂM TRẦN 90/8W AT24.PLUS,AT2490/8W.PLUS LED00047293,https://static.rangdongstore.vn/product/Den-LED/LED_Downlight/AT06.V2-90-7W/1-AT06-V2%2090-7W.jpg?fm=webp&w=500,37,,,,140000,112000.0,,,,"Công suất: 8W | Điện áp có thể hoạt động: (150 - 250)V | Dòng điện (Max): 0.1 A | Hệ số công suất: 0,5 | Quang thông: 840 lm  | Hiệu suất sáng: 105 lm/W | Nhiệt độ màu: 4000K/6500K | Hệ số trả màu (CRI): 80.0 | Tuổi thọ đèn: 25.000 giờ | Chu kỳ tắt bật: 50.000 lần | Mức tiêu thụ điện 1000 giờ: 8 kWh | Mức hiệu suất năng lượng: A+ | Đường kính: 115 mm | Chiều cao: 39 mm | Hàm lượng thủy ngân: 0 mg | Thời gian khởi động của đèn: < 0,5 giây | Đường kính lỗ khoét trần: 90 mm | Điện áp danh định: 220V/50Hz"
731,ĐÈN LED DOWNLIGHT ÂM TRẦN 90/10W AT24.PLUS,AT2490/10W.PLUS LED00054888,https://static.rangdongstore.vn/product/Den-LED/LED_Downlight/AT06.V2-90-7W/1-AT06-V2%2090-7W.jpg?fm=webp&w=500,37,,,,156000,125000.0,,,,"Công suất: 10W | Điện áp có thể hoạt động: (150 - 250)V | Dòng điện (Max): 0.1 A | Hệ số công suất: 0,5 | Quang thông: 840 lm  | Hiệu suất sáng: 1050 lm/W | Nhiệt độ màu: 4000K/6500K | Hệ số trả màu (CRI): 80.0 | Tuổi thọ đèn: 30.000 giờ | Chu kỳ tắt bật: 50.000 lần | Mức tiêu thụ điện 1000 giờ: 10 kWh | Mức hiệu suất năng lượng: A+ | Đường kính: 115 mm | Chiều cao: 39 mm | Hàm lượng thủy ngân: 0 mg | Thời gian khởi động của đèn: < 0,5 giây | Đường kính lỗ khoét trần: 90 mm | Điện áp danh định: 220V/50Hz"
732,ĐÈN LED DOWNLIGHT ÂM TRẦN 110/12W AT24.PLUS,AT24110/12W.PLUS LED00054735,https://static.rangdongstore.vn/product/Den-LED/LED_Downlight/AT06.V2-90-7W/1-AT06-V2%2090-7W.jpg?fm=webp&w=500,37,,,,216000,173000.0,,,,"Công suất: 12W | Điện áp có thể hoạt động: (150 - 250)V | Dòng điện (Max): 0.16 A | Hệ số công suất: 0,5 | Quang thông: 1260 lm  | Hiệu suất sáng: 105 lm/W | Nhiệt độ màu: 4000K/6500K | Hệ số trả màu (CRI): 80.0 | Tuổi thọ đèn: 25.000 giờ | Chu kỳ tắt bật: 50.000 lần | Mức tiêu thụ điện 1000 giờ: 12 kWh | Mức hiệu suất năng lượng: A+ | Đường kính: 135 mm | Chiều cao: 39 mm | Hàm lượng thủy ngân: 0 mg | Thời gian khởi động của đèn: < 0,5 giây | Đường kính lỗ khoét trần: 110 mm | Điện áp danh định: 220V/(50-60)Hz"
733,ĐÈN LED DOWNLIGHT ÂM TRẦN XOAY GÓC 60/7W AT22,AT2260/7W LED00043895,https://static.rangdongstore.vn/product/Den-LED/LED_Downlight/AT22-60-7W/1-AT22-60-7W.jpg?fm=webp&w=500,37,,,,486000,340000.0,,,,"Công suất: 7 W | Điện áp có thể hoạt động: (150 - 250)V | Dòng điện (Max): 0.09 A | Hệ số công suất: 0,5 | Quang thông: 300/350/350 lm  | Hiệu suất sáng: 42/50/50 lm/W | Nhiệt độ màu: 3000K/4000K/6500K | Hệ số trả màu (CRI): 90.0 | Tuổi thọ đèn: 30.000 giờ | Chu kỳ tắt bật: 50.000 lần | Mức tiêu thụ điện 1000 giờ: 7 kWh | Mức hiệu suất năng lượng: A+ | Đường kính: (72±0.5) mm | Chiều cao: (93±5) mm | Hàm lượng thủy ngân: 0 mg | Thời gian khởi động của đèn: < 0,5 giây | Đường kính lỗ khoét trần: 60 mm | Nguồn điện danh định: 220V/50Hz | Vật liệu thân: Nhôm đúc"
734,ĐÈN LED DOWNLIGHT ÂM TRẦN XOAY GÓC 60/9W AT22,AT2260/9W LED00049329,https://static.rangdongstore.vn/product/Den-LED/LED_Downlight/AT22-60-9W/1-AT22-60-9W.jpg?fm=webp&w=500,37,,,,508000,406000.0,,,,"Công suất: 9 W | Điện áp có thể hoạt động: (150 - 250)V | Dòng điện (Max): 0.12 A | Hệ số công suất: 0,5 | Quang thông: 500/550 lm  | Hiệu suất sáng: 55/61/61 lm/W | Nhiệt độ màu: 4000K/5000K | Hệ số trả màu (CRI): 90.0 | Tuổi thọ đèn: 30.000 giờ | Chu kỳ tắt bật: 50.000 lần | Mức tiêu thụ điện 1000 giờ: 9 kWh | Mức hiệu suất năng lượng: A+ | Đường kính: (72±0.5) mm | Chiều cao: (93±5) mm | Hàm lượng thủy ngân: 0 mg | Thời gian khởi động của đèn: < 0,5 giây | Đường kính lỗ khoét trần: 60 mm | Nguồn điện danh định: 220V/50Hz | Vật liệu thân: Nhôm đúc"
735,ĐÈN LED DOWNLIGHT ÂM TRẦN XOAY GÓC 60/12W AT22,AT2260/12W LED00043897,https://static.rangdongstore.vn/product/Den-LED/LED_Downlight/AT22-60-12W/1-AT22-60-12W.jpg?fm=webp&w=500,37,,,,540000,378000.0,,,,"Công suất: 12 W | Điện áp có thể hoạt động: (150 - 250)V | Dòng điện (Max): 0.16 A | Hệ số công suất: 0,5 | Quang thông: 630/700/700 lm  | Hiệu suất sáng: 52/58/58 lm/W | Nhiệt độ màu: 3000K/4000K/5000K | Hệ số trả màu (CRI): 90.0 | Tuổi thọ đèn: 30.000 giờ | Chu kỳ tắt bật: 50.000 lần | Mức tiêu thụ điện 1000 giờ: 12 kWh | Mức hiệu suất năng lượng: A+ | Đường kính: (72±0.5) mm | Chiều cao: (93±5) mm | Hàm lượng thủy ngân: 0 mg | Thời gian khởi động của đèn: < 0,5 giây | Đường kính lỗ khoét trần: 60 mm | Nguồn điện danh định: 220V/50Hz | Vật liệu thân: Nhôm đúc"
736,ĐÈN LED DOWNLIGHT ÂM TRẦN 240X125/9WX2.DA COB AT12,AT12240x125/9Wx2.DA LED00025779,https://static.rangdongstore.vn/product/Den-LED/LED_Downlight/Downlight%20COB/IMG_4981.jpg?fm=webp&w=500,37,,,,1447200,1158000.0,,,,"Công suất: 18W | Điện áp có thể hoạt động: 100V – 240 V | Dòng điện (Max): 0.09 A | Hệ số công suất: 0,5 | Quang thông: 1950 lm | Hiệu suất sáng: 105 lm/W | Hệ số trả màu (CRI): 80.0 | Tuổi thọ đèn: 25.000 giờ | Chu kỳ tắt bật: 50.000 lần | Mức tiêu thụ điện 1000 giờ: 18 kWh | Mức hiệu suất năng lượng: A | Chiều cao: 143 mm | Hàm lượng thủy ngân: 0 mg | Thời gian khởi động của đèn: < 0,5 giây | Nguồn điện danh định: 220V/50Hz | Vật liệu thân: Aluminum | Góc chùm tia: 24 độ  | Nhiệt độ màu ánh sáng:  4000K | Chiều dài: 260 mm | Chiều ngang: 140 mm"
737,ĐÈN LED DOWNLIGHT AT28 110/10W 6500K,AT28110/10W6500K LED00061943,https://static.rangdongstore.vn/230822012611/2023/08/22/AT28_110.jpg?fm=webp&w=500,37,,,,184000,129000.0,,,,"Công suất: 10W | Điện áp có thể hoạt động: 150V - 250V | Dòng điện (Max): 0,14 A | Hệ số công suất: 0,5 | Quang thông: 1000 lm | Hiệu suất sáng: 100 lm/W | Hệ số trả màu (CRI): 80.0 | Tuổi thọ đèn: 30.000giờ | Chu kỳ tắt bật: 50.000 lần | Mức tiêu thụ điện 1000 giờ: 10 kWh | Mức hiệu suất năng lượng: A+ | Đường kính: 138 mm | Chiều cao: 36 mm | Hàm lượng thủy ngân: 0 mg | Thời gian khởi động của đèn: < 0,5 giây | Đường kính lỗ khoét trần: 110 mm | Nguồn điện danh định: 220V/50Hz | Đổi 3 màu ánh sáng: 6500K/4000K/3000K | Vật liệu thân: Nhôm | Góc chùm tia: 105 độ"
738,ĐÈN LED DOWNLIGHT AT28 110/12W 6500K,AT28110/12W6500K LED00056437,https://static.rangdongstore.vn/250110027229/2025/01/10/AT28-1.jpg?fm=webp&w=500,37,,,,216000,140000.0,,,,"Công suất: 12W | Điện áp có thể hoạt động: 150V - 250V | Dòng điện (Max): 0,16 A | Hệ số công suất: 0,5 | Quang thông: 1200 lm | Hiệu suất sáng: 100 lm/W | Hệ số trả màu (CRI): 80.0 | Tuổi thọ đèn: 30.000giờ | Chu kỳ tắt bật: 50.000 lần | Mức tiêu thụ điện 1000 giờ: 12 kWh | Mức hiệu suất năng lượng: A+ | Đường kính: 138 mm | Chiều cao: 36 mm | Hàm lượng thủy ngân: 0 mg | Thời gian khởi động của đèn: < 0,5 giây | Đường kính lỗ khoét trần: 110 mm | Nguồn điện danh định: 220V/50Hz | Đổi 3 màu ánh sáng: 6500K/4000K/3000K | Vật liệu thân: Nhôm | Góc chùm tia: 105 độ"
739,ĐÈN LED DOWNLIGHT AT28 90/8W 6500K,AT2890/8W6500K LED00061940,https://static.rangdongstore.vn/230822012623/2023/08/22/AT28_90.jpg?fm=webp&w=500,37,,,,153000,107000.0,,,,"Công suất: 8W | Điện áp có thể hoạt động: 150V - 250V | Dòng điện (Max): 0,1 A | Hệ số công suất: 0,5 | Quang thông: 800 lm | Hiệu suất sáng: 100 lm/W | Hệ số trả màu (CRI): 80.0 | Tuổi thọ đèn: 30.000giờ | Chu kỳ tắt bật: 50.000 lần | Mức tiêu thụ điện 1000 giờ: 8 kWh | Mức hiệu suất năng lượng: A+ | Đường kính: 118 mm | Chiều cao: 36 mm | Hàm lượng thủy ngân: 0 mg | Thời gian khởi động của đèn: < 0,5 giây | Đường kính lỗ khoét trần: 90 mm | Nguồn điện danh định: 220V/50Hz | Đổi 3 màu ánh sáng: 6500K/4000K/3000K | Vật liệu thân: Nhôm | Góc chùm tia: 105 độ"
740,ĐÈN LED DOWNLIGHT AT28 90/10W 6500K,AT2890/10W LED00061941,https://static.rangdongstore.vn/240423018074/2024/04/23/AT28-1.jpg?fm=webp&w=500,37,,,,158000,103000.0,,,,"Công suất: 10W | Điện áp có thể hoạt động: 150V - 250V | Dòng điện (Max): 0,14 A | Hệ số công suất: 0,5 | Quang thông: 1000 lm | Hiệu suất sáng: 100 lm/W | Hệ số trả màu (CRI): 80.0 | Tuổi thọ đèn: 30.000giờ | Chu kỳ tắt bật: 50.000 lần | Mức tiêu thụ điện 1000 giờ: 10 kWh | Mức hiệu suất năng lượng: A+ | Đường kính: 118 mm | Chiều cao: 36 mm | Hàm lượng thủy ngân: 0 mg | Thời gian khởi động của đèn: < 0,5 giây | Đường kính lỗ khoét trần: 90 mm | Nguồn điện danh định: 220V/50Hz | Đổi 3 màu ánh sáng: 6500K/4000K/3000K | Vật liệu thân: Nhôm | Góc chùm tia: 105 độ"
741,ĐÈN LED DOWNLIGHT ÂM TRẦN KHẨN CẤP 90/5W AT07.KC,AT07.KC90/5W LED00020448,https://static.rangdongstore.vn/product/Den-LED/LED_Downlight/AT07.KC-90-5W/1.jpg?fm=webp&w=500,37,,,,840000,672000.0,,,,"Công suất: 5W | Điện áp có thể hoạt động: 150V – 250 V | Dòng điện (Max): 110 mA | Hệ số công suất: 0,5 | Quang thông: 310 lm | Hiệu suất sáng: 72 lm/W | Hệ số trả màu (CRI): 70.0 | Tuổi thọ đèn: 20.000 giờ | Chu kỳ tắt bật: 50.000 lần | Mức tiêu thụ điện 1000 giờ: 5 kWh | Mức hiệu suất năng lượng: A+ | Đường kính: 118 mm | Chiều cao: 40 mm | Hàm lượng thủy ngân: 0 mg | Thời gian khởi động của đèn: < 0,5 giây | Đường kính lỗ khoét trần: 90 mm | Nguồn điện danh định: 220V/50Hz | Vật liệu thân: nhôm | Góc chùm tia: 105 độ  | Nhiệt độ màu ánh sáng: 6500K/5000K/3000K"
742,ĐÈN LED DOWNLIGHT ÂM TRẦN KHẨN CẤP 90/5W (PCCC) AT07.KC,AT07.KC90/5W-PCCC LED00037837,https://static.rangdongstore.vn/product/Den-LED/LED_Downlight/AT07.KC-90-5W/1.jpg?fm=webp&w=500,37,,,,960000,768000.0,,,,"Công suất: 5W | Điện áp có thể hoạt động: 150V – 250 V | Dòng điện (Max): 110 mA | Hệ số công suất: 0,5 | Quang thông: 310 lm | Hiệu suất sáng: 72 lm/W | Hệ số trả màu (CRI): 70.0 | Tuổi thọ đèn: 20.000 giờ | Chu kỳ tắt bật: 50.000 lần | Mức tiêu thụ điện 1000 giờ: 5 kWh | Mức hiệu suất năng lượng: A+ | Đường kính: 118 mm | Chiều cao: 40 mm | Hàm lượng thủy ngân: 0 mg | Thời gian khởi động của đèn: < 0,5 giây | Đường kính lỗ khoét trần: 90 mm | Nguồn điện danh định: 220V/50Hz | Vật liệu thân: nhôm | Góc chùm tia: 105 độ  | Nhiệt độ màu ánh sáng: 6500K/5000K/3000K"
743,ĐÈN LED DOWNLIGHT AT30 155/20W 6500K,AT30155/20W6500K LED00056466,https://static.rangdongstore.vn/230624010459/2023/06/24/AT30_195_30W.jpg?fm=webp&w=500,37,,,,313000,203000.0,,,,"Công suất: 20 W | Điện áp có thể hoạt động: 150V – 250 V | Dòng điện (Max): 250 mA | Hệ số công suất: 0,5 | Quang thông: 2100 lm | Hiệu suất sáng: 105 lm/W | Hệ số trả màu (CRI): 80.0 | Tuổi thọ đèn: 30.000 giờ | Chu kỳ tắt bật: 50.000 lần | Mức tiêu thụ điện 1000 giờ: 20 kWh | Mức hiệu suất năng lượng: A+ | Đường kính: 180 mm | Chiều cao:  40 mm | Hàm lượng thủy ngân: 0 mg | Thời gian khởi động của đèn: < 0,5 giây | Đường kính lỗ khoét trần: 155 mm | Nguồn điện danh định: 220V/50-60Hz | Vật liệu thân: nhôm | Màu ánh sáng: 6500K/4000K/3000K"
744,ĐÈN LED DOWNLIGHT ÂM TRẦN DIỆT KHUẨN 90/7W AT21.UV,AT21.UV90/7W LED00042771,https://static.rangdongstore.vn/product/Den-LED/LED_Downlight/AT21_UV/AT21.UV_90_7W.jpg?fm=webp&w=500,37,,,,540000,432000.0,,,,"Công suất: 7W | Hệ số công suất: 0.5 | Quang thông: 560 lm | Nhiệt độ màu: 6500K/3000K | Dòng điện tối đa: 0.1 A | Hiệu suất quang: 80 lm/W | Chỉ số hoàn màu: 80.0 | Tuổi thọ: 5.000 giờ | Góc phát hiện của Rada: 90 độ | Tần số: 5.8G | Chiều cao lắp đặt: (2.8-3.5)m | Kích thước (ØxC): (110x51)mm | Đường kính khoét trần: 90mm | Diện tích khử trùng: (2x2) m2 | Chế độ khử trùng: 30 phút chế độ tự động
3 giờ chế độ chuyên sâu | Bước sóng LED UV C: (260-285)nm | Tiêu chuẩn áp dụng: TCVN 7722-2-2/IEC 60598-2-2
TCVN 10885-2-1/IEC 62722-2-1"
745,ĐÈN LED DOWNLIGHT ÂM TRẦN DIỆT KHUẨN 135/14W AT21.UV,AT21.UV135/14W LED00042772,https://static.rangdongstore.vn/product/Den-LED/LED_Downlight/AT21.UV-135-14W/1-AT21UV-135-14W.jpg?fm=webp&w=500,37,,,,1048000,838000.0,,,,"Công suất: 18W | Hệ số công suất: 0.9 | Quang thông: 1000 lm | Nhiệt độ màu: 6500K | Dòng điện tối đa: 0.1 A | Hiệu suất quang: 71 lm/W | Chỉ số hoàn màu: 80.0 | Tuổi thọ: 10.000 giờ | Góc phát hiện của Rada: 90 độ | Tần số: 5.8G | Chiều cao lắp đặt: (2.8-3.5)m | Kích thước (ØxC): (149x51)mm | Đường kính khoét trần: 135mm | Diện tích khử trùng: (3x3) m2 | Chế độ khử trùng: 20 phút chế độ tự động
2 giờ chế độ chuyên sâu | Bước sóng LED UV C: (260-285)nm | Tiêu chuẩn áp dụng: TCVN 7722-2-2/IEC 60598-2-2
TCVN 10885-2-1/IEC 62722-2-1"
746,ĐÈN LED DOWNLIGHT ĐỔI MÀU AT26 110/12W,AT26110/12W LED00058344,https://static.rangdongstore.vn/230624010461/2023/06/24/AT26-110-12w-1.jpg?fm=webp&w=500,37,,,,240000,192000.0,,,,"Công suất: 12W | Điện áp có thể hoạt động: (150 - 250)V | Dòng điện (Max): 0.16 A | Hệ số công suất: 0,5 | Quang thông: 1200 lm  | Hiệu suất sáng: 100 lm/W | Hệ số trả màu (CRI): 80.0 | Tuổi thọ đèn: 30.000 giờ | Chu kỳ tắt bật: 50.000 lần | Mức tiêu thụ điện 1000 giờ: 12 kWh | Mức hiệu suất năng lượng: A+ | Đường kính: 138 mm | Chiều cao: 35 mm | Hàm lượng thủy ngân: 0 mg | Thời gian khởi động của đèn: < 0,5 giây | Đường kính lỗ khoét trần: 110 mm | Nguồn điện danh định: 220V/(50-60)Hz | Đổi 3 màu: 6500K/3000K/4000K"
747,ĐÈN LED DOWNLIGHT ĐỔI MÀU AT26 110/10W,AT26110/10W LED00054458,https://static.rangdongstore.vn/230624010461/2023/06/24/AT26-110-12w-1.jpg?fm=webp&w=500,37,,,,229000,183000.0,,,,"Công suất: 10W | Điện áp có thể hoạt động: (150 - 250)V | Dòng điện (Max): 0.14 A | Hệ số công suất: 0,5 | Quang thông: 1000 lm  | Hiệu suất sáng: 100 lm/W | Hệ số trả màu (CRI): 80.0 | Tuổi thọ đèn: 30.000 giờ | Chu kỳ tắt bật: 50.000 lần | Mức tiêu thụ điện 1000 giờ: 10 kWh | Mức hiệu suất năng lượng: A+ | Đường kính: 138 mm | Chiều cao: 35 mm | Hàm lượng thủy ngân: 0 mg | Thời gian khởi động của đèn: < 0,5 giây | Đường kính lỗ khoét trần: 110 mm | Nguồn điện danh định: 220V/(50-60)Hz | Đổi 3 màu: 6500K/3000K/4000K"
748,ĐÈN LED DOWNLIGHT ĐỔI MÀU AT26 90/10W,AT2690/10W LED00059928,https://static.rangdongstore.vn/230624010461/2023/06/24/AT26-110-12w-1.jpg?fm=webp&w=500,37,,,,207000,166000.0,,,,"Công suất: 10W | Điện áp có thể hoạt động: (150 - 250)V | Dòng điện (Max): 0.14 A | Hệ số công suất: 0,5 | Quang thông: 1000 lm  | Hiệu suất sáng: 100 lm/W | Hệ số trả màu (CRI): 80.0 | Tuổi thọ đèn: 30.000 giờ | Chu kỳ tắt bật: 50.000 lần | Mức tiêu thụ điện 1000 giờ: 10 kWh | Mức hiệu suất năng lượng: A+ | Đường kính: 118 mm | Chiều cao: 35 mm | Hàm lượng thủy ngân: 0 mg | Thời gian khởi động của đèn: < 0,5 giây | Đường kính lỗ khoét trần: 90 mm | Nguồn điện danh định: 220V/(50-60)Hz | Đổi 3 màu: 6500K/3000K/4000K"
749,ĐÈN LED DOWNLIGHT ĐỔI MÀU AT26 90/8W,AT2690/8W LED00054459,https://static.rangdongstore.vn/230624010461/2023/06/24/AT26-110-12w-1.jpg?fm=webp&w=500,37,,,,203000,162000.0,,,,"Công suất: 8W | Điện áp có thể hoạt động: (150 - 250)V | Dòng điện (Max): 0.1 A | Hệ số công suất: 0,5 | Quang thông: 800 lm  | Hiệu suất sáng: 100 lm/W | Hệ số trả màu (CRI): 80.0 | Tuổi thọ đèn: 30.000 giờ | Chu kỳ tắt bật: 50.000 lần | Mức tiêu thụ điện 1000 giờ: 8 kWh | Mức hiệu suất năng lượng: A+ | Đường kính: 118 mm | Chiều cao: 35 mm | Hàm lượng thủy ngân: 0 mg | Thời gian khởi động của đèn: < 0,5 giây | Đường kính lỗ khoét trần: 90 mm | Nguồn điện danh định: 220V/(50-60)Hz | Đổi 3 màu: 6500K/3000K/4000K"
750,ĐÈN LED DOWNLIGHT AT04 90/9W,AT0490/9W LED00039591,https://static.rangdongstore.vn/product/Den-LED/LED_Downlight/AT04-90-9W/2-AT04-90-9W.jpg?fm=webp&w=500,37,,,,182001,118000.0,,,,"Công suất: 9W | Điện áp có thể hoạt động: 150V – 250 V | Dòng điện (Max): 0,11 A | Hệ số công suất: 0,5 | Quang thông: 900 lm | Hiệu suất sáng: 100 lm/W | Hệ số trả màu (CRI): 80.0 | Tuổi thọ đèn: 30.000 giờ | Chu kỳ tắt bật: 50.000 lần | Mức tiêu thụ điện 1000 giờ: 9 kWh | Mức hiệu suất năng lượng: A+ | Đường kính: 118 mm | Chiều cao: 40 mm | Hàm lượng thủy ngân: 0 mg | Thời gian khởi động của đèn: < 0,5 giây | Đường kính lỗ khoét trần: 90 mm | Nguồn điện danh định: 220V/50Hz | Vật liệu thân: nhôm | Góc chùm tia: 105 độ  | Nhiệt độ màu ánh sáng: 6500K/4000K/3000K"
751,ĐÈN LED DOWNLIGHT ÂM TRẦN 90/5W AT04,AT0490/5W LED00014323,https://static.rangdongstore.vn/product/Den-LED/LED_Downlight/AT04-90-7W/1-AT04-90-7W.jpg?fm=webp&w=500,37,,,,162000,105000.0,,,,"Công suất: 5W | Điện áp có thể hoạt động: 150V – 250 V | Dòng điện (Max): 0.065 A | Hệ số công suất: 0,5 | Quang thông: 500 lm | Hiệu suất sáng: 100 lm/W | Hệ số trả màu (CRI): 80.0 | Tuổi thọ đèn: 30.000 giờ | Chu kỳ tắt bật: 50.000 lần | Mức tiêu thụ điện 1000 giờ: 5 kWh | Mức hiệu suất năng lượng: A+ | Đường kính: 118 mm | Chiều cao: 40 mm | Hàm lượng thủy ngân: 0 mg | Thời gian khởi động của đèn: < 0,5 giây | Đường kính lỗ khoét trần: 90 mm | Nguồn điện danh định: 220V/50Hz | Vật liệu thân: nhôm | Góc chùm tia: 105 độ  | Nhiệt độ màu ánh sáng: 6500K/3000K"
752,ĐÈN LED DOWNLIGHT ÂM TRẦN 90/7W AT04,AT0490/7W LED00041782,https://static.rangdongstore.vn/product/Den-LED/LED_Downlight/AT04-90-7W/2-AT04-90-7W.jpg?fm=webp&w=500,37,,,,171000,111000.0,,,,"Công suất: 7 W | Điện áp có thể hoạt động: 150V - 250V | Dòng điện (Max): 90 mA | Hệ số công suất: 0,5 | Quang thông: 500/470 lm | Hiệu suất sáng: 71 lm/W | Hệ số trả màu (CRI): 80.0 | Tuổi thọ đèn: 20.000giờ | Chu kỳ tắt bật: 50.000 lần | Mức tiêu thụ điện 1000 giờ: 7 kWh | Mức hiệu suất năng lượng: A+ | Đường kính: 118 mm | Chiều cao: 40 mm | Hàm lượng thủy ngân: 0 mg | Thời gian khởi động của đèn: < 0,5 giây | Đường kính lỗ khoét trần: 90 mm | Nguồn điện danh định: 220V/50Hz | Vật liệu thân: Nhôm | Góc chùm tia: 105 độ | Nhiệt độ màu ánh sáng: 6500K/3000K"
753,ĐÈN LED DOWNLIGHT ÂM TRẦN 110/7W AT04,AT04110/7W LED00005302,https://static.rangdongstore.vn/product/Den-LED/LED_Downlight/AT04-110-9W/1-AT04-110-9W.jpg?fm=webp&w=500,37,,,,190000,124000.0,,,,"Công suất: 7 W | Điện áp có thể hoạt động: 150V – 250 V | Dòng điện (Max): 90 mA | Hệ số công suất: 0,5 | Quang thông: 500/470 lm | Hiệu suất sáng: 71 lm/W | Hệ số trả màu (CRI): 80.0 | Tuổi thọ đèn: 20.000 giờ | Chu kỳ tắt bật: 50.000 lần | Mức tiêu thụ điện 1000 giờ: 7 kWh | Mức hiệu suất năng lượng: A+ | Đường kính: 138 mm | Chiều cao:  50 mm | Hàm lượng thủy ngân: 0 mg | Thời gian khởi động của đèn: < 0,5 giây | Đường kính lỗ khoét trần: 110 mm | Nguồn điện danh định: 220V/50Hz | Vật liệu thân: nhôm | Màu ánh sáng: 6500K/3000K | Góc chùm tia: 105 độ"
754,ĐÈN LED DOWNLIGHT ÂM TRẦN AT04 110/9W,AT04110/9W LED00050413,https://static.rangdongstore.vn/product/Den-LED/LED_Downlight/AT04-110-9W/1-AT04-110-9W.jpg?fm=webp&w=500,37,,,,203000,132000.0,,,,"Công suất: 9 W | Điện áp có thể hoạt động: 150V – 250 V | Dòng điện (Max): 110 mA | Hệ số công suất: 0,5 | Quang thông: 650/630 lm | Hiệu suất sáng: 72/70 lm/W | Hệ số trả màu (CRI): 80.0 | Tuổi thọ đèn: 20.000 giờ | Chu kỳ tắt bật: 50.000 lần | Mức tiêu thụ điện 1000 giờ: 9 kWh | Mức hiệu suất năng lượng: A+ | Đường kính: 138 mm | Chiều cao:  50 mm | Hàm lượng thủy ngân: 0 mg | Thời gian khởi động của đèn: < 0,5 giây | Đường kính lỗ khoét trần: 110 mm | Nguồn điện danh định: 220V/50Hz | Vật liệu thân: nhôm | Màu ánh sáng: 6500K/3000K | Góc chùm tia: 105 độ"
755,ĐÈN LED DOWNLIGHT ÂM TRẦN 110/12W AT04,AT04110/12W LED00046510,https://static.rangdongstore.vn/product/Den-LED/LED_Downlight/AT04-110-12W/2-AT04-110-12W.jpg?fm=webp&w=500,37,,,,216000,140000.0,,,,"Công suất: 12 W | Điện áp có thể hoạt động: 150V - 250V | Dòng điện (Max): 140 mA | Hệ số công suất: 0,5 | Quang thông: 930/910 lm | Hiệu suất sáng: 77/75 lm/W | Hệ số trả màu (CRI): 80.0 | Tuổi thọ đèn: 20.000 giờ | Chu kỳ tắt bật: 50.000 lần | Mức tiêu thụ điện 1000 giờ: 12 kWh | Mức hiệu suất năng lượng: A+ | Đường kính: 138 mm | Chiều cao: 50 mm | Hàm lượng thủy ngân: 0 mg | Thời gian khởi động của đèn: < 0,5 giây | Đường kính lỗ khoét trần: 110 mm | Nguồn điện danh định: 220V/50Hz | Vật liệu thân: Nhôm | Góc chùm tia: 105 độ | Nhiệu độ màu ánh sáng: 6500K/3000K"
756,ĐÈN LED DOWNLIGHT ÂM TRẦN 155/16W AT04,AT04155/16W LED00041877,https://static.rangdongstore.vn/product/Den-LED/LED_Downlight/AT04-155-16W/1-AT04-155-16W.jpg?fm=webp&w=500,37,,,,376000,244000.0,,,,"Công suất: 16W | Điện áp có thể hoạt động: 150V - 250V | Dòng điện (Max): 200 mA | Hệ số công suất: 0,5 | Quang thông: 1600 lm | Hiệu suất sáng: 79 lm/W | Hệ số trả màu (CRI): 80.0 | Tuổi thọ đèn: 20.000 giờ | Chu kỳ tắt bật: 50.000 lần | Mức tiêu thụ điện 1000 giờ: 16 kWh | Mức hiệu suất năng lượng: A+ | Đường kính: 180 mm | Chiều cao: 44 mm | Hàm lượng thủy ngân: 0 mg | Thời gian khởi động của đèn: < 0,5 giây | Đường kính lỗ khoét trần: 155 mm | Nguồn điện danh định: 220V/50Hz | Vật liệu thân: Nhôm | Góc chùm tia: 105 độ | Nhiệt độ màu ánh sáng: 6500K/3000K"
757,ĐÈN LED DOWNLIGHT ÂM TRẦN 155/25W AT04,AT04155/25W LED00041101,https://static.rangdongstore.vn/product/Den-LED/LED_Downlight/AT04-155-25W/1-AT04-155-25W.jpg?fm=webp&w=500,37,,,,438000,285000.0,,,,"Công suất: 25 W | Điện áp có thể hoạt động: 150V - 250V | Dòng điện (Max): 300 mA | Hệ số công suất: 0,5 | Quang thông: 2000 lm | Hiệu suất sáng: 80 lm/W | Hệ số trả màu (CRI): 80.0 | Tuổi thọ đèn: 20.000 giờ | Chu kỳ tắt bật: 50.000 lần | Mức tiêu thụ điện 1000 giờ: 25 kWh | Mức hiệu suất năng lượng: A+ | Đường kính: 180 mm | Chiều cao:  44 mm | Hàm lượng thủy ngân: 0 mg | Thời gian khởi động của đèn: < 0,5 giây | Đường kính lỗ khoét trần: 155 mm | Nguồn điện danh định: 220V/50Hz | Vật liệu thân: Nhôm | Góc chùm tia: 105 độ | Nhiệt độ màu ánh sáng: 6500K/3000K"
758,ĐÈN LED DOWNLIGHT AT04 90/10W,AT0490/10W LED00075514,https://static.rangdongstore.vn/241016025967/2024/10/16/1-AT04-90-7W.jpg?fm=webp&w=500,37,,,,182001,127000.0,,,,Công suất: 10W | Quang thông: 1000lm | Nhiệt độ màu: 6500K/4000K/3000K | Điện áp: 220V/50Hz | Kích thước (ØxH): (118x40)mm | ĐK lỗ khoét trần: 90 mm
759,ĐÈN LED DOWNLIGHT AT04 90/8W,AT0490/8W LED00075504,https://static.rangdongstore.vn/241016025967/2024/10/16/1-AT04-90-7W.jpg?fm=webp&w=500,37,,,,171000,120000.0,,,,Công suất: 8W | Quang thông: 800lm | Nhiệt độ màu: 6500K/4000K/3000K | Điện áp: 220V/50Hz | Kích thước (ØxH): (118x40)mm | ĐK lỗ khoét trần: 90 mm
760,ĐÈN LED DOWNLIGHT AT04 110/10W,AT04110/10W LED00077108,https://static.rangdongstore.vn/241016025967/2024/10/16/1-AT04-90-7W.jpg?fm=webp&w=500,37,,,,203000,142000.0,,,,Công suất: 10W | Quang thông: 1000lm | Nhiệt độ màu: 6500K/4000K/3000K | Điện áp: 220V/50Hz | Kích thước (ØxH): (138x50)mm | ĐK lỗ khoét trần: 110 mm
761,ĐÈN LED DOWNLIGHT ĐỔI MÀU AT28 110/10W,AT28110/10W LED00056440,https://static.rangdongstore.vn/230823013153/2023/08/23/at28-6.jpeg?fm=webp&w=500,37,,,,229000,149000.0,,,,"Công suất: 10W | Điện áp có thể hoạt động: 150V - 250V | Dòng điện (Max): 0,14 A | Hệ số công suất: 0,5 | Quang thông: 1000 lm | Hiệu suất sáng: 100 lm/W | Hệ số trả màu (CRI): 80.0 | Tuổi thọ đèn: 30.000giờ | Chu kỳ tắt bật: 50.000 lần | Mức tiêu thụ điện 1000 giờ: 10 kWh | Mức hiệu suất năng lượng: A+ | Đường kính: 138 mm | Chiều cao: 36 mm | Hàm lượng thủy ngân: 0 mg | Thời gian khởi động của đèn: < 0,5 giây | Đường kính lỗ khoét trần: 110 mm | Nguồn điện danh định: 220V/50Hz | Đổi 3 màu ánh sáng: 6500K/4000K/3000K | Vật liệu thân: Nhôm | Góc chùm tia: 110 độ"
762,ĐÈN LED DOWNLIGHT ĐỔI MÀU AT28 110/12W,AT28110/12W LED00056439,https://static.rangdongstore.vn/230624010460/2023/06/24/AT28_90.jpg?fm=webp&w=500,37,,,,240000,156000.0,,,,"Công suất: 12W | Điện áp có thể hoạt động: 150V - 250V | Dòng điện (Max): 0,16 A | Hệ số công suất: 0,5 | Quang thông: 1200 lm | Hiệu suất sáng: 100 lm/W | Hệ số trả màu (CRI): 80.0 | Tuổi thọ đèn: 30.000giờ | Chu kỳ tắt bật: 50.000 lần | Mức tiêu thụ điện 1000 giờ: 12 kWh | Mức hiệu suất năng lượng: A+ | Đường kính: 138 mm | Chiều cao: 36 mm | Hàm lượng thủy ngân: 0 mg | Thời gian khởi động của đèn: < 0,5 giây | Đường kính lỗ khoét trần: 110 mm | Nguồn điện danh định: 220V/50Hz | Đổi 3 màu ánh sáng: 6500K/4000K/3000K | Vật liệu thân: Nhôm | Góc chùm tia: 105 độ"
763,ĐÈN LED DOWNLIGHT ĐỔI MÀU AT28 90/8W,AT2890/8W LED00056441,https://static.rangdongstore.vn/230624010460/2023/06/24/AT28_90.jpg?fm=webp&w=500,37,,,,203000,132000.0,,,,"Công suất: 8W | Điện áp có thể hoạt động: 150V - 250V | Dòng điện (Max): 0,1 A | Hệ số công suất: 0,5 | Quang thông: 800 lm | Hiệu suất sáng: 100 lm/W | Hệ số trả màu (CRI): 80.0 | Tuổi thọ đèn: 30.000giờ | Chu kỳ tắt bật: 50.000 lần | Mức tiêu thụ điện 1000 giờ: 8 kWh | Mức hiệu suất năng lượng: A+ | Đường kính: 118 mm | Chiều cao: 36 mm | Hàm lượng thủy ngân: 0 mg | Thời gian khởi động của đèn: < 0,5 giây | Đường kính lỗ khoét trần: 90 mm | Nguồn điện danh định: 220V/50Hz | Đổi 3 màu ánh sáng: 6500K/4000K/3000K | Vật liệu thân: Nhôm | Góc chùm tia: 105 độ"
764,ĐÈN LED DOWNLIGHT AT06.V3 110/9W 6500K,AT06.V3110/9W LED00072532,https://static.rangdongstore.vn/241005025891/2024/10/05/AT06.V3-90-5W%20-2.jpg?fm=webp&w=500,37,,,,151000,106000.0,,,,"Công suất: 9W | Điện áp có thể hoạt động: (150 - 250)V | Dòng điện (Max): 0.11A | Hệ số công suất: 0,5 | Quang thông: 900 lm | Hiệu suất sáng: 100 lm/W | Nhiệt độ màu: 6500K/4000K/3000K | Hệ số trả màu (CRI): 80.0 | Tuổi thọ đèn: 25.000 giờ | Đường kính: 134 mm | Chiều cao: 31.4 mm"
765,ĐÈN LED DOWNLIGHT AT06.V3 90/5W 6500K,AT06.V390/5W LED00072533,https://static.rangdongstore.vn/241005025891/2024/10/05/AT06.V3-90-5W%20-2.jpg?fm=webp&w=500,37,,,,93000,65000.0,,,,"Công suất: 5W | Điện áp có thể hoạt động: (150 - 250)V | Dòng điện (Max): 0.07A | Hệ số công suất: 0,5 | Quang thông: 500 lm | Hiệu suất sáng: 100 lm/W | Nhiệt độ màu: 6500K/4000K/3000K | Hệ số trả màu (CRI): 80.0 | Tuổi thọ đèn: 25.000 giờ | Đường kính: 114 mm | Chiều cao: 31.4 mm"
766,ĐÈN LED DOWNLIGHT AT06.V3 90/7W 6500K,AT06.V390/7W6500K LED00072534,https://static.rangdongstore.vn/241005025891/2024/10/05/AT06.V3-90-5W%20-2.jpg?fm=webp&w=500,37,,,,110000,77000.0,,,,"Công suất: 7W | Điện áp có thể hoạt động: (150 - 250)V | Dòng điện (Max): 0.09A | Hệ số công suất: 0,5 | Quang thông: 700 lm | Hiệu suất sáng: 100 lm/W | Nhiệt độ màu: 6500K/4000K/3000K | Hệ số trả màu (CRI): 80.0 | Tuổi thọ đèn: 25.000 giờ | Đường kính: 114 mm | Chiều cao: 31.4 mm"
767,ĐÈN LED DOWNLIGHT ÂM TRẦN 90/7W AT10,AT1090/7W LED00039982,https://static.rangdongstore.vn/product/Den-LED/LED_Downlight/AT10-90-7W-G/2.jpg?fm=webp&w=500,37,,,,171000,111000.0,,,,"Công suất: 7 W | Điện áp có thể hoạt động: 150V – 250 V | Dòng điện (Max): 90 mA | Hệ số công suất: 0,5 | Quang thông: 700 lm | Hiệu suất sáng: 100 lm/W | Hệ số trả màu (CRI): 80.0 | Tuổi thọ đèn: 30.000 giờ | Chu kỳ tắt bật: 50.000 lần | Mức tiêu thụ điện 1000 giờ: 7 kWh | Mức hiệu suất năng lượng: A+ | Đường kính: 118 mm | Chiều cao:  33 mm | Hàm lượng thủy ngân: 0 mg | Thời gian khởi động của đèn: < 0,5 giây | Đường kính lỗ khoét trần: 90 mm | Nguồn điện danh định: 220V/50-60Hz | Vật liệu thân: nhôm | Màu ánh sáng: 6500K/3000K | Góc chùm tia: 105 độ"
768,ĐÈN LED DOWNLIGHT ÂM TRẦN 110/9W AT10,AT10110/9W LED00040174,https://static.rangdongstore.vn/2204005962/2022/04/11/den-led-downlight-at10-110-9w-3000k-g-dbc.jpeg?fm=webp&w=500,37,,,,203000,132000.0,,,,"Công suất: 9W | Điện áp có thể hoạt động: 150V - 250V | Dòng điện (Max): 110 mA | Hệ số công suất: 0,5 | Quang thông: 650/630 lm | Hiệu suất sáng: 100 lm/W | Hệ số trả màu (CRI): 80.0 | Tuổi thọ đèn: 30.000 giờ | Chu kỳ tắt bật: 50.000 lần | Mức tiêu thụ điện 1000 giờ: 9 kWh | Mức hiệu suất năng lượng: A+ | Đường kính: 138 mm | Chiều cao: 36 mm | Hàm lượng thủy ngân: 0 mg | Thời gian khởi động của đèn: < 0,5 giây | Đường kính lỗ khoét trần: 110 mm | Nguồn điện danh định: 220V/50Hz | Vật liệu thân: nhôm | Góc chùm tia: 105 độ  | Nhiê t đô ma u: 6500K/3000K"
769,ĐÈN LED DOWNLIGHT AT10 90/8W,AT1090/8W LED00078019,https://static.rangdongstore.vn/241016025968/2024/10/16/1.jpg?fm=webp&w=500,37,,,,171000,120000.0,,,,Công suất: 8W | Quang thông: 800lm | Nhiệt độ màu: 6500K/4000K/3000K | Điện áp: 220V/50Hz | Kích thước (ØxH): (118x33)mm | ĐK lỗ khoét trần: 90 mm
770,ĐÈN LED DOWNLIGHT AT10 110/10W,AT10110/10W LED00075750,https://static.rangdongstore.vn/2204248837/2022/04/24/1-AT10-DM-110-9W.jpg?fm=webp&w=500,37,,,,203000,142000.0,,,,No description
771,ĐÈN LED DOWNLIGHT AT12 125X125/9WX1.DA 4000K,AT12125x125/9Wx1.DA LED00025778,https://static.rangdongstore.vn/230314010310/2023/03/14/847ce4f5-561e-4a62-8d28-48a33c2c2bf2.jpeg?fm=webp&w=500,37,,,,860760,689000.0,,,,No description
772,ĐÈN LED DOWNLIGHT ÂM TRẦN ĐỔI MÀU 90/8W AT20 ĐM,AT20Đ90/8W LED00042294,https://static.rangdongstore.vn/product/Den-LED/LED_Downlight/AT20-DM-90-8W/1-AT20-DM-90-8W.jpg?fm=webp&w=500,37,,,,203000,132000.0,,,,"Công suất: 8 W | Điện áp có thể hoạt động: (150 - 250)V | Dòng điện (Max): 0.1 A | Hệ số công suất: 0,5 | Quang thông: 800 lm  | Hiệu suất sáng: 100 lm/W | Nhiệt độ màu: 6500K/3000K/4000K | Hệ số trả màu (CRI): 80.0 | Tuổi thọ đèn: 30.000 giờ | Chu kỳ tắt bật: 50.000 lần | Mức tiêu thụ điện 1000 giờ: 8 kWh | Mức hiệu suất năng lượng: A+ | Đường kính: 103 mm | Chiều cao: 45 mm | Hàm lượng thủy ngân: 0 mg | Thời gian khởi động của đèn: < 0,5 giây | Đường kính lỗ khoét trần: 90 mm | Nguồn điện danh định: 220V/50Hz | Vật liệu thân: Nhôm đúc"
773,ĐÈN LED DOWNLIGHT ÂM TRẦN ĐỔI MÀU 90/10W AT20 ĐM,AT20Đ90/10W LED00042297,https://static.rangdongstore.vn/product/Den-LED/LED_Downlight/AT20-DM-90-10W/2-AT20-DM-90-10W.jpg?fm=webp&w=500,37,,,,207000,135000.0,,,,"Công suất: 10W | Điện áp có thể hoạt động: (150 - 250)V | Dòng điện (Max): 0.14 A | Hệ số công suất: 0,5 | Quang thông: 1000 lm  | Hiệu suất sáng: 100 lm/W | Nhiệt độ màu: 6500K/3000K/4000K | Hệ số trả màu (CRI): 80.0 | Tuổi thọ đèn: 30.000 giờ | Chu kỳ tắt bật: 50.000 lần | Mức tiêu thụ điện 1000 giờ: 10 kWh | Mức hiệu suất năng lượng: A+ | Đường kính: 103 mm | Chiều cao: 45 mm | Hàm lượng thủy ngân: 0 mg | Thời gian khởi động của đèn: < 0,5 giây | Đường kính lỗ khoét trần: 90 mm | Nguồn điện danh định: 220V/50Hz | Vật liệu thân: Nhôm đúc"
774,ĐÈN LED DOWNLIGHT ÂM TRẦN ĐỔI MÀU 110/10W AT20 ĐM,AT20Đ110/10W LED00042298,https://static.rangdongstore.vn/product/Den-LED/LED_Downlight/AT20-DM-110-10W/1-AT20-110-10W.jpg?fm=webp&w=500,37,,,,229000,149000.0,,,,"Công suất: 10W | Điện áp có thể hoạt động: (150 - 250)V | Dòng điện (Max): 0.14 A | Hệ số công suất: 0,5 | Quang thông: 1000 lm  | Hiệu suất sáng: 100 lm/W | Nhiệt độ màu: 6500K/3000K/4000K | Hệ số trả màu (CRI): 80.0 | Tuổi thọ đèn: 30.000 giờ | Chu kỳ tắt bật: 50.000 lần | Mức tiêu thụ điện 1000 giờ: 10 kWh | Mức hiệu suất năng lượng: A+ | Đường kính: 103 mm | Chiều cao: 45 mm | Hàm lượng thủy ngân: 0 mg | Thời gian khởi động của đèn: < 0,5 giây | Đường kính lỗ khoét trần: 90 mm | Nguồn điện danh định: 220V/50Hz | Vật liệu thân: Nhôm đúc"
775,ĐÈN LED DOWNLIGHT ÂM TRẦN ĐỔI MÀU 110/12W AT20 ĐM,AT20Đ110/12W LED00042301,https://static.rangdongstore.vn/product/Den-LED/LED_Downlight/AT20-DM-110-10W/3-AT20-110-10W.jpg?fm=webp&w=500,37,,,,240000,156000.0,,,,"Công suất: 12W | Điện áp có thể hoạt động: (150 - 250)V | Dòng điện (Max): 0.16 A | Hệ số công suất: 0,5 | Quang thông: 1200 lm  | Hiệu suất sáng: 100 lm/W | Nhiệt độ màu: 6500K/3000K/4000K | Hệ số trả màu (CRI): 80.0 | Tuổi thọ đèn: 30.000 giờ | Chu kỳ tắt bật: 50.000 lần | Mức tiêu thụ điện 1000 giờ: 12 kWh | Mức hiệu suất năng lượng: A+ | Đường kính: 123 mm | Chiều cao: 45 mm | Hàm lượng thủy ngân: 0 mg | Thời gian khởi động của đèn: < 0,5 giây | Đường kính lỗ khoét trần: 110 mm | Nguồn điện danh định: 220V/50Hz | Vật liệu thân: Nhôm đúc"
776,ĐÈN LED ỐP TRẦN LN26 300/25W 6500K,LN26300/25W LED00057385,https://static.rangdongstore.vn/230728010910/2023/07/28/LN26%2018W-2.jpg?fm=webp&w=500,38,,,,324000,194000.0,,,,"Công suất: 25W | Nguồn điện danh định: 220V/50Hz | Điện áp có thể hoạt động: (170 – 250)V | Hệ số công suất: 0,5 | Quang thông: 1850/1650 | Hiệu suất sáng: 74/66 lm/W | Nhiệt độ màu ánh sáng:  6500K/3000K | Hệ số trả màu (CRI): 80.0 | Tuổi thọ đèn: 25.000 giờ | Chu kỳ tắt bật: 50.000 lần | Mức tiêu thụ điện 1000 giờ: 25 kWh | Mức hiệu suất năng lượng: A+ | Đường kính: 292 mm | Chiều cao: 44 mm | Dải nhiệt độ hoạt động: (-10 - 40) độ C | Cấp bảo vệ: IP54"
777,ĐÈN LED ỐP TRẦN LN26 250/18W 6500K,LN26250/18W LED00057384,https://static.rangdongstore.vn/230728010910/2023/07/28/LN26%2018W-2.jpg?fm=webp&w=500,38,,,,259000,155000.0,,,,No description
778,ĐÈN LED ỐP TRẦN LN29N 300X300/24W 6500K,LN29N300x300/24W LED00074052,https://static.rangdongstore.vn/240826020350/2024/08/26/LN29N-V1.jpg?fm=webp&w=500,38,,,,406000,284200.0,,,,No description
779,ĐÈN LED ỐP TRẦN LN29N 220X220/18W 6500K,LN29N220x220/18W LED00073793,https://static.rangdongstore.vn/240826020350/2024/08/26/LN29N-V1.jpg?fm=webp&w=500,38,,,,328000,229600.0,,,,No description
780,ĐÈN LED ỐP TRẦN LN29N 170X170/12W 6500K,LN29N170x170/12W LED00073678,https://static.rangdongstore.vn/240826020350/2024/08/26/LN29N-V1.jpg?fm=webp&w=500,38,,,,240000,168000.0,,,,No description
781,ĐÈN LED ỐP TRẦN ĐỔI MÀU LN30N 220/18W,LN30N220/18W LED00074352,https://static.rangdongstore.vn/240824019712/2024/08/24/LN30N-T1.jpg?fm=webp&w=500,38,,,,397000,277900.0,,,,No description
782,ĐÈN LED ỐP TRẦN ĐỔI MÀU LN29N 220X220/18W (B),LN29N220x220/18WB LED00078594,https://static.rangdongstore.vn/241214026897/2024/12/14/LN29N-DM-220x220-18W-VO-DEN-1.jpg?fm=webp&w=500,38,,,,397000,277900.0,,,,No description
783,ĐÈN LED ỐP TRẦN LN29N 220/18W 6500K (B),LN29N220/18W6500KB LED00078981,https://static.rangdongstore.vn/241214026896/2024/12/14/LN29N-220W-18W-VO-DEN-2.jpg?fm=webp&w=500,38,,,,328000,229600.0,,,,No description
784,ĐÈN LED ỐP TRẦN ĐỔI MÀU LN29N 300X300/24W,LN29N300x300/24W LED00074056,https://static.rangdongstore.vn/240826020350/2024/08/26/LN29N-V1.jpg?fm=webp&w=500,38,,,,512000,358400.0,,,,No description
785,ĐÈN LED ỐP TRẦN ĐỔI MÀU LN29N 220X220/18W,LN29NĐ220x220/18W LED00073797,https://static.rangdongstore.vn/240826020350/2024/08/26/LN29N-V1.jpg?fm=webp&w=500,38,,,,397000,277900.0,,,,No description
786,ĐÈN LED ỐP TRẦN ĐỔI MÀU LN29N 170X170/12W,LN29NĐ170x170/12W LED00073682,https://static.rangdongstore.vn/240826020350/2024/08/26/LN29N-V1.jpg?fm=webp&w=500,38,,,,281000,196700.0,,,,No description
787,ĐÈN LED DOWNLIGHT NỔI TRẦN NT03 120/10W 6500K,NT03120/10W LED00062353,https://static.rangdongstore.vn/230930014824/2023/09/30/NT03.jpg?fm=webp&w=500,38,,,,151000,91000.0,,,,No description
788,ĐÈN LED DOWNLIGHT NỔI TRẦN NT03 120/12W,NT03120/12W LED00057371,https://static.rangdongstore.vn/230930014824/2023/09/30/NT03.jpg?fm=webp&w=500,38,,,,160000,96000.0,,,,No description
789,ĐÈN LED ỐP TRẦN ĐỔI MÀU LN28 400/40W,LN28Đ400/40W LED00064859,https://static.rangdongstore.vn/231225016180/2023/12/25/LN28-DM-400-40W-1.jpg?fm=webp&w=500,38,,,,799000,479000.0,,,,No description
790,ĐÈN LED ỐP TRẦN ĐỔI MÀU LN30N 220X220/18W,LN30N220x220/18W LED00074359,https://static.rangdongstore.vn/240824019708/2024/08/24/LN30N-V1.jpg?fm=webp&w=500,38,,,,397000,277900.0,,,,"Dải nhiệt độ hoạt động: -10℃ đến 40℃ | Cấp bảo vệ: IP54 | Tần số danh định: 50Hz | Điện áp nguồn danh định: 220V/50Hz | Dải điện áp hoạt động: 150V-250V | Công suất danh định: 18W | Công suất tối đa: 19.8W | Dòng điện danh định đầu vào lớn nhất: 0.24A | Mã trắc quang: 830/777
865/777
840/777 | Nhiệt độ màu tương quan: 6500K
4000K
3000K | Quang thông danh định: 1450lm
1450lm
1300lm | Quang thông tối thiểu: 1305lm
1305lm
1170lm | Hiệu suất danh định: 80lm/W
80lm/W
72lm/W | Hệ số công suất danh định: 0.5 | Tuổi thọ danh định (L70 F50): 25.000h | Chỉ số thể hiện màu danh định: 80.0 | Góc chùm tia: 110.0 | Điện trở cách điện: 4MΩ | Độ bền điện: 1.5KV/1' | Kích thước: Đường kính: 220mm
Chiều cao: 42mm | Khối lượng: 410g | Tiêu chuẩn áp dụng: TCVN 7722-2-1/IEC 60598-2-1-1
TCVN 1088-2-1, IEC 62722-2-1 | Chủng loại LED: SSC | Số lượng LED: 44 pcs"
791,ĐÈN LED DOWNLIGHT NỔI TRẦN ĐỔI MÀU NT03 120/12W,NT03120/12W LED00069473,https://static.rangdongstore.vn/240626019259/2024/06/26/NT03%20(1).jpg?fm=webp&w=500,38,,,,203000,122000.0,,,,"Công suất: 12W | Nguồn điện danh định: 220V/50Hz | Điện áp có thể hoạt động: 150V - 250V | Hệ số công suất: 0,5 | Quang thông: 1080/970 lm (Vỏ trắng)/
960/860 lm(Vỏ đen) | Hiệu suất sáng: 90/80 lm/W (Vỏ trắng);
81/72 lm/W (Vỏ đen) | Hệ số trả màu (CRI): 80.0 | Tuổi thọ đèn: 25.000giờ | Đường kính: 120 mm | Chiều cao: 42 mm | Vật liệu vỏ: sắt sơn tĩnh điện | Dòng điện (Max): 0,16 A | Nhiệt độ màu: 6500K/4000K/3000K"
792,ĐÈN LED DOWNLIGHT NỔI TRẦN ĐỔI MÀU NT03 120/10W,NT03120/10W LED00069471,https://static.rangdongstore.vn/240626019259/2024/06/26/NT03%20(1).jpg?fm=webp&w=500,38,,,,194000,116000.0,,,,"Công suất: 10W | Nguồn điện danh định: 220V/50Hz | Điện áp có thể hoạt động: 150V - 250V | Hệ số công suất: 0,5 | Quang thông: 900/810 lm (Vỏ trắng);
800/720 lm (Vỏ đen) | Hiệu suất sáng: 90/81 lm/W (Vỏ trắng);
80/72 lm/W (Vỏ đen) | Hệ số trả màu (CRI): 80.0 | Tuổi thọ đèn: 25.000giờ | Đường kính: 120 mm | Chiều cao: 42 mm | Vật liệu vỏ: sắt sơn tĩnh điện | Dòng điện (Max): 0,12 A | Nhiệt độ màu: 6500K/4000K/3000K"
793,ĐÈN LED ỐP TRẦN LN29N 170/12W 6500K,LN29N170/12W LED00073547,https://static.rangdongstore.vn/240824019720/2024/08/24/LN29N-T1.jpg?fm=webp&w=500,38,,,,240000,168000.0,,,,"Công suất: 12W | Nguồn điện danh định: 220V/50Hz | Điện áp có thể hoạt động: (150 – 250)V | Hệ số công suất: 0,5 | Quang thông: 900/900/810 | Hiệu suất sáng: 75/75/68 | Nhiệt độ màu ánh sáng: 6500K/4000K/3000K | Hệ số trả màu (CRI): 80.0 | Tuổi thọ đèn: 25.000 giờ | Chiều cao: 42.5 mm | Dải nhiệt độ hoạt động: (-10 - 40) độ C | Cấp bảo vệ: IP54 | Chip LED: Hàn Quốc | Vật liệu: Nhựa | Chiều dài: 160 mm | Chiều rộng: 160 mm"
794,ĐÈN LED ỐP TRẦN LN29N 300/24W 6500K,LN29N300/24W LED00073801,https://static.rangdongstore.vn/240824019720/2024/08/24/LN29N-T1.jpg?fm=webp&w=500,38,,,,406000,284200.0,,,,"Công suất: 24W | Nguồn điện danh định: 220V/50Hz | Điện áp có thể hoạt động: (150 – 250)V | Hệ số công suất: 0,5 | Quang thông: 2000/2000/1800 | Hiệu suất sáng: 83/83/75 | Nhiệt độ màu ánh sáng:  6500K/4000K/3000K | Hệ số trả màu (CRI): 80.0 | Tuổi thọ đèn: 25.000 giờ | Đường kính: 282.5 mm | Chiều cao: 42.5 mm | Dải nhiệt độ hoạt động: (-10 - 40) độ C | Cấp bảo vệ: IP54 | Chip LED: Hàn Quốc | Vật liệu: Nhựa"
795,ĐÈN LED ỐP TRẦN LN29N 220/18W 6500K,LN29N220/18W LED00073726,https://static.rangdongstore.vn/240824019720/2024/08/24/LN29N-T1.jpg?fm=webp&w=500,38,,,,328000,229600.0,,,,No description
796,ĐÈN LED ỐP TRẦN LN30N 220X220/18W 6500K,LN30N220x220/18W LED00074355,https://static.rangdongstore.vn/240824019708/2024/08/24/LN30N-V1.jpg?fm=webp&w=500,38,,,,328000,229600.0,,,,"Công suất: 18W | Nguồn điện danh định: 220V/50Hz | Điện áp có thể hoạt động: (150 – 250)V | Hệ số công suất: 0,5 | Quang thông: 1450/1450/1300 | Hiệu suất sáng: 80/80/72 | Hệ số trả màu (CRI): 80.0 | Tuổi thọ đèn: 25.000 giờ | Chiều cao: 42.5 mm | Dải nhiệt độ hoạt động: (-10 - 40) độ C | Cấp bảo vệ: IP54 | Chip LED: Hàn Quốc | Vật liệu: Nhựa | Chiều dài: 220 mm | Chiều rộng: 220 mm | Đổi 3 màu: 6500K/4000K/3000K"
797,ĐÈN LED ỐP TRẦN LN12N 170/12W,LN12N170/12W LED00035983,https://static.rangdongstore.vn/220621009454/2022/06/21/3-LN12N-220-18W.jpg?fm=webp&w=500,38,,,,251000,175700.0,,,,"Công suất: 12W | Nguồn điện danh định: 220V/50Hz | Điện áp có thể hoạt động: (150 – 250)V | Hệ số công suất: 0,5 | Quang thông: 1000/1000/1000 | Hiệu suất sáng: 83/83/75 lm/W | Nhiệt độ màu ánh sáng:  6500K/4000K/3000K | Hệ số trả màu (CRI): 80.0 | Tuổi thọ đèn: 25.000 giờ | Chu kỳ tắt bật: 50.000 lần | Mức tiêu thụ điện 1000 giờ: 12 kWh | Mức hiệu suất năng lượng: A+ | Đường kính: 160 mm | Chiều cao: 36 mm | Dải nhiệt độ hoạt động: (-10 - 40) độ C | Cấp bảo vệ: IP54 | Chip LED: Samsung | Vật liệu: Nhựa"
798,ĐÈN LED ỐP TRẦN TRÒN ĐẾ NHỰA 220/18W LN12N,LN12N220/18W LED00035987,https://static.rangdongstore.vn/product/Den-LED/LED_Op_tran/LN12N-220-18W/1.jpg?fm=webp&w=500,38,,,,342000,239400.0,,,,"Công suất: 18W | Nguồn điện danh định: 220V/50Hz | Điện áp có thể hoạt động: (150 – 250)V | Hệ số công suất: 0,5 | Quang thông: 1400lm/1260lm | Hiệu suất sáng: 78/70 lm/W | Nhiệt độ màu ánh sáng:  6500K/3000K | Hệ số trả màu (CRI): 80.0 | Tuổi thọ đèn: 25.000 giờ | Chu kỳ tắt bật: 50.000 lần | Mức tiêu thụ điện 1000 giờ: 18 kWh | Mức hiệu suất năng lượng: A+ | Đường kính: 220 mm | Chiều cao: 36 mm | Dải nhiệt độ hoạt động: (-10-40) độ C | Cấp bảo vệ: IP54 | Chip LED: Samsung | Vật liệu: Nhựa"
799,ĐÈN LED ỐP TRẦN TRÒN ĐẾ NHỰA 300/24W LN12N,LN12N300/24W LED00035991,https://static.rangdongstore.vn/product/Den-LED/LED_Op_tran/LN12N-300-24W/1.jpg?fm=webp&w=500,38,,,,432000,302400.0,,,,"Công suất: 24W | Nguồn điện danh định: 220V/50Hz | Điện áp có thể hoạt động: (150 – 250)V | Hệ số công suất: 0,5 | Quang thông: 2000lm/1800lm | Hiệu suất sáng: 83/75 lm/W | Nhiệt độ màu ánh sáng:  6500K/3000K | Hệ số trả màu (CRI): 80.0 | Tuổi thọ đèn: 25.000 giờ | Chu kỳ tắt bật: 50.000 lần | Mức tiêu thụ điện 1000 giờ: 24 kWh | Mức hiệu suất năng lượng: A+ | Đường kính: 280 mm | Chiều cao: 43mm | Dải nhiệt độ hoạt động: (-10-40) độ C | Cấp bảo vệ: IP54 | Chip LED: Samsung | Vật liệu: Nhựa"
800,ĐÈN LED ỐP TRẦN LN30N 220/18W 6500K,LN30N220/18W LED00074347,https://static.rangdongstore.vn/240824019712/2024/08/24/LN30N-T1.jpg?fm=webp&w=500,38,,,,328000,229600.0,,,,"Công suất: 18W | Nguồn điện danh định: 220V/50Hz | Điện áp có thể hoạt động: (150 – 250)V | Hệ số công suất: 0,5 | Quang thông: 1450/1450/1300 | Hiệu suất sáng: 80/80/72 | Hệ số trả màu (CRI): 80.0 | Tuổi thọ đèn: 25.000 giờ | Chiều cao: 42.5 mm | Dải nhiệt độ hoạt động: (-10 - 40) độ C | Cấp bảo vệ: IP54 | Chip LED: Hàn Quốc | Vật liệu: Nhựa | Chiều dài: 220 mm | Chiều rộng: 220 mm | Đổi 3 màu: 6500K/4000K/3000K"
801,ĐÈN LED DOWNLIGHT NỔI TRẦN 90/10W NT01,NT0190/10W LED00048126-TR0100,https://static.rangdongstore.vn/product/Den-LED/LED_Downlight/NT01-90-10W/01.jpg?fm=webp&w=500,38,,,,320000,256000.0,,,,"Công suất: 10W | Nguồn điện danh định: 220V/(50-60)Hz | Điện áp có thể hoạt động: (150 – 250)V | Hệ số công suất: 0,5 | Quang thông: 720/800/800 lm | Hiệu suất sáng: 72/80/80 lm/W | Nhiệt độ màu ánh sáng:  3000K/4000K/6500K | Hệ số trả màu (CRI): 80.0 | Tuổi thọ đèn: 30.000 giờ | Chu kỳ tắt bật: 50.000 lần | Mức tiêu thụ điện 1000 giờ: 10 kWh | Mức hiệu suất năng lượng: A+ | Đường kính: 89 mm | Dải nhiệt độ hoạt động: (-10 - 40) độ C | Cấp bảo vệ: IP44 | Chip LED: COB | Vật liệu: Nhôm đúc | Chiều dài: 96 mm | Dòng điện Max: 0.12 A"
802,ĐÈN LED DOWNLIGHT NỔI TRẦN 110/10W NT01,NT01110/10W LED00048157-DE0100,https://static.rangdongstore.vn/product/Den-LED/LED_Downlight/NT01-110-10W/01.jpg?fm=webp&w=500,38,,,,370000,296000.0,,,,"Công suất: 10W | Nguồn điện danh định: 220V/(50-60)Hz | Điện áp có thể hoạt động: (150 – 250)V | Hệ số công suất: 0,5 | Quang thông: 720/800/800 lm | Hiệu suất sáng: 72/80/80 lm/W | Nhiệt độ màu ánh sáng:  3000K/4000K/6500K | Hệ số trả màu (CRI): 80.0 | Tuổi thọ đèn: 30.000 giờ | Chu kỳ tắt bật: 50.000 lần | Mức tiêu thụ điện 1000 giờ: 10 kWh | Mức hiệu suất năng lượng: A+ | Đường kính: 107 mm | Dải nhiệt độ hoạt động: (-10 - 40) độ C | Cấp bảo vệ: IP44 | Chip LED: COB | Vật liệu: Nhôm đúc | Chiều dài: 116 mm | Dòng điện Max: 0.12 A"
803,ĐÈN LED DOWNLIGHT NỔI TRẦN 110/12W NT01,NT01110/12W LED00050146-DE0100,https://static.rangdongstore.vn/product/Den-LED/LED_Downlight/NT01-110-12W/01.jpg?fm=webp&w=500,38,,,,380000,304000.0,,,,"Công suất: 12W | Nguồn điện danh định: 220V/(50-60)Hz | Điện áp có thể hoạt động: (150 – 250)V | Hệ số công suất: 0,5 | Quang thông: 840/936/936 lm | Hiệu suất sáng: 70/78/78 lm/W | Nhiệt độ màu ánh sáng:  3000K/4000K/6500K | Hệ số trả màu (CRI): 80.0 | Tuổi thọ đèn: 30.000 giờ | Chu kỳ tắt bật: 50.000 lần | Mức tiêu thụ điện 1000 giờ: 12 kWh | Mức hiệu suất năng lượng: A+ | Đường kính: 107 mm | Dải nhiệt độ hoạt động: (-10 - 40) độ C | Cấp bảo vệ: IP44 | Chip LED: COB | Vật liệu: Nhôm đúc | Chiều dài: 116 mm | Dòng điện Max: 0.15 A"
804,ĐÈN LED DOWNLIGHT NỔI TRẦN 110/15W NT01,NT01110/15W LED00048145-TR0100,https://static.rangdongstore.vn/product/Den-LED/LED_Downlight/NT01-110-15W/01.jpg?fm=webp&w=500,38,,,,390000,312000.0,,,,"Công suất: 15W | Nguồn điện danh định: 220V/(50-60)Hz | Điện áp có thể hoạt động: (150 – 250)V | Hệ số công suất: 0,5 | Quang thông: 945/1050/1050 lm | Hiệu suất sáng: 63/70/70 lm/W | Nhiệt độ màu ánh sáng:  3000K/4000K/6500K | Hệ số trả màu (CRI): 80.0 | Tuổi thọ đèn: 30.000 giờ | Chu kỳ tắt bật: 50.000 lần | Mức tiêu thụ điện 1000 giờ: 15 kWh | Mức hiệu suất năng lượng: A+ | Đường kính: 107 mm | Dải nhiệt độ hoạt động: (-10 - 40) độ C | Cấp bảo vệ: IP44 | Chip LED: COB | Vật liệu: Nhôm đúc | Chiều dài: 116 mm | Dòng điện Max: 0.17 A"
805,ĐÈN LED ỐP TRẦN LN12.RAD 220/18W (HL) 6500K,LN12.RAD220/18WHL LED00032012,https://static.rangdongstore.vn/2204006437/2022/04/11/den-led-op-tran-ln12-rad-220-18w-hl-6500k-2xz.jpeg?fm=webp&w=500,38,,,,471000,329700.0,,,,"Công suất: 18W | Nguồn điện danh định: 220V/50Hz | Điện áp có thể hoạt động: 150V – 250 V | Hệ số công suất: 0,5 | Quang thông: 1260 lm | Hiệu suất sáng: 70 lm/W | Nhiệt độ màu ánh sáng:  6500K/3000K | Hệ số trả màu (CRI): 80.0 | Tuổi thọ đèn: 25.000 giờ | Chu kỳ tắt bật: 50.000 lần | Mức tiêu thụ điện 1000 giờ: 18 kWh | Mức hiệu suất năng lượng: A+ | Đường kính: 220 mm | Chiều cao: 36 mm | Dòng điện (Max): 220 mA | Vật liệu: Nhôm đúc màu trắng | Thay thế bộ đèn ốp trần compact: 30W | Thay thế bộ đèn ốp trần ốp sợi đốt: 100W | Hàm lượng thủy ngân: 0 mg | Thời gian khởi động của đèn: < 0,5 giây"
806,ĐÈN LED ỐP TRẦN TRÒN CẢM BIẾN CHUYẾN ĐỘNG 220/18W LN12.RAD (WC),LN12.RAD220/18WWC LED00034751,https://static.rangdongstore.vn/product/Den-LED/LED_Op_tran/LN12N-DM-170-12W/LN12N-DM-170-12W.jpg?fm=webp&w=500,38,,,,471000,329700.0,,,,"Công suất: 18W | Nguồn điện danh định: 220V/50-60Hz | Điện áp có thể hoạt động: 150V – 250 V | Hệ số công suất: 0,5 | Quang thông: 1260/1400 lm | Hiệu suất sáng: 70/78 lm/W | Nhiệt độ màu ánh sáng:  3000K/6500K | Hệ số trả màu (CRI): 80.0 | Tuổi thọ đèn: 25.000 giờ | Chu kỳ tắt bật: 50.000 lần | Mức tiêu thụ điện 1000 giờ: 18 kWh | Mức hiệu suất năng lượng: A+ | Đường kính: 220 mm | Chiều cao: 36 mm | Dòng điện (Max): 220 mA | Vật liệu: Nhôm đúc màu trắng | Thay thế bộ đèn ốp trần compact: 30W | Thay thế bộ đèn ốp trần ốp sợi đốt: 100W | Hàm lượng thủy ngân: 0 mg | Thời gian khởi động của đèn: < 0,5 giây"
807,ĐÈN LED ỐP TRẦN TRÒN 160/9W LN05,LN05160/9W LED00005340,https://static.rangdongstore.vn/230731010940/2023/07/31/1-LN05L-160-9W.jpg?fm=webp&w=500,38,,,,171000,103000.0,,,,"Công suất: 9W | Nguồn điện danh định: 220V/50Hz | Điện áp có thể hoạt động: 198V – 242 V | Hệ số công suất: 0,5 | Quang thông: 600 lm | Hiệu suất sáng: 67 lm/W | Hệ số trả màu (CRI): 80.0 | Tuổi thọ đèn: 15.000 giờ | Chu kỳ tắt bật: 50.000 lần | Mức tiêu thụ điện 1000 giờ: 9 kWh | Mức hiệu suất năng lượng: A | Đường kính: 160 mm | Chiều cao: 48 mm | Dòng điện (Max): 100 mA | Vật liệu: nhựa | Thay thế bộ đèn ốp trần compact: 15W | Thay thế bộ đèn ốp trần ốp sợi đốt: 60W | Hàm lượng thủy ngân: 0 mg | Thời gian khởi động của đèn: < 0,5 giây | Màu ánh sáng: trắng/vàng"
808,ĐÈN LED ỐP TRẦN ĐỔI MÀU LN29N 170/12W,LN29NĐ170/12W LED00073551,https://static.rangdongstore.vn/240824019720/2024/08/24/LN29N-T1.jpg?fm=webp&w=500,38,,,,281000,196700.0,,,,"Công suất: 12W | Nguồn điện danh định: 220V/50Hz | Điện áp có thể hoạt động: (150 – 250)V | Hệ số công suất: 0,5 | Quang thông: 900/900/810lm | Hiệu suất sáng: 75/75/68 lm/W | Hệ số trả màu (CRI): 80.0 | Tuổi thọ đèn: 25.000 giờ | Đường kính: 160 mm | Chiều cao: 42.5 mm | Dải nhiệt độ hoạt động: (-10 - 40) độ C | Cấp bảo vệ: IP54 | Chip LED: Hàn Quốc | Vật liệu: Nhựa | Đổi 3 màu ánh sáng: Trắng/Vàng/Trung tính"
809,ĐÈN LED ỐP TRẦN ĐỔI MÀU LN29N 220/18W,LN29NĐ220/18W LED00073792,https://static.rangdongstore.vn/240824019720/2024/08/24/LN29N-T1.jpg?fm=webp&w=500,38,,,,397000,277900.0,,,,No description
810,ĐÈN LED ỐP TRẦN ĐỔI MÀU LN29N 300/24W,LN29NĐ300/24W LED00074039,https://static.rangdongstore.vn/240824019720/2024/08/24/LN29N-T1.jpg?fm=webp&w=500,38,,,,512000,358400.0,,,,"Công suất: 24W | Nguồn điện danh định: 220V/50Hz | Điện áp có thể hoạt động: (150 – 250)V | Hệ số công suất: 0,5 | Quang thông: 2000/2000/1800lm | Hiệu suất sáng: 83/83/75 lm/W | Hệ số trả màu (CRI): 80.0 | Tuổi thọ đèn: 25.000 giờ | Đường kính: 282.5 mm | Chiều cao: 42.5 mm | Dải nhiệt độ hoạt động: (-10 - 40) độ C | Cấp bảo vệ: IP54 | Chip LED: Hàn Quốc | Vật liệu: Nhựa | Đổi 3 màu ánh sáng: Trắng/Vàng/Trung tính"
811,ĐÈN LED ỐP TRẦN ĐỔI MÀU LN26 360/36W,LN26360/36W LED00057158,https://static.rangdongstore.vn/230728010899/2023/07/28/LN26_36W-1.jpg?fm=webp&w=500,38,,,,540000,324000.0,,,,"Công suất: 36W | Nguồn điện danh định: 220V/50Hz | Điện áp có thể hoạt động: (170 – 250)V | Hệ số công suất: 0,5 | Quang thông: 2660/2660/2380 | Hiệu suất sáng: 74/66/66 lm/W | Nhiệt độ màu ánh sáng:  6500K/4000K/3000K | Hệ số trả màu (CRI): 80.0 | Tuổi thọ đèn: 25.000 giờ | Chu kỳ tắt bật: 50.000 lần | Mức tiêu thụ điện 1000 giờ: 36 kWh | Mức hiệu suất năng lượng: A+ | Đường kính: 360 mm | Chiều cao: 50 mm | Dải nhiệt độ hoạt động: (-10 - 40) độ C | Cấp bảo vệ: IP54"
812,ĐÈN LED ỐP TRẦN TRÒN 500/40W ĐIỀU KHIỂN BLUETOOTH LN21.BLE,LN21.BLE500/40W LED00034313,https://static.rangdongstore.vn/product/Den-LED/LED_Op_tran/LN21-BLE-500-40W/1.jpg?fm=webp&w=500,39,,,,2398000,2278000.0,,,,"Nguồn điện danh định: 220V/50-60Hz | Công suất: 40W | Góc chùm tia: 105 độ | Điện áp có thể hoạt động: 150 V - 250 V | Dòng điện (Max): 0,4 A | Hệ số công suất: 0,9 | Quang thông: 2800  lm | Hiệu suất sáng: 70 lm/W | Nhiệt độ màu ánh sáng: 3000K - 6500K | Hệ số trả màu (CRI): 80 | Tuổi thọ đèn: 25.000 giờ | Chu kỳ tắt bật: 50.000 lần | Mức tiêu thụ điện 1000 giờ: 40kWh | Mức hiệu suất năng lượng: A+ | Đường kính: 500 mm | Chiều cao: 120 mm | Hàm lượng thủy ngân: 0 mg | Thời gian khởi động của đèn: < 0,5 giây"
813,ĐÈN LED ỐP TRẦN TRÒN ĐỔI MÀU 490/40W ĐIỀU KHIỂN BLUETOOTH LN19.BLE,LN19.BLE490/40W LED00034311,https://static.rangdongstore.vn/product/Den-LED/LED_Op_tran/LN19-BLE-490-40W/1.jpg?fm=webp&w=500,39,,,,2398000,2278000.0,,,,"Nguồn điện danh định: 220V/50-60Hz | Công suất: 40W | Góc chùm tia: 105 độ | Điện áp có thể hoạt động: 150 V - 250 V | Dòng điện (Max): 0,4 A | Hệ số công suất: 0,9 | Quang thông: 2800  lm | Hiệu suất sáng: 70 lm/W | Nhiệt độ màu ánh sáng: 3000K - 6500K | Hệ số trả màu (CRI): 80 | Tuổi thọ đèn: 25.000 giờ | Chu kỳ tắt bật: 50.000 lần | Mức tiêu thụ điện 1000 giờ: 40kWh | Mức hiệu suất năng lượng: A+ | Đường kính: 490 mm | Chiều cao: 120 mm | Hàm lượng thủy ngân: 0 mg | Thời gian khởi động của đèn: < 0,5 giây"
814,ĐÈN LED ỐP TRẦN ĐỔI MÀU LN28.BLE 400/40W,LN28.BLE400/40W LED00062096,https://static.rangdongstore.vn/240123016759/2024/01/23/LN28.BLE-1.jpg?fm=webp&w=500,39,,,,1426000,1355000.0,,,,"Nguồn điện danh định: 220V/50Hz | Công suất: 40W | Điện áp có thể hoạt động: (170 – 250)V | Hệ số công suất: 0,5 | Hệ số trả màu (CRI): 80 | Tuổi thọ đèn: 25.000 giờ | Chu kỳ tắt bật: 50.000 lần | Mức tiêu thụ điện 1000 giờ: 40 kWh | Mức hiệu suất năng lượng: A+ | Chiều cao: 70mm | Quang thông danh định: 2800 lm(6500K) | Hiệu suất sáng danh định: 70 lm/W | Nhiệt độ màu tương quan (CCT): 3000-6500K | Chiều dài: 400 mm | Chiều rộng: 400mm | Dải nhiệt độ hoạt động: (-10 - 40) độ C | Cấp bảo vệ: IP54 | Khối lượng: 1.1 kg | LED sử dụng: Hàn Quốc | Tiêu chuẩn áp dụng: TCVN 10885-2-1/IEC 62722-2-1
TCVN 7722-1/IEC 60598-1"
815,ĐÈN LED ỐP TRẦN TRÒN ĐỔI MÀU 500/40W ĐIỀU KHIỂN BLUETOOTH LN20.BLE,LN20.BLE500/40W LED00034312,https://static.rangdongstore.vn/product/Den-LED/LED_Op_tran/LN20-BLE-500-40W/1.jpg?fm=webp&w=500,39,,,,2398000,2278000.0,,,,"Nguồn điện danh định: 220V/50-60Hz | Công suất: 40W | Góc chùm tia: 105 độ | Điện áp có thể hoạt động: 150 V - 250 V | Dòng điện (Max): 0,4 A | Hệ số công suất: 0,9 | Quang thông: 2800  lm | Hiệu suất sáng: 70 lm/W | Nhiệt độ màu ánh sáng: 3000K - 6500K | Hệ số trả màu (CRI): 80 | Tuổi thọ đèn: 25.000 giờ | Chu kỳ tắt bật: 50.000 lần | Mức tiêu thụ điện 1000 giờ: 40kWh | Mức hiệu suất năng lượng: A+ | Đường kính: 500 mm | Chiều cao: 120 mm | Hàm lượng thủy ngân: 0 mg | Thời gian khởi động của đèn: < 0,5 giây"
816,ĐÈN LED ỐP TRẦN TRÒN 500/40W ĐIỀU KHIỂN BLUETOOTH LN22.BLE,LN22.BLE500/40W LED00034314,https://static.rangdongstore.vn/product/Den-LED/LED_Op_tran/LN22-BLE-500-40W/LN22-BLE-500-40W%20(1).jpg?fm=webp&w=500,39,,,,2398000,2278000.0,,,,"Nguồn điện danh định: 220V/50-60Hz | Công suất: 40W | Góc chùm tia: 105 độ | Điện áp có thể hoạt động: 150 V - 250 V | Dòng điện (Max): 0,4 A | Hệ số công suất: 0,9 | Quang thông: 2800  lm | Hiệu suất sáng: 70 lm/W | Nhiệt độ màu ánh sáng: 3000K - 6500K | Hệ số trả màu (CRI): 80 | Tuổi thọ đèn: 25.000 giờ | Chu kỳ tắt bật: 50.000 lần | Mức tiêu thụ điện 1000 giờ: 40kWh | Mức hiệu suất năng lượng: A+ | Đường kính: 500 mm | Chiều cao: 120 mm | Hàm lượng thủy ngân: 0 mg | Thời gian khởi động của đèn: < 0,5 giây"
817,Ổ CẮM ĐA NĂNG 3M OC02 4C/3M/10A,OC024C/3/10A LED00042291,https://static.rangdongstore.vn/product/Den-LED/o_cam_keo_dai/X4-1.jpg?fm=webp&w=500,40,,,,216000,123000.0,,,,Chiều dài dây: 5m | Kích thước (DxRxC): (270x60x35) mm | Khối lượng: 0.4 kg | Điện áp hoạt động tối đa: 250VAC                     | Dòng điện Ổ Cắm tối đa: 10A | Công suất Ổ Cắm tối đa: 2500W | Dải nhiệt độ hoạt động: (-10-45)°C | Chuẩn kết nối: Wifi | Màu sắc: Trắng
818,Ổ CẮM ĐA NĂNG 5M OC02 4C/5M/10A,OC024C/5/10A LED00042292,https://static.rangdongstore.vn/230103010118/2023/01/03/X4-1.webp?fm=webp&w=500,40,,,,248000,141000.0,,,,Chiều dài dây: 5m | Kích thước (DxRxC): (270x60x35) mm | Khối lượng: 0.55 kg | Điện áp hoạt động tối đa: 250VAC              | Dòng điện Ổ Cắm tối đa: 10A | Công suất Ổ Cắm tối đa: 2500W | Dải nhiệt độ hoạt động: (-10-45)°C | Chuẩn kết nối: Wifi | Màu sắc: Trắng
819,Ổ CẮM ĐA NĂNG USB 3M OC02.USB 3C/3M/10A,OC02.USB3C/3/10A LED00042289,https://static.rangdongstore.vn/product/Den-LED/Led_Bluetooth/OC02.USB/OC02.USB-2.jpg?fm=webp&w=500,40,,,,302000,172000.0,,,,Chiều dài dây: 5m | Kích thước (DxRxC): (270x60x35) mm | Khối lượng: 0.4 kg | Dòng điện Ổ Cắm tối đa: 10A | Công suất Ổ Cắm tối đa: 2500W | Dải nhiệt độ hoạt động: (-10-45)°C | Dải điện áp hoạt động: (150-250)V/50Hz               | Điện áp danh định sạc USB: 5V | Dòng điện ra lớn nhất sạc USB: 2A | Chuẩn kết nối: Wifi | Màu sắc: Trắng
820,Ổ CẮM ĐA NĂNG USB 5M OC02.USB 3C/5M/10A,OC02.USB3C/5/10A LED00042290,https://static.rangdongstore.vn/product/Den-LED/Led_Bluetooth/OC02.USB/OC02.USB-2.jpg?fm=webp&w=500,40,,,,335000,191000.0,,,,Chiều dài dây: 5m | Kích thước (DxRxC): (270x60x35) mm | Khối lượng: 0.55 kg | Dòng điện Ổ Cắm tối đa: 10A | Công suất Ổ Cắm tối đa: 2500W | Dải nhiệt độ hoạt động: (-10-45)°C | Dải điện áp hoạt động: (150-250)V/50Hz               | Điện áp danh định sạc USB: 5V | Dòng điện ra lớn nhất sạc USB: 2A | Chuẩn kết nối: Wifi | Màu sắc: Trắng
821,Ổ CẮM WIFI 3M OC02.WF,OC02.WF3C/3/10A LED00042287,https://static.rangdongstore.vn/product/Den-LED/Led_Bluetooth/OC02.WF/OC02.WF-2.jpg?fm=webp&w=500,40,,,,440000,308000.0,,,,Chiều dài dây: 5m | Kích thước (DxRxC): (270x60x35) mm | Khối lượng: 0.4 kg | Dải nhiệt độ hoạt động: (-10-45)°C | Dải điện áp hoạt động: (150-250)V/50Hz                     | Chuẩn kết nối: Wifi | Phạm vi kết nối: < 40m | Dòng điện ổ cắm tối đa: 10A | Công suất ổ cắm tối đa: 2500W | Số chu kỳ bật tắt: 100.000 lần | Màu sắc: Trắng
822,Ổ CẮM WIFI 3M OC02.WF,OC02.WF3C/3/10A LED00042288,https://static.rangdongstore.vn/product/Den-LED/Led_Bluetooth/OC02.WF/OC02.WF-2.jpg?fm=webp&w=500,40,,,,473000,331000.0,,,,Chiều dài dây: 3m | Kích thước (DxRxC): (270x60x35) mm | Khối lượng: 0.4 kg | Dải nhiệt độ hoạt động: (-10-45)°C | Dải điện áp hoạt động: (150-250)V/50Hz                     | Chuẩn kết nối: Wifi | Phạm vi kết nối: < 40m | Dòng điện ổ cắm tối đa: 10A | Công suất ổ cắm tối đa: 2500W | Số chu kỳ bật tắt: 100.000 lần | Màu sắc: Trắng
823,Ổ CẮM WIFI ĐƠN OC.01.WF 16A,OC.01.WF16A LED00039569,https://static.rangdongstore.vn/2204006736/2022/04/11/o-cam-wifi-don-oc-01-wf-16a-amm.jpeg?fm=webp&w=500,40,,,,310000,217000.0,,,,Dải điện áp hoạt động: (150 - 250) V | Dòng điện ổ cắm tối đa: 16A | Công nghệ kết nối: Kết nối không dây Wifi | Số lần bật tắt: 100.000 lần | Nguồn điện danh định: 220V/50Hz | Màu sắc: Trắng
824,Ổ CẮM THÔNG MINH WIFI OC08.WF.USB 3C/10A,OC08.WF.USB3C/10A LED00062577,https://static.rangdongstore.vn/231222016137/2023/12/22/OC08.WF.USB_3C_10A_2.jpg?fm=webp&w=500,40,,,,792000,712800.0,,,,"Chiều dài dây: 2m | Kích thước (DxRxC): (162x97x33) mm | Dải nhiệt độ hoạt động: (-10-40)°C | Dải điện áp hoạt động: (100-250)V/50-60Hz | Chuẩn kết nối: WIFI | Phạm vi kết nối: < 20m | Dòng điện ổ cắm tối đa: 10A | Công suất ổ cắm tối đa: 2500W | Màu sắc: Trắng | Sạc nhanh PD: 5V-3A, 9V-2.2A, 12V-1.67A 20W (Max) | Sạc nhanh QC3 0: 5V-3A, 9V-2A, 12V-1.5A 18W (Max)"
825,Ổ CẮM THÔNG MINH WIFI OC08.WF.USB 3C/10A,OC08.WF.USB3C/10A LED00062578,https://static.rangdongstore.vn/231222016138/2023/12/22/OC08.WF.USB_3C_10A_1.jpg?fm=webp&w=500,40,,,,792000,712800.0,,,,"Chiều dài dây: 2m | Kích thước (DxRxC): (162x97x33) mm | Dải nhiệt độ hoạt động: (-10-40)°C | Dải điện áp hoạt động: (100-250)V/50-60Hz | Chuẩn kết nối: WIFI | Phạm vi kết nối: < 20m | Dòng điện ổ cắm tối đa: 10A | Công suất ổ cắm tối đa: 2500W | Màu sắc: Trắng | Sạc nhanh PD: 5V-3A, 9V-2.2A, 12V-1.67A 20W (Max) | Sạc nhanh QC3 0: 5V-3A, 9V-2A, 12V-1.5A 18W (Max)"
826,Ổ CẮM THÔNG MINH WIFI OC09.WF.USB 5C/10A,OC09.WF.USB5C/10A LED00062580,https://static.rangdongstore.vn/231222016112/2023/12/22/OC09.WF.USB_5C_10A_1.jpg?fm=webp&w=500,40,,,,825000,742500.0,,,,"Chiều dài dây: 2m | Kích thước (DxRxC): (277x81x34) mm | Dải nhiệt độ hoạt động: (-10-40)°C | Dải điện áp hoạt động: (100-250)V/50-60Hz                     | Chuẩn kết nối: WIFI | Phạm vi kết nối: < 20m | Dòng điện ổ cắm tối đa: 10A | Công suất ổ cắm tối đa: 2500W | Màu sắc: Trắng | Sạc nhanh PD: 5V-3A, 9V-2.2A, 12V-1.67A 20W (Max) | Sạc nhanh QC3 0: 5V-3A, 9V-2A, 12V-1.5A 18W (Max)"
827,Ổ CẮM THÔNG MINH WIFI OC09.WF.USB 5C/10A,OC09.WF.USB5C/10A LED00062579,https://static.rangdongstore.vn/231222016111/2023/12/22/OC09.WF.USB_5C_10A_2.jpg?fm=webp&w=500,40,,,,825000,742500.0,,,,"Chiều dài dây: 2m | Kích thước (DxRxC): (277x81x34) mm | Dải nhiệt độ hoạt động: (-10-40)°C | Dải điện áp hoạt động: (100-250)V/50-60Hz                     | Chuẩn kết nối: WIFI | Phạm vi kết nối: < 20m | Dòng điện ổ cắm tối đa: 10A | Công suất ổ cắm tối đa: 2500W | Sạc nhanh PD: 5V-3A, 9V-2.2A, 12V-1.67A 20W (Max) | Sạc nhanh QC3 0: 5V-3A, 9V-2A, 12V-1.5A 18W (Max)"
828,BÌNH NƯỚC CẦM TAY 0.6L RD-06P1,RD-06P1 PHN00013661-XA0200,https://static.rangdongstore.vn/220601009288/2022/06/01/07P1-11.jpg?fm=webp&w=500,41,,,,147000,102900.0,,,,"Dung tích: 600 ml | Vật liệu: vỏ nhựa PC, nắp nhựa PP | Số lượng bao gói thùng: 24 cái | Kích thước thùng: (455 x 305 x 243) mm | Khối lượng: 5.5 (kg)"
829,BÌNH NƯỚC CẦM TAY 1L RD-10P1,RD-10P1 PHN00014348-XA0100,https://static.rangdongstore.vn/product/Phich/10P1/10P1-1.jpg?fm=webp&w=500,41,,,,173000,121100.0,,,,"Dung tích: 1000 ml | Vật liệu: thân nhựa PC, nắp nhựa PP | Số lượng bao gói thùng: 24 cái | Kích thước thùng: (545 x 365 x 252) mm"
830,BÌNH NƯỚC CẦM TAY RD 045G3,RD045G3 PHN00023091,https://static.rangdongstore.vn/230808011222/2023/08/08/f118db09-b806-4c9d-ba4a-f808b395841e.jpg?fm=webp&w=500,41,,,,102000,71400.0,,,,"Dung tích: 450 ml | Vật liệu: Thân bình thủy tinh, nắp nhựa PP, gioăng silicone | Số lượng bao gói thùng: ....... cái | Kích thước thùng: (..... x ..... x ...) mm"
831,BÌNH NƯỚC CẦM TAY 12P2,12P2 PHN00025207,https://static.rangdongstore.vn/240522018571/2024/05/22/12P2-1.jpg?fm=webp&w=500,41,,,,173000,121100.0,,,,"Dung tích: 1200 ml | Vật liệu: thân nhựa PC, nắp nhựa PP | Số lượng bao gói thùng: 24 cái | Kích thước thùng: (637x 426 x 280) mm"
832,BÌNH NƯỚC CẦM TAY 1.2L RD-12P1,RD-12P1 PHN00014349-TI0100,https://static.rangdongstore.vn/product/Phich/12P1/12P1-1.jpg?fm=webp&w=500,41,,,,181000,126700.0,,,,"Dung tích: 1200 ml | Vật liệu: thân nhựa PC, nắp nhựa PP | Số lượng bao gói thùng: 24 cái | Kích thước thùng: (575 x 385 x 279) mm"
833,BÌNH NƯỚC CẦM TAY RD-07P3,RD-07P3 PHN00022009-HO0100,https://static.rangdongstore.vn/230808011209/2023/08/08/RD-07P3-1.jpg?fm=webp&w=500,41,,,,119000,83300.0,,,,"Dung tích: 700 ml | Vật liệu: vỏ nhựa PC, nắp nhựa PP | Số lượng bao gói thùng: 24 cái | Kích thước thùng: (440 x 295 x 264) mm | Khối lượng: 5.3 (kg)"
834,BÌNH NƯỚC CẦM TAY 0.45L RD-045G2,RD-045G2 PHN00014963,https://static.rangdongstore.vn/product/Phich/RD-045G2/RD-045G2-1.jpg?fm=webp&w=500,41,,,,102000,87000.0,,,,"Dung tích: 450 ml | Vật liệu: Thân bình thủy tinh, nắp nhựa ABS, gioăng silicone | Số lượng bao gói thùng: 24 cái | Kích thước thùng: (435 x 295 x 212) mm"
835,BÌNH NƯỚC CẦM TAY 0.7L RD-07P1,RD-07P1 PHN00012410-XA0100,https://static.rangdongstore.vn/product/Phich/07_P1/07P1-3.jpg?fm=webp&w=500,41,,,,151000,105700.0,,,,"Dung tích: 700 ml | Vật liệu: vỏ nhựa PC, nắp nhựa PP | Số lượng bao gói thùng: 24 cái | Kích thước thùng: (455 x 305 x 272) mm | Khối lượng: 5.5 (kg)"
836,BÌNH NƯỚC CẦM TAY 0.45L RD-045G1,RD-045G1 PHN00014962,https://static.rangdongstore.vn/product/Phich/RD-045G1/RD-045G1-1.jpg?fm=webp&w=500,41,,,,120000,84000.0,,,,"Dung tích: 450 ml | Vật liệu: Thân bình thủy tinh, nắp nhựa ABS, gioăng silicone | Số lượng bao gói thùng: 24 cái | Kích thước thùng: (435 x 295 x 212) mm"
837,BÌNH NƯỚC CẦM TAY RD-07P2,07P2 PHN00021497-XA0100,https://static.rangdongstore.vn/230329010328/2023/03/29/RD-05P2-1.jpg?fm=webp&w=500,41,,,,119000,83300.0,,,,"Dung tích: 700 ml | Vật liệu: vỏ nhựa PC, nắp nhựa PP | Số lượng bao gói thùng: 24 cái | Kích thước thùng: (440 x 295 x 264) mm | Khối lượng: 5.3 (kg)"
838,BÌNH NƯỚC RD-05P2.QT (HỘP QUÀ TẶNG & DÂY TREO),RD-05P2.QThộpquàtặng&âytr PHN00022094-XA0100,https://static.rangdongstore.vn/230504010375/2023/05/04/05P2.QT.jpg?fm=webp&w=500,41,,,,132000,79000.0,,,,"Dung tích: 500 ml | Vật liệu: vỏ nhựa PC, nắp nhựa PP | Số lượng bao gói thùng: 24 cái | Kích thước thùng: (440 x 295 x 208) mm | Khối lượng: 4.5 (kg)"
839,BÌNH NƯỚC CẦM TAY RD-05P3,RD-05P3 PHN00023120-XA0100,https://static.rangdongstore.vn/230808011210/2023/08/08/RD-05P3.jpg?fm=webp&w=500,41,,,,104000,72800.0,,,,"Dung tích: 500 ml | Vật liệu: vỏ nhựa PC, nắp nhựa PP | Số lượng bao gói thùng: 24 cái | Kích thước thùng: (460 x 307 x 224) mm | Khối lượng: 4.5 (kg)"
840,BÌNH NƯỚC CẦM TAY 10P2,10P2 PHN00025206,https://static.rangdongstore.vn/240328017492/2024/03/28/10P2-1.jpg?fm=webp&w=500,41,,,,162000,113400.0,,,,"Dung tích: 1000 ml | Vật liệu: thân nhựa PC, nắp nhựa PP | Số lượng bao gói thùng: 24 cái | Kích thước thùng: (578 x 386 x 275) mm"
841,BÌNH NƯỚC CẦM TAY 0.5L RD-05P1,RD-05P1 PHN00012409-VA0100,https://static.rangdongstore.vn/product/Phich/05_P1/05P1-1.jpg?fm=webp&w=500,41,,,,141000,98700.0,,,,"Dung tích: 500 ml | Vật liệu: vỏ nhựa PC, nắp nhựa PP | Số lượng bao gói thùng: 24 cái | Kích thước thùng: (455 x 305 x 217) mm | Khối lượng: 4.5 (kg)"
842,BÌNH NƯỚC CẦM TAY RD-05P2,RD-05P2 PHN00021496-XA0100,https://static.rangdongstore.vn/230329010329/2023/03/29/RD-05P2-2.jpg?fm=webp&w=500,41,,,,104000,72800.0,,,,"Dung tích: 500 ml | Vật liệu: vỏ nhựa PC, nắp nhựa PP | Số lượng bao gói thùng: 24 cái | Kích thước thùng: (440 x 295 x 208) mm | Khối lượng: 4.5 (kg)"
843,BÓNG LED TUBE T8 TT01 600/10W 6500K,T8TT01600/10W LED00033389,https://static.rangdongstore.vn/220623009509/2022/06/23/1.jpg?fm=webp&w=500,42,,,,82000,66000.0,,,,"Đầu đèn: G13 | Nguồn điện danh định: 220V/50-60Hz | Công suất: 10W | Lắp thay thế bộ đèn huỳnh quang: 0,6m công suất 20W/18W | Vật liệu bóng:  thủy tinh | Điện áp có thể hoạt động: 170 V - 250 V | Dòng điện (Max): 0.11 A | Hệ số công suất: 0,5 | Quang thông: 1100/1100/1100/1000 lm | Hiệu suất sáng: 110/110/110/100 lm/W | Nhiệt độ màu: 6500K/5000K/4000K/3000K | Hệ số trả màu (CRI): 82 | Tuổi thọ đèn: 30.000 giờ | Chu kỳ tắt bật: 50.000 lần | Mức tiêu thụ điện 1000 giờ: 10 kWh | Mức hiệu suất năng lượng: A+ | Chiều dài: 600 mm | Đường kính: 26 mm | Hàm lượng thủy ngân: 0 mg | Thời gian khởi động của đèn: < 0,5 giây | Unnamed: 0: 0.0 | Ánh sáng: Ánh sáng vàng 3000K"
844,BÓNG LED TUBE T8 TT01 600/10W 6500K,T8TT01600/10W LED00033296,https://static.rangdongstore.vn/220623009509/2022/06/23/1.jpg?fm=webp&w=500,42,,,,82000,66000.0,,,,"Đầu đèn: G13 | Nguồn điện danh định: 220V/50-60Hz | Công suất: 10W | Lắp thay thế bộ đèn huỳnh quang: 0,6m công suất 20W/18W | Vật liệu bóng:  thủy tinh | Điện áp có thể hoạt động: 170 V - 250 V | Dòng điện (Max): 0.11 A | Hệ số công suất: 0,5 | Quang thông: 1100/1100/1100/1000 lm | Hiệu suất sáng: 110/110/110/100 lm/W | Nhiệt độ màu: 6500K/5000K/4000K/3000K | Hệ số trả màu (CRI): 82 | Tuổi thọ đèn: 30.000 giờ | Chu kỳ tắt bật: 50.000 lần | Mức tiêu thụ điện 1000 giờ: 10 kWh | Mức hiệu suất năng lượng: A+ | Chiều dài: 600 mm | Đường kính: 26 mm | Hàm lượng thủy ngân: 0 mg | Thời gian khởi động của đèn: < 0,5 giây | Unnamed: 0: 1.0 | Ánh sáng: Ánh sáng trắng 6500K"
845,BÓNG ĐÈN THỦY TINH- BÓNG ĐÈN LED TUBE T8 1.2M 20W TT01 (THỦY TINH),T8TT011200/20W LED00035724,https://static.rangdongstore.vn/2204007174/2022/04/17/tt01.jpg?fm=webp&w=500,42,,,,109000,87000.0,,,,"Nguồn điện danh định: (170-250)V/(50-60)Hz | Công suất: 20W | Lắp thay thế bộ đèn huỳnh quang: 1,2m công suất 40W/36W | Vật liệu bóng:  Thủy tinh | Điện áp có thể hoạt động: (170-250)V | Dòng điện (Max): 180 mA | Hệ số công suất: 0.5 | Quang thông: 2600/2600/2600/2200 lm | Hiệu suất sáng: 130/130/130/110 lm/W | Hệ số trả màu (CRI): 82 | Tuổi thọ đèn: 30.000 giờ | Chu kỳ tắt bật: 50.000 lần | Mức tiêu thụ điện 1000 giờ: 20 kWh | Mức hiệu suất năng lượng: A+ | Chiều dài: 1213 mm | Hàm lượng thủy ngân: 0 mg | Thời gian khởi động của đèn: < 0,5 giây | Màu ánh sáng: 6500K/5000K/4000K/3000K | Chiều rộng: 27 mm | Unnamed: 0: 2.0 | Ánh sáng: Ánh sáng trắng 6500K"
846,BÓNG ĐÈN THỦY TINH- BÓNG ĐÈN LED TUBE T8 1.2M 20W TT01 (THỦY TINH),T8TT011200/20W LED00034402,https://static.rangdongstore.vn/2204007174/2022/04/17/tt01.jpg?fm=webp&w=500,42,,,,109000,87000.0,,,,"Nguồn điện danh định: (170-250)V/(50-60)Hz | Công suất: 20W | Lắp thay thế bộ đèn huỳnh quang: 1,2m công suất 40W/36W | Vật liệu bóng:  Thủy tinh | Điện áp có thể hoạt động: (170-250)V | Dòng điện (Max): 180 mA | Hệ số công suất: 0.5 | Quang thông: 2600/2600/2600/2200 lm | Hiệu suất sáng: 130/130/130/110 lm/W | Hệ số trả màu (CRI): 82 | Tuổi thọ đèn: 30.000 giờ | Chu kỳ tắt bật: 50.000 lần | Mức tiêu thụ điện 1000 giờ: 20 kWh | Mức hiệu suất năng lượng: A+ | Chiều dài: 1213 mm | Hàm lượng thủy ngân: 0 mg | Thời gian khởi động của đèn: < 0,5 giây | Màu ánh sáng: 6500K/5000K/4000K/3000K | Chiều rộng: 27 mm | Unnamed: 0: 4.0 | Ánh sáng: Ánh sáng vàng 3000K"
847,BẢNG ĐIỀU KHIỂN CẢNH RD-SC03 (AC),RD-SC03AC LED00034295,https://static.rangdongstore.vn/product/Den-LED/Led_Bluetooth/RD-SC03/RD-SC03-0.jpg?fm=webp&w=500,43,,,,550000,523000.0,,,,Số nút điều khiển: 6 nút | Chuẩn kết nối: Bluetooth Mesh | Khoảng cách kết nối: ≤ 50m | Số cảnh tối đa: 18 cảnh | Điện áp nguồn danh định (V): 150 ÷ 265 | Công suất tiêu thụ: <1W | Nhiệt độ hoạt động: -10÷40 0C | Chiều dài: 120mm | Chiều rộng: 80mm | Chiều cao: 30mm | Khối lượng điều khiển: 100g
848,BẢNG ĐIỀU KHIỂN CẢNH RD-SC.M2 (DC),RD-SC.2DC LED00034298,https://static.rangdongstore.vn/product/Den-LED/Led_Bluetooth/RD-SC.M2/IMG_7318.jpg?fm=webp&w=500,43,,,,479001,455000.0,,,,Chuẩn kết nối: Bluetooth Mesh | Khoảng cách kết nối: ≤50 m | Chiều dài: 86mm | Chiều rộng: 10mm | Chiều cao: 86mm | Nguồn cấp: Pin CR2450/3V-620mAh | Nhiệt độ làm việc: (-10-40) độ C | Số cảnh cài đặt: 12 cảnh
849,BẢNG ĐIỀU KHIỂN CẢNH RD-SC.M3 V2 (DC),RD-SC.3V2DC LED00047579,https://static.rangdongstore.vn/product/Den-LED/Led_Bluetooth/RD-SC.M3.V2(DC)/RD-SC.M3%20V2%20(DC).jpg?fm=webp&w=500,43,,,,560000,,,,,Chuẩn kết nối: Bluetooth Mesh | Khoảng cách kết nối: ≤50 (m) | Nhiệt độ hoạt động: (-10-40)0C | Chiều dài: 86±3 (mm) | Chiều rộng: 86±3 (mm) | Chiều cao: 17±2 (mm) | Nguồn: Pin CR2450 3V-600M Ah | Số cảnh cài đặt tối đa: 12 cảnh | Tuổi thọ pin: 6 tháng | Khối lượng: 80±10 (g)
850,BẢNG ĐIỀU KHIỂN CẢNH RD-SC04 (AC),RD-SC04AC LED00034296,https://static.rangdongstore.vn/product/Den-LED/Led_Bluetooth/RD-SC04/RD-SC04-0.jpg?fm=webp&w=500,43,,,,550000,523000.0,,,,Số nút điều khiển: 6 nút | Chuẩn kết nối: Bluetooth Mesh | Khoảng cách kết nối: ≤ 50m | Số cảnh tối đa: 18 cảnh | Điện áp nguồn danh định (V): 150 ÷ 265 | Công suất tiêu thụ: <1W | Nhiệt độ hoạt động: -10÷40 0C | Chiều dài: 91mm | Chiều rộng: 91mm | Chiều cao: 20mm | Khối lượng điều khiển: 80 g
851,BỘ ĐIỀU KHIỂN TRUNG TÂM RD-HC04.LCD,RD-HC04.LCD LED00071168,https://static.rangdongstore.vn/241226026949/2024/12/26/HC04.png?fm=webp&w=500,43,,,,7348000,6980600.0,,,,"Khối lượng: 200 gam | Tần số danh định: 50/60 Hz | Điện áp nguồn danh định: 220 V | Dải điện áp hoạt động: (100 ÷ 240) V | Cổng đầu ra điều khiển relay: 2 cổng
Max: 200W/cổng | Số lần bật tắt mỗi nút: 100.000 lần | Chuẩn kết nối có dây: RS485/RJ45 | Màn hình hiển thị: 4 inch (độ phân giải 480x480 px) | Chuẩn kết nối không dây: Wifi-2.4GHz/BLE-5.0 | Dải nhiệt độ hoạt động: -10 đến 45 độ C | Độ ẩm môi trường hoạt động: 0-90% (không đọng sương) | Kích thước: (86x86x36.3) mm | Tiêu chuẩn áp dụng: TCVN 6615-1/IEC 61058-1"
852,ĐIỀU KHIỂN GẮN TƯỜNG KHÔNG DÂY RD SC.M1 V2,RDSC.1V2 LED00035652,https://static.rangdongstore.vn/product/Den-LED/Led_Bluetooth/RD-SC.M1/RD-SC.M1-0.jpg?fm=webp&w=500,43,,,,478704,470000.0,,,,No description
853,BẢNG ĐIỀU KHIỂN CẢNH RD-SC05,RD-SC05 LED00043525,https://static.rangdongstore.vn/product/Den-LED/Led_Bluetooth/Thiet_bi_smart_ble/RD_SC_05.jpg?fm=webp&w=500,43,,,,611001,580000.0,,,,Số nút điều khiển: 6 nút | Chuẩn kết nối: Bluetooth Mesh | Nhiệt độ hoạt động: -10÷40 0C | Chiều dài: 120mm | Chiều rộng: 72mm | Chiều cao: 34mm | Khối lượng: 180 g | Điện áp nguồn danh định: 220V
854,BỘ ĐIỀU KHIỂN TRUNG TÂM MINI RD-HC02 (ĐEN),RD-HC02 LED00057266,https://static.rangdongstore.vn/230808011205/2023/08/08/Minuhub-01.jpg?fm=webp&w=500,44,,,,626000,595000.0,,,,"Dải điện áp: 150÷250 VAC | Công suất tối đa: 1W | Nhiệt độ làm việc: (-10 ÷ 45) độ C | Chuẩn kết nối: Bluetooth Mesh 5.0, Wifi 2.4 GH | Độ ẩm môi trường hoạt động: 0÷90 0C | Chân cắm: Ø5mm | Chiều cao: 120 mm | Chiều dài: 91 mm | Chiều rộng: 28 mm"
855,BỘ ĐIỀU KHIỂN TRUNG TÂM RD-HC03.LCD,RD-HC03.LCD LED00064399,https://static.rangdongstore.vn/240123016750/2024/01/23/RD-HC03.LCD-1.jpg?fm=webp&w=500,44,,,,19250000,18900000.0,,,,"Độ ẩm môi trường hoạt động: 0-90% (không đọng sương) | Tần số danh định: 50/60 Hz | Điện áp nguồn danh định: 220 V | Dải điện áp hoạt động: (100 ÷ 240) V | Cổng đầu ra điều khiển relay: 2 cổng
Max: 200W/cổng | Số lần bật tắt mỗi nút: 100.000 lần | Chuẩn kết nối có dây: RS485/RJ45 | Nguồn cấp: Micro USB 5VDC/2A | Chuẩn kết nối không dây: Wifi-2.4GHz/BLE-5.0 | Dải nhiệt độ hoạt động: -10 đến 45 độ C | Kích thước: 205x86x52 mm | Khối lượng: 350 gam | Tiêu chuẩn áp dụng: TCVN 6615-1/IEC 61058-1"
856,BỘ ĐIỀU KHIỂN TRUNG TÂM RD-HC01,RD-HC01 LED00034330,https://static.rangdongstore.vn/product/Den-LED/Led_Bluetooth/HC/HC-0.jpg?fm=webp&w=500,44,,,,2310000,2195000.0,,,,"Nhiệt độ làm việc: -10÷40 0C | Chuẩn kết nối: Bluetooth Mesh, Zigbee, Ethernet - Wifi | Chiều cao: 120 mm | Chiều dài: 91 mm | Chiều rộng: 28 mm | Điện áp đầu vào: 150÷250 VAC | Điện áp đầu ra: 12VDC/1.7A | Cấp bảo vệ: IP65"
857,BỘ ĐÈN LED CHỐNG NỔ CN01 1200/20W.PLUS 6500K,CN011200/20W.PLUS6500K LED00064322,https://static.rangdongstore.vn/240123016766/2024/01/23/bo-den-led-chong-no-1.jpg?fm=webp&w=500,45,,,,2063000,1650000.0,,,,"Công suất: 20W | Điện áp có thể hoạt động: 170 - 250 V | Quang thông: 2400lm/2600 lm | Hiệu suất sáng: 120/130 lm/W | Nhiệt độ màu ánh sáng: 3000K/6500K | Hệ số trả màu (CRI): 82 | Tuổi thọ đèn: 20.000 giờ | Chu kỳ tắt bật: 50.000 lần | Mức tiêu thụ điện 1000 giờ: 20 kWh | Mức hiệu suất năng lượng: A+ | Chiếu dài: 1320 mm | Hàm lượng thủy ngân: 0 mg | Thời gian khởi động của đèn: < 0,5 giây"
858,ĐÈN LED DOWNLIGHT NỔI TRẦN NT03 120/10W 6500K,NT03120/10W LED00062353,https://static.rangdongstore.vn/230930014824/2023/09/30/NT03.jpg?fm=webp&w=500,46,,,,151000,91000.0,,,,"Nguồn điện danh định: 220V/50Hz | Vật liệu thân: Nhôm | Công suất: 10W | Điện áp có thể hoạt động: 150V - 250V | Dòng điện (Max): 0,068 A | Hệ số công suất: 0,5 | Quang thông: 800/900 lm | Hiệu suất sáng: 80/90 lm/W | Hệ số trả màu (CRI): 80.0 | Tuổi thọ đèn: 20.000giờ | Chu kỳ tắt bật: 50.000 lần | Mức tiêu thụ điện 1000 giờ: 10 kWh | Mức hiệu suất năng lượng: A+ | Đường kính: 120 mm | Chiều cao: 42 mm | Hàm lượng thủy ngân: 0 mg | Thời gian khởi động của đèn: < 0,5 giây"
859,ĐÈN LED DOWNLIGHT NỔI TRẦN NT03 120/12W,NT03120/12W LED00057371,https://static.rangdongstore.vn/230930014824/2023/09/30/NT03.jpg?fm=webp&w=500,46,,,,160000,96000.0,,,,"Nguồn điện danh định: 220V/50Hz | Vật liệu thân: Nhôm | Công suất: 12W | Điện áp có thể hoạt động: 150V - 250V | Dòng điện (Max): 0,081 A | Hệ số công suất: 0,5 | Quang thông: 960/1080 lm | Hiệu suất sáng: 80/90 lm/W | Hệ số trả màu (CRI): 80.0 | Tuổi thọ đèn: 20.000giờ | Chu kỳ tắt bật: 50.000 lần | Mức tiêu thụ điện 1000 giờ: 12 kWh | Mức hiệu suất năng lượng: A+ | Đường kính: 120 mm | Chiều cao: 42 mm | Hàm lượng thủy ngân: 0 mg | Thời gian khởi động của đèn: < 0,5 giây"
860,ĐÈN LED DOWNLIGHT NỔI TRẦN 90/10W NT01,NT0190/10W LED00048126-TR0100,https://static.rangdongstore.vn/product/Den-LED/LED_Downlight/NT01-90-10W/01.jpg?fm=webp&w=500,46,,,,320000,256000.0,,,,"Nguồn điện danh định: 220V/(50-60)Hz | Công suất: 10W | Điện áp có thể hoạt động: (150 – 250)V | Hệ số công suất: 0,5 | Quang thông: 720/800/800 lm | Hiệu suất sáng: 72/80/80 lm/W | Hệ số trả màu (CRI): 80.0 | Tuổi thọ đèn: 30.000 giờ | Chu kỳ tắt bật: 50.000 lần | Mức tiêu thụ điện 1000 giờ: 10 kWh | Mức hiệu suất năng lượng: A+ | Đường kính: 89 mm | Chip LED: COB | Vật liệu: Nhôm đúc | Dòng điện Max: 0.12 A | Nhiệt độ màu ánh sáng:  3000K/4000K/6500K | Chiều dài: 96 mm | Dải nhiệt độ hoạt động: (-10 - 40) độ C | Cấp bảo vệ: IP44"
861,ĐÈN LED DOWNLIGHT NỔI TRẦN 110/10W NT01,NT01110/10W LED00048157-DE0100,https://static.rangdongstore.vn/product/Den-LED/LED_Downlight/NT01-110-10W/01.jpg?fm=webp&w=500,46,,,,370000,296000.0,,,,"Nguồn điện danh định: 220V/(50-60)Hz | Công suất: 10W | Điện áp có thể hoạt động: (150 – 250)V | Hệ số công suất: 0,5 | Quang thông: 720/800/800 lm | Hiệu suất sáng: 72/80/80 lm/W | Hệ số trả màu (CRI): 80.0 | Tuổi thọ đèn: 30.000 giờ | Chu kỳ tắt bật: 50.000 lần | Mức tiêu thụ điện 1000 giờ: 10 kWh | Mức hiệu suất năng lượng: A+ | Đường kính: 107 mm | Chip LED: COB | Vật liệu: Nhôm đúc | Dòng điện Max: 0.12 A | Nhiệt độ màu ánh sáng:  3000K/4000K/6500K | Chiều dài: 116 mm | Dải nhiệt độ hoạt động: (-10 - 40) độ C | Cấp bảo vệ: IP44"
862,ĐÈN LED DOWNLIGHT NỔI TRẦN 110/12W NT01,NT01110/12W LED00050146-DE0100,https://static.rangdongstore.vn/product/Den-LED/LED_Downlight/NT01-110-12W/01.jpg?fm=webp&w=500,46,,,,380000,304000.0,,,,"Nguồn điện danh định: 220V/(50-60)Hz | Công suất: 12W | Điện áp có thể hoạt động: (150 – 250)V | Hệ số công suất: 0,5 | Quang thông: 840/936/936 lm | Hiệu suất sáng: 70/78/78 lm/W | Hệ số trả màu (CRI): 80.0 | Tuổi thọ đèn: 30.000 giờ | Chu kỳ tắt bật: 50.000 lần | Mức tiêu thụ điện 1000 giờ: 12 kWh | Mức hiệu suất năng lượng: A+ | Đường kính: 107 mm | Chip LED: COB | Vật liệu: Nhôm đúc | Dòng điện Max: 0.15 A | Nhiệt độ màu ánh sáng:  3000K/4000K/6500K | Chiều dài: 116 mm | Dải nhiệt độ hoạt động: (-10 - 40) độ C | Cấp bảo vệ: IP44"
863,ĐÈN LED DOWNLIGHT NỔI TRẦN 110/15W NT01,NT01110/15W LED00048145-TR0100,https://static.rangdongstore.vn/product/Den-LED/LED_Downlight/NT01-110-15W/01.jpg?fm=webp&w=500,46,,,,390000,312000.0,,,,"Nguồn điện danh định: 220V/(50-60)Hz | Công suất: 15W | Điện áp có thể hoạt động: (150 – 250)V | Hệ số công suất: 0,5 | Quang thông: 945/1050/1050 lm | Hiệu suất sáng: 63/70/70 lm/W | Hệ số trả màu (CRI): 80.0 | Tuổi thọ đèn: 30.000 giờ | Chu kỳ tắt bật: 50.000 lần | Mức tiêu thụ điện 1000 giờ: 15 kWh | Mức hiệu suất năng lượng: A+ | Đường kính: 107 mm | Chip LED: COB | Vật liệu: Nhôm đúc | Dòng điện Max: 0.17 A | Nhiệt độ màu ánh sáng:  3000K/4000K/6500K | Chiều dài: 116 mm | Dải nhiệt độ hoạt động: (-10 - 40) độ C | Cấp bảo vệ: IP44"
864,ĐÈN LED DOWNLIGHT NỔI TRẦN ĐỔI MÀU NT03 120/12W,NT03120/12W LED00069473,https://static.rangdongstore.vn/240626019259/2024/06/26/NT03%20(1).jpg?fm=webp&w=500,46,,,,203000,122000.0,,,,"Nguồn điện danh định: 220V/50Hz | Công suất: 12W | Điện áp có thể hoạt động: 150V - 250V | Dòng điện (Max): 0,16 A | Hệ số công suất: 0,5 | Quang thông: 1080/970 lm (Vỏ trắng)/
960/860 lm(Vỏ đen) | Hiệu suất sáng: 90/80 lm/W (Vỏ trắng);
81/72 lm/W (Vỏ đen) | Hệ số trả màu (CRI): 80.0 | Tuổi thọ đèn: 25.000giờ | Đường kính: 120 mm | Chiều cao: 42 mm | Vật liệu vỏ: sắt sơn tĩnh điện | Nhiệt độ màu: 6500K/4000K/3000K"
865,ĐÈN LED DOWNLIGHT NỔI TRẦN ĐỔI MÀU NT03 120/10W,NT03120/10W LED00069471,https://static.rangdongstore.vn/240626019259/2024/06/26/NT03%20(1).jpg?fm=webp&w=500,46,,,,194000,116000.0,,,,"Nguồn điện danh định: 220V/50Hz | Công suất: 10W | Điện áp có thể hoạt động: 150V - 250V | Dòng điện (Max): 0,12 A | Hệ số công suất: 0,5 | Quang thông: 900/810 lm (Vỏ trắng);
800/720 lm (Vỏ đen) | Hiệu suất sáng: 90/81 lm/W (Vỏ trắng);
80/72 lm/W (Vỏ đen) | Hệ số trả màu (CRI): 80.0 | Tuổi thọ đèn: 25.000giờ | Đường kính: 120 mm | Chiều cao: 42 mm | Vật liệu vỏ: sắt sơn tĩnh điện | Nhiệt độ màu: 6500K/4000K/3000K"
866,ĐÈN LED ỐP TRẦN ĐỔI MÀU LN29N 220X220/18W (B),LN29N220x220/18WB LED00078594,https://static.rangdongstore.vn/241214026897/2024/12/14/LN29N-DM-220x220-18W-VO-DEN-1.jpg?fm=webp&w=500,46,,,,397000,277900.0,,,,No description
867,ĐÈN LED ỐP TRẦN VUÔNG 170X170/12W LN12,LN12170x170/12W LED00032856,https://static.rangdongstore.vn/product/Den-LED/LED_Op_tran/LN12-170x170-12W/LN12-170x170-12W.jpg?fm=webp&w=500,47,,,,252720,176904.0,,,,"Công suất: 12W | Nguồn điện danh định: 220V/50Hz | Thay thế bộ đèn ốp trần compact: 20W | Thay thế bộ đèn ốp trần ốp sợi đốt: 100W | Vật liệu: kim loại | Điện áp có thể hoạt động: 170V – 250 V | Dòng điện (Max): 160 mA | Hệ số công suất: 0,5 | Quang thông: 900 lm/ 810lm | Hiệu suất sáng: 75/68lm/W | Nhiệt độ màu ánh sáng:  6500K/3000K | Hệ số trả màu (CRI): 80.0 | Tuổi thọ đèn: 25.000 giờ | Chu kỳ tắt bật: 50.000 lần | Mức tiêu thụ điện 1000 giờ: 12 kWh | Mức hiệu suất năng lượng: A+ | Chiều dài: 160 mm | Chiều rộng: 160 mm | Chiều cao: 36 | Hàm lượng thủy ngân: 0 mg | Thời gian khởi động của đèn: < 0,5 giây"
868,ĐÈN LED ỐP TRẦN VUÔNG 170X170/15W LN12,LN12170x170/15W LED00035957,https://static.rangdongstore.vn/product/Den-LED/LED_Op_tran/LN12-170x170-15W/1-LN12-170x170-15W.jpg?fm=webp&w=500,47,,,,296000,207200.0,,,,"Công suất: 15W | Nguồn điện danh định: 220V/50Hz | Vật liệu: Kim loại | Điện áp có thể hoạt động: 150V – 250 V | Dòng điện (Max): 0.2 A | Hệ số công suất: 0,5 | Quang thông: 1100/990 lm | Hiệu suất sáng: 74/66 lm/W | Nhiệt độ màu ánh sáng:  6500K/3000K | Hệ số trả màu (CRI): 80.0 | Tuổi thọ đèn: 30.000 giờ | Chu kỳ tắt bật: 50.000 lần | Mức tiêu thụ điện 1000 giờ: 15 kWh | Mức hiệu suất năng lượng: A+ | Chiều dài: 160 mm | Chiều cao: 36 mm | Hàm lượng thủy ngân: 0 mg | Thời gian khởi động của đèn: < 0,5 giây | Chiều rông: 160 mm"
869,ĐÈN LED ỐP TRẦN VUÔNG 220X220/22W LN12,LN12220x220/22W LED00035976,https://static.rangdongstore.vn/product/Den-LED/LED_Op_tran/LN12N-170x170-12W/1.jpg?fm=webp&w=500,47,,,,414000,289800.0,,,,"Công suất: 22W | Nguồn điện danh định: 220V/50Hz | Vật liệu: Kim loại | Điện áp có thể hoạt động: 150V – 250 V | Dòng điện (Max): 0.3 A | Hệ số công suất: 0,5 | Quang thông: 1700/1530 lm | Hiệu suất sáng: 78/70 lm/W | Nhiệt độ màu ánh sáng:  6500K/3000K | Hệ số trả màu (CRI): 80.0 | Tuổi thọ đèn: 30.000 giờ | Chu kỳ tắt bật: 50.000 lần | Mức tiêu thụ điện 1000 giờ: 22 kWh | Mức hiệu suất năng lượng: A+ | Chiều dài: 220 mm | Chiều cao: 36 mm | Hàm lượng thủy ngân: 0 mg | Thời gian khởi động của đèn: < 0,5 giây | Chiều rông: 220 mm"
870,ĐÈN LED ỐP TRẦN VUÔNG 300X300/30W LN12,LN12300x300/30W LED00035980,https://static.rangdongstore.vn/product/Den-LED/LED_Op_tran/LN12N-170x170-12W/1.jpg?fm=webp&w=500,47,,,,522000,365400.0,,,,"Công suất: 30W | Nguồn điện danh định: 220V/50Hz | Vật liệu: Kim loại | Điện áp có thể hoạt động: 150V – 250 V | Dòng điện (Max): 0.4 A | Hệ số công suất: 0,5 | Quang thông: 2200/1980 lm | Hiệu suất sáng: 74/66 lm/W | Nhiệt độ màu ánh sáng:  6500K/3000K | Hệ số trả màu (CRI): 80.0 | Tuổi thọ đèn: 30.000 giờ | Chu kỳ tắt bật: 50.000 lần | Mức tiêu thụ điện 1000 giờ: 30 kWh | Mức hiệu suất năng lượng: A+ | Chiều dài: 280 mm | Chiều cao: 36 mm | Hàm lượng thủy ngân: 0 mg | Thời gian khởi động của đèn: < 0,5 giây | Chiều rông: 280 mm"
871,ĐÈN LED ỐP TRẦN VUÔNG ĐẾ NHỰA 170X170/12W LN12N,LN12N170x170/12W LED00035984,https://static.rangdongstore.vn/product/Den-LED/LED_Op_tran/LN12N-170x170-12W/1.jpg?fm=webp&w=500,47,,,,249999,174999.0,,,,"Công suất: 12W | Nguồn điện danh định: 220V/50Hz | Vật liệu: Nhựa | Điện áp có thể hoạt động: (150 – 250)V | Hệ số công suất: 0,5 | Quang thông: 900lm/810lm | Hiệu suất sáng: 75/68lm/W | Nhiệt độ màu ánh sáng:  6500K/3000K | Hệ số trả màu (CRI): 80.0 | Tuổi thọ đèn: 25.000 giờ | Chu kỳ tắt bật: 50.000 lần | Mức tiêu thụ điện 1000 giờ: 12 kWh | Mức hiệu suất năng lượng: A+ | Chiều dài: 160 mm | Chiều rộng: 160 mm | Chiều cao: 36 | Chip LED: Samsung | Dải nhiệt độ hoạt động: (-10-40) độ C | Cấp bảo vệ: IP54"
872,ĐÈN LED ỐP TRẦN VUÔNG ĐẾ NHỰA 220X220/18W LN12N,LN12N220x220/18W LED00039661,https://static.rangdongstore.vn/product/Den-LED/LED_Op_tran/LN12N-220x220-18W/1.jpg?fm=webp&w=500,47,,,,342000,239400.0,,,,"Công suất: 18W | Nguồn điện danh định: 220V/50Hz | Vật liệu: Nhựa | Điện áp có thể hoạt động: (150 – 250)V | Hệ số công suất: 0,5 | Quang thông: 1400lm/1260lm | Hiệu suất sáng: 78/70 lm/W | Nhiệt độ màu ánh sáng:  6500K/3000K | Hệ số trả màu (CRI): 80.0 | Tuổi thọ đèn: 25.000 giờ | Chu kỳ tắt bật: 50.000 lần | Mức tiêu thụ điện 1000 giờ: 18 kWh | Mức hiệu suất năng lượng: A+ | Chiều dài: 220 mm | Chiều rộng: 220 mm | Chiều cao: 36 mm | Chip LED: Samsung | Dải nhiệt độ hoạt động: (-10-40) độ C | Cấp bảo vệ: IP54"
873,ĐÈN LED ỐP TRẦN VUÔNG ĐẾ NHỰA 300X300/24W LN12N,LN12N300x300/24W LED00035992,https://static.rangdongstore.vn/product/Den-LED/LED_Op_tran/LN12N-300x300-24W/1.jpg?fm=webp&w=500,47,,,,432000,302400.0,,,,"Công suất: 24 W | Nguồn điện danh định: 220V/50Hz | Thay thế bộ đèn ốp trần ốp sợi đốt: 200W | Vật liệu: kim loại | Điện áp có thể hoạt động: 150V – 250 V | Dòng điện (Max): 320 mA | Hệ số công suất: 0,5 | Quang thông: 2000lm/ 1800lm | Hiệu suất sáng: 83/75lm/W | Nhiệt độ màu ánh sáng:  6500K/3000K | Hệ số trả màu (CRI): 80.0 | Tuổi thọ đèn: 25.000 giờ | Chu kỳ tắt bật: 50.000 lần | Mức tiêu thụ điện 1000 giờ: 24 kWh | Mức hiệu suất năng lượng: A+ | Chiều dài: 280 mm | Chiều rộng: 280 mm | Chiều cao: 36 | Hàm lượng thủy ngân: 0 mg | Thời gian khởi động của đèn: < 0,5 giây"
874,ĐÈN LED ỐP TRẦN VUÔNG ĐỔI MÀU ĐẾ NHỰA 170X170/12W LN12N ĐM,LN12NĐ170x170/12W LED00035986,https://static.rangdongstore.vn/product/Den-LED/LED_Op_tran/LN12N-DM-170x170-12W/1.jpg?fm=webp&w=500,47,,,,290001,203001.0,,,,"Công suất: 12W | Nguồn điện danh định: 220V/50Hz | Vật liệu: Nhựa | Điện áp có thể hoạt động: (150 – 250)V | Hệ số công suất: 0,5 | Quang thông: 900/900/810lm | Hiệu suất sáng: 75/75/68 lm/W | Hệ số trả màu (CRI): 80.0 | Tuổi thọ đèn: 25.000 giờ | Chu kỳ tắt bật: 50.000 lần | Mức tiêu thụ điện 1000 giờ: 12 kWh | Mức hiệu suất năng lượng: A+ | Chiều dài: 160 mm | Chiều rộng: 160 mm | Chiều cao: 36 mm | Chip LED: Samsung | Dải nhiệt độ hoạt động: (-10 - 40) độ C | Cấp bảo vệ: IP54 | Đổi 3 màu:  6500K/4000K/3000K"
875,ĐÈN LED ỐP TRẦN VUÔNG ĐỔI MÀU ĐẾ NHỰA 220X220/18W LN12N ĐM,LN12NĐ220x220/18W LED00035990,https://static.rangdongstore.vn/product/Den-LED/LED_Op_tran/LN12N-DM-220x220-18W/LN12N-DM-220x220-18W.jpg?fm=webp&w=500,47,,,,419000,293300.0,,,,"Công suất: 18W | Nguồn điện danh định: 220V/50Hz | Vật liệu: Nhựa | Điện áp có thể hoạt động: (150 – 250)V | Hệ số công suất: 0,5 | Quang thông: 1400/1400/1260lm | Hiệu suất sáng: 78/78/70 lm/W | Hệ số trả màu (CRI): 80.0 | Tuổi thọ đèn: 25.000 giờ | Chu kỳ tắt bật: 50.000 lần | Mức tiêu thụ điện 1000 giờ: 18 kWh | Mức hiệu suất năng lượng: A+ | Chip LED: Samsung | Đổi 3 màu ánh sáng:  6500K/4000K/3000K"
876,ĐÈN LED ỐP TRẦN VUÔNG ĐỔI MÀU ĐẾ NHỰA 300X300/24W LN12N ĐM,LN12NĐ300x300/24W LED00035994,https://static.rangdongstore.vn/product/Den-LED/LED_Op_tran/LN12RAD-220x220-18W-HL/1.jpg?fm=webp&w=500,47,,,,522000,365400.0,,,,"Công suất: 24W | Nguồn điện danh định: 220V/50Hz | Vật liệu: Nhựa | Điện áp có thể hoạt động: (150 – 250)V | Hệ số công suất: 0,5 | Quang thông: 2000/2000/1400lm | Hiệu suất sáng: 83/83/75 lm/W | Nhiệt độ màu ánh sáng:  6500K/4000K/3000K | Hệ số trả màu (CRI): 80.0 | Tuổi thọ đèn: 25.000 giờ | Chu kỳ tắt bật: 50.000 lần | Mức tiêu thụ điện 1000 giờ: 24 kWh | Mức hiệu suất năng lượng: A+ | Chiều dài: 280 mm | Chiều rộng: 280 mm | Chiều cao: 36 mm | Chip LED: Samsung | Dải nhiệt độ hoạt động: (-10 - 40) độ C | Cấp bảo vệ: IP54"
877,ĐÈN LED ỐP TRẦN LN29N 300X300/24W 6500K,LN29N300x300/24W LED00074052,https://static.rangdongstore.vn/240826020350/2024/08/26/LN29N-V1.jpg?fm=webp&w=500,47,,,,406000,284200.0,,,,"Công suất: 24W | Nguồn điện danh định: 220V/50Hz | Vật liệu: Nhựa | Điện áp có thể hoạt động: (150 – 250)V | Hệ số công suất: 0,5 | Quang thông: 2000/2000/1800 | Hiệu suất sáng: 83/83/75 | Nhiệt độ màu ánh sáng:  6500K/4000K/3000K | Hệ số trả màu (CRI): 80.0 | Tuổi thọ đèn: 25.000 giờ | Chiều cao: 42.5 mm | Chip LED: Hàn Quốc | Dải nhiệt độ hoạt động: (-10 - 40) độ C | Cấp bảo vệ: IP54 | Đường kính: 282.5 mm"
878,ĐÈN LED ỐP TRẦN LN29N 220X220/18W 6500K,LN29N220x220/18W LED00073793,https://static.rangdongstore.vn/240826020350/2024/08/26/LN29N-V1.jpg?fm=webp&w=500,47,,,,328000,229600.0,,,,"Công suất: 18W | Nguồn điện danh định: 220V/50Hz | Vật liệu: Nhựa | Điện áp có thể hoạt động: (150 – 250)V | Hệ số công suất: 0,5 | Quang thông: 1450/1450/1300 | Hiệu suất sáng: 80/80/72 | Nhiệt độ màu ánh sáng:  6500K/4000K/3000K | Hệ số trả màu (CRI): 80.0 | Tuổi thọ đèn: 25.000 giờ | Chiều cao: 42.5 mm | Chip LED: Hàn Quốc | Dải nhiệt độ hoạt động: (-10 - 40) độ C | Cấp bảo vệ: IP54 | Đường kính: 220 mm"
879,ĐÈN LED ỐP TRẦN LN29N 170X170/12W 6500K,LN29N170x170/12W LED00073678,https://static.rangdongstore.vn/240826020350/2024/08/26/LN29N-V1.jpg?fm=webp&w=500,47,,,,240000,168000.0,,,,No description
880,ĐÈN LED ỐP TRẦN ĐỔI MÀU LN29N 300X300/24W,LN29N300x300/24W LED00074056,https://static.rangdongstore.vn/240826020350/2024/08/26/LN29N-V1.jpg?fm=webp&w=500,47,,,,512000,358400.0,,,,No description
881,ĐÈN LED ỐP TRẦN ĐỔI MÀU LN29N 220X220/18W,LN29NĐ220x220/18W LED00073797,https://static.rangdongstore.vn/240826020350/2024/08/26/LN29N-V1.jpg?fm=webp&w=500,47,,,,397000,277900.0,,,,"Công suất: 18W | Nguồn điện danh định: 220V/50Hz | Vật liệu: Nhựa | Điện áp có thể hoạt động: (150 – 250)V | Hệ số công suất: 0,5 | Quang thông: 1450/1450/1300 | Hiệu suất sáng: 80/80/72 | Hệ số trả màu (CRI): 80.0 | Tuổi thọ đèn: 25.000 giờ | Chiều dài: 220 mm | Chiều rộng: 220 mm | Chiều cao: 42.5 mm | Chip LED: Hàn Quốc | Dải nhiệt độ hoạt động: (-10 - 40) độ C | Cấp bảo vệ: IP54 | Đổi 3 màu: Trắng/Vàng/Trung tính"
882,ĐÈN LED ỐP TRẦN ĐỔI MÀU LN29N 170X170/12W,LN29NĐ170x170/12W LED00073682,https://static.rangdongstore.vn/240826020350/2024/08/26/LN29N-V1.jpg?fm=webp&w=500,47,,,,281000,196700.0,,,,"Công suất: 12W | Nguồn điện danh định: 220V/50Hz | Vật liệu: Nhựa | Điện áp có thể hoạt động: (150 – 250)V | Hệ số công suất: 0,5 | Quang thông: 900/900/810lm | Hiệu suất sáng: 75/75/68 lm/W | Hệ số trả màu (CRI): 80.0 | Tuổi thọ đèn: 25.000 giờ | Chiều cao: 42.5 mm | Chip LED: Hàn Quốc | Dải nhiệt độ hoạt động: (-10 - 40) độ C | Cấp bảo vệ: IP54 | Đổi 3 màu ánh sáng: Trắng/Vàng/Trung tính | Đường kính: 160 mm"
883,ĐÈN LED ỐP TRẦN VUÔNG 170X170/12W LN08,LN08170x170/12W LED00005337,https://static.rangdongstore.vn/product/Den-LED/LED_Op_tran/D_LN08L_17x17_12W/D_LN08L_17X17_12W_1.jpg?fm=webp&w=500,47,,,,281000,169000.0,,,,"Công suất: 12W | Nguồn điện danh định: 220V/50Hz | Thay thế bộ đèn ốp trần compact: 20W | Thay thế bộ đèn ốp trần ốp sợi đốt: 100W | Vật liệu: kim loại | Điện áp có thể hoạt động: 170V – 250 V | Dòng điện (Max): 140 mA | Hệ số công suất: 0,5 | Quang thông: 900/1000/1000 lm | Hiệu suất sáng: 75/83/83 lm/W | Nhiệt độ màu ánh sáng: 3000K/4000K/6500K | Hệ số trả màu (CRI): 80.0 | Tuổi thọ đèn: 20.000 giờ | Chu kỳ tắt bật: 50.000 lần | Mức tiêu thụ điện 1000 giờ: 12 kWh | Mức hiệu suất năng lượng: A | Chiều rộng: 162 mm | Chiều cao: 30 mm | Hàm lượng thủy ngân: 0 mg | Thời gian khởi động của đèn: < 0,5 giây | Chiếu dài: 162 mm"
884,ĐÈN LED ỐP TRẦN VUÔNG 300X300/24W LN08,LN08300x300/24W LED00025804,https://static.rangdongstore.vn/product/Den-LED/LED_Op_tran/D_LN08L_30x30_24W/D_LN08L_%2030x30_24W_1.jpg?fm=webp&w=500,47,,,,495000,297000.0,,,,"Công suất: 24W | Nguồn điện danh định: 220V/50Hz | Thay thế bộ đèn ốp trần ốp sợi đốt: 200W | Vật liệu: kim loại | Điện áp có thể hoạt động: 170V – 250 V | Dòng điện (Max): 280 mA | Hệ số công suất: 0,5 | Quang thông: 1800 lm | Hiệu suất sáng: 75 lm/W | Nhiệt độ màu ánh sáng:  6500K/3000K | Hệ số trả màu (CRI): 80.0 | Tuổi thọ đèn: 20.000 giờ | Chu kỳ tắt bật: 50.000 lần | Mức tiêu thụ điện 1000 giờ: 24 kWh | Mức hiệu suất năng lượng: A+ | Chiều dài: 290 mm | Chiều rộng: 290 mm | Chiều cao: 33 mm | Hàm lượng thủy ngân: 0 mg | Thời gian khởi động của đèn: < 0,5 giây"
885,ĐÈN LED ỐP TRẦN LN08 220X220/22W 6500K,LN08220x220/22W LED00056545,https://static.rangdongstore.vn/230818012446/2023/08/18/LN08.jpg?fm=webp&w=500,47,,,,393000,236000.0,,,,"Công suất: 22W | Nguồn điện danh định: 220V/50Hz | Vật liệu: Nhôm | Điện áp có thể hoạt động: (150 – 250)V | Hệ số công suất: 0,5 | Quang thông: 1870/2090/2090/2090 lm | Hiệu suất sáng: 85/95/95/95 lm/W | Nhiệt độ màu ánh sáng:  3000K/4000K/5000K/6500K | Hệ số trả màu (CRI): 80.0 | Tuổi thọ đèn: 20.000 giờ | Chu kỳ tắt bật: 50.000 lần | Mức tiêu thụ điện 1000 giờ: 22 kWh | Mức hiệu suất năng lượng: A+ | Chiều dài: 206.7 mm | Chiều rộng: 206.7 mm | Chiều cao: 29 | Chip LED: Hàn Quốc | Dải nhiệt độ hoạt động: (-10-40) độ C"
886,ĐÈN LED ỐP TRẦN LN08 170X170/15W 6500K,LN08170x170/15W LED00056539,https://static.rangdongstore.vn/230818012446/2023/08/18/LN08.jpg?fm=webp&w=500,47,,,,281000,169000.0,,,,"Công suất: 15W | Nguồn điện danh định: 220V/50Hz | Vật liệu: Nhôm | Điện áp có thể hoạt động: (150 – 250)V | Hệ số công suất: 0,5 | Quang thông: 1275/1425/1425/1425 lm | Hiệu suất sáng: 85/95/95/95 lm/W | Nhiệt độ màu ánh sáng:  3000K/4000K/5000K/6500K | Hệ số trả màu (CRI): 80.0 | Tuổi thọ đèn: 20.000 giờ | Chu kỳ tắt bật: 50.000 lần | Mức tiêu thụ điện 1000 giờ: 15 kWh | Mức hiệu suất năng lượng: A+ | Chiều dài: 158.4 mm | Chiều rộng: 158.4 mm | Chiều cao: 29 | Chip LED: Hàn Quốc | Dải nhiệt độ hoạt động: (-10-40) độ C"
887,ĐÈN LED ỐP TRẦN LN08 300X300/30W 6500K,LN08300x300/30W LED00056550,https://static.rangdongstore.vn/230818012446/2023/08/18/LN08.jpg?fm=webp&w=500,47,,,,495000,297000.0,,,,"Công suất: 30W | Nguồn điện danh định: 220V/50Hz | Vật liệu: Nhôm | Điện áp có thể hoạt động: (150 – 250)V | Hệ số công suất: 0,5 | Quang thông: 2550/2850/2850/2850 lm | Hiệu suất sáng: 85/95/95/95 lm/W | Nhiệt độ màu ánh sáng:  30000K/4000K/5000K/6500K | Hệ số trả màu (CRI): 80.0 | Tuổi thọ đèn: 20.000 giờ | Chu kỳ tắt bật: 50.000 lần | Mức tiêu thụ điện 1000 giờ: 30 kWh | Mức hiệu suất năng lượng: A+ | Chiều dài: 279.6 mm | Chiều rộng: 279.6 mm | Chiều cao: 29 | Chip LED: Hàn Quốc | Dải nhiệt độ hoạt động: (-10-40) độ C"
888,ĐÈN LED ỐP TRẦN TRÒN ĐỔI MÀU ĐẾ NHỰA 170/12W LN12N ĐM,LN12NĐ170/12W LED00035985,https://static.rangdongstore.vn/product/Den-LED/LED_Op_tran/LN12N-DM-170-12W/LN12N-DM-170-12W.jpg?fm=webp&w=500,47,,,,290001,203001.0,,,,"Công suất: 12W | Nguồn điện danh định: 220V/50Hz | Vật liệu: Nhựa | Điện áp có thể hoạt động: (150 – 250)V | Hệ số công suất: 0,5 | Quang thông: 900/900/810lm | Hiệu suất sáng: 75/75/68 lm/W | Nhiệt độ màu ánh sáng:  6500K/4000K/3000K | Hệ số trả màu (CRI): 80.0 | Tuổi thọ đèn: 25.000 giờ | Chu kỳ tắt bật: 50.000 lần | Mức tiêu thụ điện 1000 giờ: 12 kWh | Mức hiệu suất năng lượng: A+ | Chiều cao: 36 mm | Chip LED: Samsung | Dải nhiệt độ hoạt động: (-10 - 40) độ C | Cấp bảo vệ: IP54 | Đường kính: 160 mm"
889,ĐÈN LED ỐP TRẦN TRÒN ĐỔI MÀU ĐẾ NHỰA 220/18W LN12N ĐM,LN12NĐ220/18W LED00035989,https://static.rangdongstore.vn/product/Den-LED/LED_Op_tran/LN12N-DM-170-12W/LN12N-DM-170-12W.jpg?fm=webp&w=500,47,,,,419000,293300.0,,,,"Công suất: 18W | Nguồn điện danh định: 220V/50Hz | Vật liệu: Nhựa | Điện áp có thể hoạt động: (150 – 250)V | Hệ số công suất: 0,5 | Quang thông: 1400/1400/1260lm | Hiệu suất sáng: 78/78/70 lm/W | Hệ số trả màu (CRI): 80.0 | Tuổi thọ đèn: 25.000 giờ | Chu kỳ tắt bật: 50.000 lần | Mức tiêu thụ điện 1000 giờ: 18 kWh | Mức hiệu suất năng lượng: A+ | Chip LED: Samsung | Đổi 3 màu ánh sáng:  6500K/4000K/3000K"
890,ĐÈN LED ỐP TRẦN TRÒN ĐỔI MÀU ĐẾ NHỰA 300/24W LN12N ĐM,LN12NĐ300/24W LED00035993,https://static.rangdongstore.vn/product/Den-LED/LED_Op_tran/LN12N-DM-170-12W/LN12N-DM-170-12W.jpg?fm=webp&w=500,47,,,,522000,365400.0,,,,"Công suất: 24W | Nguồn điện danh định: 220V/50Hz | Vật liệu: Nhựa | Điện áp có thể hoạt động: (150 – 250)V | Hệ số công suất: 0,5 | Quang thông: 2000/2000/1800lm | Hiệu suất sáng: 83/83/75 lm/W | Hệ số trả màu (CRI): 80.0 | Tuổi thọ đèn: 25.000 giờ | Chu kỳ tắt bật: 50.000 lần | Mức tiêu thụ điện 1000 giờ: 24 kWh | Mức hiệu suất năng lượng: A+ | Chiều cao: 42mm | Chip LED: Samsung | Dải nhiệt độ hoạt động: (-10 - 40) độ C | Cấp bảo vệ: IP54 | Đổi 3 màu ánh sáng:  6500K/4000K/3000K | Đường kính: 280 mm"
891,ĐÈN LED ỐP TRẦN VUÔNG ĐỔI MÀU 170X170/12W LN12 ĐM,LN12Đ170x170/12W LED00032855,https://static.rangdongstore.vn/product/Den-LED/LED_Op_tran/LN12-DM-170x170-12W/LN12-DM-170x170-12W.jpg?fm=webp&w=500,47,,,,270000,189000.0,,,,"Công suất: 12W | Nguồn điện danh định: 220V/50Hz | Vật liệu: Nhựa | Điện áp có thể hoạt động: (150 – 250)V | Hệ số công suất: 0,5 | Quang thông: 900/900/810lm | Hiệu suất sáng: 75/75/68 lm/W | Hệ số trả màu (CRI): 80.0 | Tuổi thọ đèn: 25.000 giờ | Chu kỳ tắt bật: 50.000 lần | Mức tiêu thụ điện 1000 giờ: 12 kWh | Mức hiệu suất năng lượng: A+ | Chiều dài: 160 mm | Chiều rộng: 160 mm | Chiều cao: 36 mm | Chip LED: Samsung | Dải nhiệt độ hoạt động: (-10 - 40) độ C | Cấp bảo vệ: IP54 | Đổi 3 màu:  6500K/4000K/3000K"
892,ĐÈN LED ỐP TRẦN VUÔNG ĐỔI MÀU 170X170/15W LN12 ĐM,LN12Đ170x170/15W LED00035959,https://static.rangdongstore.vn/product/Den-LED/LED_Op_tran/LN12RAD-220x220-18W-HL/1.jpg?fm=webp&w=500,47,,,,342000,239400.0,,,,"Công suất: 15W | Nguồn điện danh định: 220V/50Hz | Vật liệu: Kim loại  | Điện áp có thể hoạt động: 150V – 250 V | Dòng điện (Max): 0.2 A | Hệ số công suất: 0,5 | Quang thông: 1100/1100/990lm | Hiệu suất sáng: 74/74/66 lm/W | Nhiệt độ màu ánh sáng:  6500K/4000K/3000K | Hệ số trả màu (CRI): 80.0 | Tuổi thọ đèn: 30.000 giờ | Chu kỳ tắt bật: 50.000 lần | Mức tiêu thụ điện 1000 giờ: 15 kWh | Mức hiệu suất năng lượng: A+ | Chiều dài: 170 mm | Chiều rộng: 170 mm | Chiều cao: 36 | Hàm lượng thủy ngân: 0 mg | Thời gian khởi động của đèn: < 0,5 giây"
893,ĐÈN LED ỐP TRẦN VUÔNG ĐỔI MÀU 220X220/22W LN12 ĐM,LN12Đ220x220/22W LED00035973,https://static.rangdongstore.vn/product/Den-LED/LED_Op_tran/LN12-DM-220x220-22W/1.jpg?fm=webp&w=500,47,,,,488000,341600.0,,,,"Công suất: 22W | Nguồn điện danh định: 220V/50Hz | Vật liệu: Kim loại  | Điện áp có thể hoạt động: 150V – 250 V | Dòng điện (Max): 0.3 A | Hệ số công suất: 0,5 | Quang thông: 1700/1700/1530lm | Hiệu suất sáng: 78/78/70 lm/W | Nhiệt độ màu ánh sáng:  6500K/4000K/3000K | Hệ số trả màu (CRI): 80.0 | Tuổi thọ đèn: 30.000 giờ | Chu kỳ tắt bật: 50.000 lần | Mức tiêu thụ điện 1000 giờ: 22 kWh | Mức hiệu suất năng lượng: A+ | Chiều dài: 220 mm | Chiều rộng: 220 mm | Chiều cao: 36 | Hàm lượng thủy ngân: 0 mg | Thời gian khởi động của đèn: < 0,5 giây"
894,ĐÈN LED ỐP TRẦN VUÔNG ĐỔI MÀU 300X300/30W LN12 ĐM,LN12Đ300x300/30W LED00035982,https://static.rangdongstore.vn/product/Den-LED/LED_Op_tran/LN12-DM-300x300-30W/1.jpg?fm=webp&w=500,47,,,,614001,429801.0,,,,"Công suất: 30W | Nguồn điện danh định: 220V/50Hz | Vật liệu: Kim loại  | Điện áp có thể hoạt động: 150V – 250 V | Dòng điện (Max): 0.4 A | Hệ số công suất: 0,5 | Quang thông: 2200/2200/1980lm | Hiệu suất sáng: 74/74/66 lm/W | Nhiệt độ màu ánh sáng:  6500K/4000K/3000K | Hệ số trả màu (CRI): 80.0 | Tuổi thọ đèn: 30.000 giờ | Chu kỳ tắt bật: 50.000 lần | Mức tiêu thụ điện 1000 giờ: 30 kWh | Mức hiệu suất năng lượng: A+ | Chiều dài: 280 mm | Chiều rộng: 280 mm | Chiều cao: 36 | Hàm lượng thủy ngân: 0 mg | Thời gian khởi động của đèn: < 0,5 giây"
895,ĐÈN LED ỐP TRẦN LN30N 220X220/18W 6500K,LN30N220x220/18W LED00074355,https://static.rangdongstore.vn/240824019708/2024/08/24/LN30N-V1.jpg?fm=webp&w=500,47,,,,328000,229600.0,,,,"Công suất: 18W | Nguồn điện danh định: 220V/50Hz | Vật liệu: Nhựa | Điện áp có thể hoạt động: (150 – 250)V | Hệ số công suất: 0,5 | Quang thông: 1450/1450/1300 | Hiệu suất sáng: 80/80/72 | Hệ số trả màu (CRI): 80.0 | Tuổi thọ đèn: 25.000 giờ | Chiều dài: 220 mm | Chiều rộng: 220 mm | Chiều cao: 42.5 mm | Chip LED: Hàn Quốc | Dải nhiệt độ hoạt động: (-10 - 40) độ C | Cấp bảo vệ: IP54 | Đổi 3 màu: 6500K/4000K/3000K"
896,ĐÈN LED ỐP TRẦN ĐỔI MÀU LN29N 220X220/18W (B),LN29N220x220/18WB LED00078594,https://static.rangdongstore.vn/241214026897/2024/12/14/LN29N-DM-220x220-18W-VO-DEN-1.jpg?fm=webp&w=500,47,,,,397000,277900.0,,,,No description
897,ĐÈN LED ỐP TRẦN VUÔNG 540X540/40W LN16,LN16540x540/40W LED00037189,https://static.rangdongstore.vn/product/Den-LED/LED_Op_tran/LN16-540x540-40W/4.jpg?fm=webp&w=500,47,,,,950000,570000.0,,,,"Công suất: 40W | Nguồn điện danh định: 220V/50Hz | Điện áp có thể hoạt động: (150 – 250) V | Dòng điện (Max): 550 mA | Hệ số công suất: 0,5 | Quang thông: 4000/3600 lm | Hiệu suất sáng: 100/90 lm/W | Nhiệt độ màu ánh sáng: 6500K/3000K | Hệ số trả màu (CRI): 80.0 | Tuổi thọ đèn: 25.000 giờ | Chu kỳ tắt bật: 50.000 lần | Mức tiêu thụ điện 1000 giờ: 40 kWh | Mức hiệu suất năng lượng: A+ | Chiều dài: 540 mm | Chiều rộng: 540 mm | Chiều cao: 46 mm | Hàm lượng thủy ngân: 0 mg | Thời gian khởi động của đèn: < 0,5 giây | Vật liệu thân: Tôn sơn tĩnh điện màu trắng"
898,ĐÈN LED ỐP TRẦN VUÔNG CẢM BIẾN CHUYẾN ĐỘNG 220X220/18W LN12.RAD,LN12.RAD220x220/18WWC LED00034752,https://static.rangdongstore.vn/product/Den-LED/LED_Op_tran/LN12N-170x170-12W/1.jpg?fm=webp&w=500,47,,,,533001,373101.0,,,,"Công suất: 18W | Nguồn điện danh định: 220V/50-60Hz | Thay thế bộ đèn ốp trần compact: 30W | Thay thế bộ đèn ốp trần ốp sợi đốt: 100W | Vật liệu: Nhôm đúc | Điện áp có thể hoạt động: 150V – 250 V | Dòng điện (Max): 220 mA | Hệ số công suất: 0,5 | Quang thông: 1260/1400 lm | Hiệu suất sáng: 70/78 lm/W | Nhiệt độ màu ánh sáng: 3000K/6500K | Hệ số trả màu (CRI): 80.0 | Tuổi thọ đèn: 25.000 giờ | Chu kỳ tắt bật: 50.000 lần | Mức tiêu thụ điện 1000 giờ: 18 kWh | Mức hiệu suất năng lượng: A+ | Chiều dài: 220 mm | Chiều rộng: 220 mm | Chiều cao: 36 | Hàm lượng thủy ngân: 0 mg | Thời gian khởi động của đèn: < 0,5 giây"
899,ĐÈN LED ỐP TRẦN VUÔNG CẢM BIẾN CHUYẾN ĐỘNG 220X220/18W LN12.RAD,LN12.RAD220x220/18WHL LED00032011,https://static.rangdongstore.vn/product/Den-LED/LED_Op_tran/LN12RAD-220x220-18W-HL/1.jpg?fm=webp&w=500,47,,,,533001,373101.0,,,,"Công suất: 18W | Nguồn điện danh định: 220V/50-60Hz | Thay thế bộ đèn ốp trần compact: 30W | Thay thế bộ đèn ốp trần ốp sợi đốt: 100W | Vật liệu: Nhôm đúc | Điện áp có thể hoạt động: 150V – 250 V | Dòng điện (Max): 220 mA | Hệ số công suất: 0,5 | Quang thông: 1260/1400 lm | Hiệu suất sáng: 70/78 lm/W | Nhiệt độ màu ánh sáng: 3000K/6500K | Hệ số trả màu (CRI): 80.0 | Tuổi thọ đèn: 25.000 giờ | Chu kỳ tắt bật: 50.000 lần | Mức tiêu thụ điện 1000 giờ: 18 kWh | Mức hiệu suất năng lượng: A+ | Chiều dài: 220 mm | Chiều rộng: 220 mm | Chiều cao: 36 | Hàm lượng thủy ngân: 0 mg | Thời gian khởi động của đèn: < 0,5 giây"
900,BỘ ĐIỀU KHIỂN TRUNG TÂM RD-HC03.LCD,RD-HC03.LCD LED00064399,https://static.rangdongstore.vn/240123016750/2024/01/23/RD-HC03.LCD-1.jpg?fm=webp&w=500,48,,,,19250000,18900000.0,,,,"Tần số danh định: 50/60 Hz | Điện áp nguồn danh định: 220 V | Dải điện áp hoạt động: (100 ÷ 240) V | Cổng đầu ra điều khiển relay: 2 cổng
Max: 200W/cổng | Số lần bật tắt mỗi nút: 100.000 lần | Chuẩn kết nối có dây: RS485/RJ45 | Nguồn cấp: Micro USB 5VDC/2A | Chuẩn kết nối không dây: Wifi-2.4GHz/BLE-5.0 | Dải nhiệt độ hoạt động: -10 đến 45 độ C | Độ ẩm môi trường hoạt động: 0-90% (không đọng sương) | Kích thước: 205x86x52 mm | Khối lượng: 350 gam | Tiêu chuẩn áp dụng: TCVN 6615-1/IEC 61058-1"
901,LOA THÔNG MINH MAIKA MK100B (MÀU ĐEN),K100B LED00058415,https://static.rangdongstore.vn/230629010466/2023/06/29/Loa_Maika_1.jpg?fm=webp&w=500,48,,,,2389970,2390000.0,,,,No description
902,ĐÈN LED DOWNLIGHT XOAY GÓC ĐỔI MÀU AT22.BLE 60/12W,AT22.BLE60/12W LED00044126,https://static.rangdongstore.vn/220803009642/2022/08/03/AT22.BLE-1.jpg?fm=webp&w=500,48,,,,1133000,1076000.0,,,,No description
903,BỘ ĐIỀU KHIỂN TRUNG TÂM RD-HC01,RD-HC01 LED00034330,https://static.rangdongstore.vn/product/Den-LED/Led_Bluetooth/HC/HC-0.jpg?fm=webp&w=500,48,,,,2310000,2195000.0,,,,"Điện áp đầu vào: 150÷250 VAC | Điện áp đầu ra: 12VDC/1.7A | Nhiệt độ làm việc: -10÷40 0C | Chuẩn kết nối: Bluetooth Mesh, Zigbee, Ethernet - Wifi | Cấp bảo vệ: IP65 | Chiều cao: 120 mm | Chiều dài: 91 mm | Chiều rộng: 28 mm"
904,ĐÈN LED BULB TRỤ 14W TR70N1,TR70N1/14W.H LED00005192,https://static.rangdongstore.vn/product/Den-LED/LED_Bulb/TR70N1-14W-H/1-TR70N1-14W-H.jpg?fm=webp&w=500,49,,,,117000,64000.0,,,,"Đầu đèn: E27 | Nguồn điện danh định: 220V/50Hz | Góc chùm tia: 180 độ | Vật liệu: Nhôm Nhựa | Công suất: 14 W | Điện áp có thể hoạt động: 150V - 250V | Dòng điện (Max): 0.15 A | Hệ số công suất: 0,5 | Quang thông: 1330/1190 lm | Hiệu suất sáng: 95/85 lm/W | Nhiệt độ màu: 6500K/3000K | Hệ số trả màu (CRI): 83.0 | Tuổi thọ đèn: 20000 giờ | Chu kỳ tắt bật: 50.000 lần | Mức tiêu thụ điện 1000 giờ: 14 kWh | Mức hiệu suất năng lượng: A+ | Đường kính: 70 mm | Chiều cao: 128 mm | Hàm lượng thủy ngân: 0 mg | Thời gian khởi động của đèn: < 0,5 giây"
905,BÓNG LED BULB TR70N1/12W.DC 6500K (12-24VDC KẸP),TR70N1/12W.DC LED00058254,https://static.rangdongstore.vn/240423018072/2024/04/23/TR70N1%2012W.DC%20-%203.jpg?fm=webp&w=500,49,,,,147000,81000.0,,,,"Nguồn điện danh định: 12-24VDC     | Góc chùm tia: 180 độ                 | Vật liệu: Nhôm nhựa | Công suất: 12W          | Dòng điện (Max): 1.1 A | Quang thông: 1100 lm               | Nhiệt độ màu: 6500K | Hệ số trả màu (CRI): 80.0 | Tuổi thọ đèn: 20.000 giờ | Chu kỳ tắt bật: 50.000 lần | Mức tiêu thụ điện 1000 giờ: 12 kWh                                 | Mức hiệu suất năng lượng: A++ | Đường kính: 70 mm     | Chiều cao: 110 mm (loại kẹp); 117 mm (loại E27) | Hàm lượng thủy ngân: 0 mg                              | Thời gian khởi động của đèn: < 0,5 giây | Dải điện áp có thể hoạt động: (11 - 28.5) VDC"
906,ĐÈN LED BULB TRỤ 30W TR100N1,TR100N1/30W.H LED00012952,https://static.rangdongstore.vn/product/Den-LED/LED_Bulb/TR100N1-30W-H/1-TR100N1-30W-H.jpg?fm=webp&w=500,49,,,,226000,124000.0,,,,"Đầu đèn: E27 | Nguồn điện danh định: 220V/50Hz | Góc chùm tia: 180 độ | Vật liệu: Nhôm Nhựa | Công suất: 30 W | Điện áp có thể hoạt động: 150V - 250V | Dòng điện (Max): 0.36 A | Hệ số công suất: 0,5 | Quang thông: 2850/2550 lm | Hiệu suất sáng: 95/85 lm/W | Nhiệt độ màu: 6500K/3000K | Hệ số trả màu (CRI): 83.0 | Tuổi thọ đèn: 20000 giờ | Chu kỳ tắt bật: 50.000 lần | Mức tiêu thụ điện 1000 giờ: 30 kWh | Mức hiệu suất năng lượng: A+ | Đường kính: 100 mm | Chiều cao: 185 mm | Hàm lượng thủy ngân: 0 mg | Thời gian khởi động của đèn: < 0,5 giây"
907,ĐÈN LED BULB TRỤ 10W TR60N2,TR60N2/10W.H LED00012419,https://static.rangdongstore.vn/230823013268/2023/08/23/1-TR60N2-10W-H.jpg?fm=webp&w=500,49,,,,81000,45000.0,,,,"Đầu đèn: E27 | Nguồn điện danh định: 220V/50Hz | Góc chùm tia: 180 độ | Vật liệu: Nhôm Nhựa | Công suất: 10W | Điện áp có thể hoạt động: 150V - 250V | Dòng điện (Max): 0.12 A | Hệ số công suất: 0,5 | Quang thông: 950/800 lm | Hiệu suất sáng: 95/80 lm/W | Nhiệt độ màu: 6500K/3000K | Hệ số trả màu (CRI): 83.0 | Tuổi thọ đèn: 20000 giờ | Chu kỳ tắt bật: 50.000 lần | Mức tiêu thụ điện 1000 giờ: 10 kWh | Mức hiệu suất năng lượng: A+ | Đường kính: 60mm | Chiều cao: 118mm | Hàm lượng thủy ngân: 0 mg | Thời gian khởi động của đèn: < 0,5 giây"
908,BÓNG LED BULB TR100N1/30W.DC 6500K (12-24VDC E27),TR100N1/30W.DC LED00058249,https://static.rangdongstore.vn/240423018071/2024/04/23/TR70N1%2012W.DC%20-%202.jpg?fm=webp&w=500,49,,,,225000,124000.0,,,,"Nguồn điện danh định: 12-24VDC     | Góc chùm tia: 180 độ                 | Vật liệu: Nhôm nhựa | Công suất: 30W          | Dòng điện (Max): 2.8A | Quang thông: 2500 lm               | Nhiệt độ màu: 6500K | Hệ số trả màu (CRI): 80.0 | Tuổi thọ đèn: 20.000 giờ | Chu kỳ tắt bật: 50.000 lần | Mức tiêu thụ điện 1000 giờ: 30 kWh                                 | Mức hiệu suất năng lượng: A++ | Đường kính: 100 mm     | Chiều cao: 178 mm (loại kẹp); 185 mm (loại E27) | Hàm lượng thủy ngân: 0 mg                              | Thời gian khởi động của đèn: < 0,5 giây | Dải điện áp có thể hoạt động: (11 - 28.5) VDC"
909,BÓNG LED BULB TR80N1/20W.DC 6500K (12-24VDC E27),TR80N1/20W.DC LED00058252,https://static.rangdongstore.vn/240423018071/2024/04/23/TR70N1%2012W.DC%20-%202.jpg?fm=webp&w=500,49,,,,160000,88000.0,,,,"Nguồn điện danh định: 12-24VDC     | Góc chùm tia: 180 độ                 | Vật liệu: Nhôm nhựa | Công suất: 20W          | Dòng điện (Max): 1.85A | Quang thông: 1800 lm               | Nhiệt độ màu: 6500K | Hệ số trả màu (CRI): 80.0 | Tuổi thọ đèn: 20.000 giờ | Chu kỳ tắt bật: 50.000 lần | Mức tiêu thụ điện 1000 giờ: 20 kWh                                 | Mức hiệu suất năng lượng: A++ | Đường kính: 81 mm     | Chiều cao: 136 mm (loại kẹp); 143 mm (loại E27) | Hàm lượng thủy ngân: 0 mg                              | Thời gian khởi động của đèn: < 0,5 giây | Dải điện áp có thể hoạt động: (11 - 28.5) VDC"
910,BÓNG LED BULB TR100N1/30W.DC 6500K (12-24VDC KẸP),TR100N1/30W.DCKẸP LED00058250,https://static.rangdongstore.vn/240423018072/2024/04/23/TR70N1%2012W.DC%20-%203.jpg?fm=webp&w=500,49,,,,246000,135000.0,,,,"Nguồn điện danh định: 12-24VDC     | Góc chùm tia: 180 độ                 | Vật liệu: Nhôm nhựa | Công suất: 30W          | Dòng điện (Max): 2.8A | Quang thông: 2500 lm               | Nhiệt độ màu: 6500K | Hệ số trả màu (CRI): 80.0 | Tuổi thọ đèn: 20.000 giờ | Chu kỳ tắt bật: 50.000 lần | Mức tiêu thụ điện 1000 giờ: 30 kWh                                 | Mức hiệu suất năng lượng: A++ | Đường kính: 100 mm     | Chiều cao: 178 mm (loại kẹp); 185 mm (loại E27) | Hàm lượng thủy ngân: 0 mg                              | Thời gian khởi động của đèn: < 0,5 giây | Dải điện áp có thể hoạt động: (11 - 28.5) VDC"
911,ĐÈN LED BULB TRỤ 12W TR70N2,TR70N2/12W.H LED00038874,https://static.rangdongstore.vn/product/Den-LED/LED_Bulb/LED_TR60N2_12W/LED_TR60N2_12W_1.jpg?fm=webp&w=500,49,,,,91000,50000.0,,,,"Đầu đèn: E27 | Nguồn điện danh định: 220V/50Hz | Góc chùm tia: 180 độ | Vật liệu: Nhôm Nhựa | Công suất: 12W | Điện áp có thể hoạt động: 150V - 250V | Dòng điện (Max): 0.13 A | Hệ số công suất: 0,5 | Quang thông: 1140/1080lm | Hiệu suất sáng: 95/90lm/W | Nhiệt độ màu: 6500K/3000K | Hệ số trả màu (CRI): 83.0 | Tuổi thọ đèn: 20000 giờ | Chu kỳ tắt bật: 50.000 lần | Mức tiêu thụ điện 1000 giờ: 12kWh | Mức hiệu suất năng lượng: A+ | Đường kính: 70mm | Chiều cao: 128mm | Hàm lượng thủy ngân: 0 mg | Thời gian khởi động của đèn: < 0,5 giây"
912,ĐÈN LED BULB TRỤ 40W TR120N1,TR120N1/40W.H LED00072463,https://static.rangdongstore.vn/2204005221/2022/04/11/bong-led-bulb-tr120n1-40w-e27-3000k-ss-q3t.jpeg?fm=webp&w=500,49,,,,302000,166000.0,,,,"Đầu đèn: E27 | Nguồn điện danh định: 220V/50Hz | Góc chùm tia: 180 độ | Vật liệu: Nhôm Nhựa | Công suất: 40 W | Điện áp có thể hoạt động: 150V - 250V | Dòng điện (Max): 0.55 A | Hệ số công suất: 0,5 | Quang thông: 3800/3400 lm | Hiệu suất sáng: 95/85 lm/W | Nhiệt độ màu: 6500/3000K | Hệ số trả màu (CRI): 83.0 | Tuổi thọ đèn: 20000 giờ | Chu kỳ tắt bật: 50.000 lần | Mức tiêu thụ điện 1000 giờ: 40 kWh | Mức hiệu suất năng lượng: A+ | Đường kính: 120 mm | Chiều cao: 208 mm | Hàm lượng thủy ngân: 0 mg | Thời gian khởi động của đèn: < 0,5 giây"
913,ĐÈN LED BULB TRỤ 50W TR140N1,TR140N1/50W.H LED00072370,https://static.rangdongstore.vn/2204005236/2022/04/11/bong-led-bulb-tr140n1-50w-e27-6500k-ss-p3s.jpeg?fm=webp&w=500,49,,,,414000,227700.0,,,,"Đầu đèn: E27 | Nguồn điện danh định: 220V/50Hz | Góc chùm tia: 180 độ | Vật liệu: Nhôm - Nhựa | Công suất: 50 W | Điện áp có thể hoạt động: 150V - 250V | Dòng điện (Max): 0.66 A | Hệ số công suất: 0,5 | Quang thông: 4750/4250 lm | Hiệu suất sáng: 95/85 lm/W | Nhiệt độ màu: 6500K/3000K | Hệ số trả màu (CRI): 83.0 | Tuổi thọ đèn: 20000 giờ | Chu kỳ tắt bật: 50.000 lần | Mức tiêu thụ điện 1000 giờ: 50 kWh | Mức hiệu suất năng lượng: A+ | Đường kính: 140 mm | Chiều cao: 225 mm | Hàm lượng thủy ngân: 0 mg | Thời gian khởi động của đèn: < 0,5 giây"
914,ĐÈN LED BULB TRỤ 60W TR135NĐ1,TR135NĐ1/60W LED00046398,https://static.rangdongstore.vn/2204005211/2022/04/11/bong-led-bulb-tr135nd1-60w-e27-6500k-ss-ry4.jpeg?fm=webp&w=500,49,,,,501000,276000.0,,,,"Nguồn điện danh định: 220V/50-60Hz | Góc chùm tia: 180 độ | Vật liệu: Nhôm đúc | Công suất: 60 W | Điện áp có thể hoạt động: 150V - 250V | Dòng điện (Max): 650 mA | Hệ số công suất: 0,5 | Quang thông: 5700/5100 lm | Hiệu suất sáng: 95/85 lm/W | Nhiệt độ màu: 6500K/3000K | Hệ số trả màu (CRI): 83.0 | Tuổi thọ đèn: 30000 giờ | Chu kỳ tắt bật: 50.000 lần | Mức tiêu thụ điện 1000 giờ: 60 kWh | Mức hiệu suất năng lượng: A+ | Đường kính: 135mm | Chiều cao: 260 mm | Hàm lượng thủy ngân: 0 mg | Thời gian khởi động của đèn: < 0,5 giây"
915,ĐÈN LED BULB TRỤ 80W TR135NĐ1,TR135NĐ1/80W LED00079938,https://static.rangdongstore.vn/2204004838/2022/04/11/bong-led-bulb-tr135nd1-80w-e27-3000k-q3h.jpeg?fm=webp&w=500,49,,,,551000,303050.0,,,,"Nguồn điện danh định: 220V/50-60Hz | Góc chùm tia: 180 độ | Vật liệu: Nhôm đúc | Công suất: 80 W | Điện áp có thể hoạt động: 150V - 250V | Dòng điện (Max): 900 mA | Hệ số công suất: 0,5 | Quang thông: 7600/7400 lm | Hiệu suất sáng: 95/92 lm/W | Nhiệt độ màu: 6500K/3000K | Hệ số trả màu (CRI): 83.0 | Tuổi thọ đèn: 25000 giờ | Chu kỳ tắt bật: 50.000 lần | Mức tiêu thụ điện 1000 giờ: 80 kWh | Mức hiệu suất năng lượng: A+ | Đường kính: 135mm | Chiều cao: 260 mm | Hàm lượng thủy ngân: 0 mg | Thời gian khởi động của đèn: < 0,5 giây"
916,BÓNG LED BULB TR70N1/12W.DC 6500K (12-24VDC E27),TR70N1/12W.DC LED00058253,https://static.rangdongstore.vn/240423018071/2024/04/23/TR70N1%2012W.DC%20-%202.jpg?fm=webp&w=500,49,,,,123000,68000.0,,,,No description
917,BÓNG LED BULB TR160N1/60W E27 6500K,TR160N1/60WE27 LED00055384,https://static.rangdongstore.vn/240220017178/2024/02/20/TR160N1-60W.jpg?fm=webp&w=500,49,,,,501000,276000.0,,,,"Đầu đèn: E27 | Nguồn điện danh định: 220V/50Hz | Góc chùm tia: 180 độ | Vật liệu: Nhôm nhựa | Công suất: 60 W | Điện áp có thể hoạt động: 150V - 250V | Dòng điện (Max): 0.65 A | Hệ số công suất: 0,5 | Quang thông: 5700/5100 lm | Hiệu suất sáng: 95/85 lm/W | Nhiệt độ màu: 6500K/3000K | Hệ số trả màu (CRI): 83.0 | Tuổi thọ đèn: 20000 giờ | Chu kỳ tắt bật: 50.000 lần | Mức tiêu thụ điện 1000 giờ: 60 kWh | Mức hiệu suất năng lượng: A+ | Đường kính: 160 mm | Chiều cao: 242 mm | Hàm lượng thủy ngân: 0 mg | Thời gian khởi động của đèn: < 0,5 giây"
918,ĐÈN LED BULB TRỤ 20W TR80N1,TR80N1/20W.H LED00072353,https://static.rangdongstore.vn/product/Den-LED/LED_Bulb/TR80N1-20W-H/1-TR80N1-20W-H.jpg?fm=webp&w=500,49,,,,151000,83050.0,,,,No description
919,BÓNG LED BULB TR100NĐ2/30W E27,TR100NĐ2/30W LED00020147,https://static.rangdongstore.vn/2204005233/2022/04/11/bong-led-bulb-tr100nd2-30w-e27-6500k-ss-ila.jpeg?fm=webp&w=500,49,,,,249000,137000.0,,,,No description
920,ĐÈN LED BULB TRỤ 20W TR80NĐ2,TR80NĐ2/20W.H LED00020144,https://static.rangdongstore.vn/product/Den-LED/LED_Bulb/TR80-ND2-20W-H/TR80-ND-220W-H.jpg?fm=webp&w=500,49,,,,168999,93000.0,,,,"Đầu đèn: E27 | Nguồn điện danh định: 220V/50Hz | Góc chùm tia: 180 độ | Vật liệu: Nhôm đúc | Công suất: 20W | Điện áp có thể hoạt động: 150V - 250V | Dòng điện (Max): 250 mA | Hệ số công suất: 0,5 | Quang thông: 1900 lm | Hiệu suất sáng: 95 lm/W | Nhiệt độ màu: 6500K | Hệ số trả màu (CRI): 83.0 | Tuổi thọ đèn: 30.000 giờ | Chu kỳ tắt bật: 50.000 lần | Mức tiêu thụ điện 1000 giờ: 20 kWh | Mức hiệu suất năng lượng: A+ | Đường kính: 80 mm | Chiều cao: 146 mm | Hàm lượng thủy ngân: 0 mg | Thời gian khởi động của đèn: < 0,5 giây"
921,BÓNG LED BULB TR80N1/20W.DC 6500K (12-24VDC KẸP),TR80N1/20W.DC LED00058251,https://static.rangdongstore.vn/240423018072/2024/04/23/TR70N1%2012W.DC%20-%203.jpg?fm=webp&w=500,49,,,,181000,100000.0,,,,"Nguồn điện danh định: 12-24VDC     | Góc chùm tia: 180 độ                 | Vật liệu: Nhôm nhựa | Công suất: 20W          | Dòng điện (Max): 1.85A | Quang thông: 1800 lm               | Nhiệt độ màu: 6500K | Hệ số trả màu (CRI): 80.0 | Tuổi thọ đèn: 20.000 giờ | Chu kỳ tắt bật: 50.000 lần | Mức tiêu thụ điện 1000 giờ: 20 kWh                                 | Mức hiệu suất năng lượng: A++ | Đường kính: 81 mm     | Chiều cao: 136 mm (loại kẹp); 143 mm (loại E27) | Hàm lượng thủy ngân: 0 mg                              | Thời gian khởi động của đèn: < 0,5 giây | Dải điện áp có thể hoạt động: (11 - 28.5) VDC"
922,ĐÈN LED DÂY LD03 ĐỔI MÀU 1000/9W (220V-50M),1000/9W LED00063924,https://static.rangdongstore.vn/241030026001/2024/10/30/LD03-9W-3000K-1.jpg?fm=webp&w=500,50,,,,79000,55300.0,,,,No description
923,BỘ PHỤ KIỆN NỐI DÀI LD01.7W,LD01.7W LED00032792,https://static.rangdongstore.vn/241123026762/2024/11/23/n%E1%BB%91i%20d%C3%A0i%201.jpg?fm=webp&w=500,50,,,,40000,32000.0,,,,No description
924,BỘ DRIVER LED DÂY LD01.7W,LD01.7W LED00032797,https://static.rangdongstore.vn/2204248824/2022/04/24/Driver_led_day_mot_mau.jpg?fm=webp&w=500,50,,,,64000,51000.0,,,,No description
925,BỘ PHỤ KIỆN NỐI DÀI LD01.9W DÙNG CHO LD01 VÀ LD03,LD01.9W LED00032793,https://static.rangdongstore.vn/241123026763/2024/11/23/n%E1%BB%91i%20d%C3%A0i.jpg?fm=webp&w=500,50,,,,40000,32000.0,,,,No description
926,"BỘ DRIVER LED DÂY ĐỔI MÀU 9W LD01 CCT DÙNG CHO LED DÂY MODEL LD01, LD03 ĐỔI MÀU 9W",LD01.9WCCT LED00032795,https://static.rangdongstore.vn/product/Den-LED/LED_DAY/Driver_led_day_doi_mau.jpg?fm=webp&w=500,50,,,,116000,93000.0,,,,No description
927,ĐÈN LED DÂY LD03 1000/7W 3000K (220V-50M),LD031000/7W LED00063921,https://static.rangdongstore.vn/241030026002/2024/10/30/LD03-7W-3000K-1.jpg?fm=webp&w=500,50,,,,47001,32901.0,,,,No description
928,ĐÈN LED DÂY ĐỔI MÀU RD-LD01.9W,RD-LD01.9WĐ LED00032252,https://static.rangdongstore.vn/2204248890/2022/04/24/RD_LD_01-9w-CCT-light.jpg?fm=webp&w=500,50,,,,79000,63000.0,,,,No description
929,ĐÈN LED DÂY 100/8W LD01.RGB.IR (GIÁ BÁN THEO MÉT),LD01.RGB.IR100/8W LED00028753,https://static.rangdongstore.vn/product/Den-LED/LED_DAY/RD-LD-9w/RD_LD_01-9w.jpg?fm=webp&w=500,50,,,,95000,76000.0,,,,"Nguồn điện danh định: 220V/50-60Hz | Công suất: 8W/m | Điện áp có thể hoạt động: 150 V - 250 V | Màu ánh sáng: Red/Green/Blue | Tuổi thọ đèn: 15.000 giờ | Chu kỳ tắt bật: 50.000 lần | Mức tiêu thụ điện 1000 giờ: 8kWh | Mức hiệu suất năng lượng: A+ | Chiều rộng: 15 mm | Chiều cao: 7.5 mm | Hàm lượng thủy ngân: 0 mg | Thời gian khởi động của đèn: < 0,5 giây"
930,ĐÈN LED DÂY TRANG TRÍ 1000/7W MÀU ĐỎ LD01.R (GIÁ BÁN THEO MÉT),LD01.R1000/7W LED00037839,https://static.rangdongstore.vn/product/Den-LED/LED_DAY/LD01-B-1000-7W/LD01.R-1000-7W.jpg?fm=webp&w=500,50,,,,67000,54000.0,,,,"Nguồn điện danh định: 220V/50Hz | Công suất: 7W | Điện áp có thể hoạt động: 150 V - 250 V | Tuổi thọ đèn: 25.000 giờ | Chu kỳ tắt bật: 50.000 lần | Mức tiêu thụ điện 1000 giờ: 7kWh | Mức hiệu suất năng lượng: A+ | Chiều rộng: 13±1 mm | Chiều cao: 7±1 mm | Hàm lượng thủy ngân: 0 mg | Thời gian khởi động của đèn: < 0,5 giây | Dòng điện (Max): 0.04 A | Hệ số công suất: 0.9 | Màu sắc: Đỏ"
931,BỘ DRIVER LED DÂY DR-LD01 60W(12VDC) DÙNG CHO LED DÂY LD01 12W (VDC),LD01 LED00039782,https://static.rangdongstore.vn/220920009828/2022/09/20/Driver_led_day_mot_mau.jpg?fm=webp&w=500,50,,,,281000,225000.0,,,,No description
932,ĐÈN LED DÂY LD01 7W,RD-LD01.7W LED00032250,https://static.rangdongstore.vn/product/Den-LED/LED_DAY/RD-LD-7W/RD_LD_01-7w.jpg?fm=webp&w=500,50,,,,47001,38000.0,,,,"Nguồn điện danh định: 220V/50Hz | Công suất: 7W | Điện áp có thể hoạt động: 150 V - 250 V | Tuổi thọ đèn: 25.000 giờ | Chu kỳ tắt bật: 50.000 lần | Mức tiêu thụ điện 1000 giờ: 7kWh | Mức hiệu suất năng lượng: A+ | Chiều rộng: 14 mm | Chiều cao: 8 mm | Hàm lượng thủy ngân: 0 mg | Thời gian khởi động của đèn: < 0,5 giây | Dòng điện (Max): 0,04 A | Hệ số công suất: 0.9 | Quang thông: 300 lm | Nhiệt độ màu ánh sáng: 6500K - 3000K | Hệ số trả màu (CRI): 80.0"
933,ĐÈN LED DÂY RD-LD01.9W,RD-LD01.9W100m LED00032254,https://static.rangdongstore.vn/2204005918/2022/04/11/den-led-day-rd-ld01-9w-6500k-cvi.jpeg?fm=webp&w=500,50,,,,72000,58000.0,,,,"Nguồn điện danh định: 220V/50Hz | Công suất: 9W | Điện áp có thể hoạt động: 150 V - 250 V | Tuổi thọ đèn: 25.000 giờ | Chu kỳ tắt bật: 50.000 lần | Mức tiêu thụ điện 1000 giờ: 9kWh | Mức hiệu suất năng lượng: A+ | Chiều rộng: 18 mm | Chiều cao: 9 mm | Hàm lượng thủy ngân: 0 mg | Thời gian khởi động của đèn: < 0,5 giây | Dòng điện (Max): 0.065 A | Hệ số công suất: 0.9 | Quang thông: 700 lm | Nhiệt độ màu ánh sáng: 6500K - 3000K | Hệ số trả màu (CRI): 80.0"
934,ĐÈN LED DÂY LD02 1000/7W 3000K (100M),LD021000/7W LED00059814,https://static.rangdongstore.vn/231016015093/2023/10/16/Screenshot%202023-10-16%20at%2008.31.19.png?fm=webp&w=500,50,,,,43000,34000.0,,,,"Nguồn điện danh định: 220V/50-60Hz | Công suất: 7W | Điện áp có thể hoạt động: 150 V - 250 V | Tuổi thọ đèn: 25.000 giờ | Chu kỳ tắt bật: 50.000 lần | Mức tiêu thụ điện 1000 giờ: 7kWh | Mức hiệu suất năng lượng: A+ | Chiều rộng: 11 mm | Chiều cao: 5 mm | Hàm lượng thủy ngân: 0 mg | Thời gian khởi động của đèn: < 0,5 giây | Dòng điện (Max): 0,04 A | Hệ số công suất: 0.9 | Quang thông: 300 lm | Nhiệt độ màu ánh sáng: 6500K  | Hệ số trả màu (CRI): 80.0"
935,"BỘ PHỤ KIỆN NỐI DÀI LD02 1000/7W,9W",LD02 LED00064650,https://static.rangdongstore.vn/241123026763/2024/11/23/n%E1%BB%91i%20d%C3%A0i.jpg?fm=webp&w=500,50,,,,40000,28000.0,,,,No description
936,ĐÈN LED DÂY LD02 1000/9W 3000K (100M),LD021000/9W LED00059816,https://static.rangdongstore.vn/231016015093/2023/10/16/Screenshot%202023-10-16%20at%2008.31.19.png?fm=webp&w=500,50,,,,60000,48000.0,,,,"Nguồn điện danh định: 220V/50-60Hz | Công suất: 9W | Điện áp có thể hoạt động: 150 V - 250 V | Tuổi thọ đèn: 25.000 giờ | Chu kỳ tắt bật: 50.000 lần | Mức tiêu thụ điện 1000 giờ: 9kWh | Mức hiệu suất năng lượng: A+ | Chiều rộng: 11 mm | Chiều cao: 5 mm | Hàm lượng thủy ngân: 0 mg | Thời gian khởi động của đèn: < 0,5 giây | Dòng điện (Max): 0,065 A | Hệ số công suất: 0.9 | Quang thông: 700 lm | Nhiệt độ màu ánh sáng: 3000K/6500K  | Hệ số trả màu (CRI): 80.0"
937,ĐÈN LED DÂY LD03 1000/7W 3000K (220V-100M),LD031000/7W LED00060356,https://static.rangdongstore.vn/230808011204/2023/08/08/9222cdf7-b797-4069-b11f-a72e2c66e386.jpg?fm=webp&w=500,50,,,,47001,32901.0,,,,No description
938,"BỘ DRIVER LED DÂY LD02 1000/7W,9W","LD021000/7W,9W LED00064652",https://static.rangdongstore.vn/240423018073/2024/04/23/Driver_led_day_mot_mau.jpg?fm=webp&w=500,50,,,,68000,58000.0,,,,No description
939,ĐÈN LED DÂY LD03 ĐỔI MÀU 1000/9W (220V-100M),LD03Đ1000/9W LED00062559,https://static.rangdongstore.vn/231030015432/2023/10/30/mceu_97083940611698658212046.png?fm=webp&w=500,50,,,,79000,55300.0,,,,"Nguồn điện danh định: 220V/50Hz | Công suất: 9W | Điện áp có thể hoạt động: 150 V - 250 V | Tuổi thọ đèn: 25.000 giờ | Chu kỳ tắt bật: 50.000 lần | Mức tiêu thụ điện 1000 giờ: 9kWh | Mức hiệu suất năng lượng: A+ | Chiều rộng: 18 mm | Chiều cao: 9 mm | Hàm lượng thủy ngân: 0 mg | Thời gian khởi động của đèn: < 0,5 giây | Dòng điện (Max): 0,065 A | Hệ số công suất: 0,9 | Quang thông: 600 lm | Nhiệt độ màu ánh sáng: 6500K - 4000K - 3000K | Hệ số trả màu (CRI): 80.0"
940,ĐÈN LED DÂY LD03 1000/9W 3000K (220V-50M),1000/9W LED00063923,https://static.rangdongstore.vn/241030026001/2024/10/30/LD03-9W-3000K-1.jpg?fm=webp&w=500,50,,,,72000,50400.0,,,,No description
941,ĐÈN LED DÂY LD03 1000/9W 6500K (220V-100M),LD031000/9W6500K220V-100m LED00061695,https://static.rangdongstore.vn/230808011204/2023/08/08/9222cdf7-b797-4069-b11f-a72e2c66e386.jpg?fm=webp&w=500,50,,,,72000,50400.0,,,,No description
942,ĐÈN LED DÂY LD01.V2.B 1000/7W BLUE (AC 220V-100M),LD01.V2.B1000/7W LED00059923,https://static.rangdongstore.vn/240726019433/2024/07/26/LD01.V2.BL-1000-7W-1.jpg?fm=webp&w=500,50,,,,47001,38000.0,,,,"Nguồn điện danh định: 220V/50-60Hz | Công suất: 7W | Điện áp có thể hoạt động: 150 V - 250 V | Màu ánh sáng: Đỏ | Tuổi thọ đèn: 25.000 giờ | Chu kỳ tắt bật: 50.000 lần | Mức tiêu thụ điện 1000 giờ: 7kWh | Mức hiệu suất năng lượng: A+ | Chiều rộng: 13 mm | Chiều cao: 7 mm | Hàm lượng thủy ngân: 0 mg | Thời gian khởi động của đèn: < 0,5 giây | Dòng điện (Max): 0,04 A | Hệ số công suất: 0.9"
943,ĐÈN LED DÂY TRANG TRÍ 1000/7W MÀU XANH LD01.B (GIÁ BÁN THEO MÉT),LD01.B1000/7W LED00037840,https://static.rangdongstore.vn/product/Den-LED/LED_DAY/LD01-B-1000-7W/LD01.B-1000-7W.jpg?fm=webp&w=500,50,,,,67000,54000.0,,,,"Nguồn điện danh định: 220V/50Hz | Công suất: 7W | Điện áp có thể hoạt động: 150 V - 250 V | Tuổi thọ đèn: 25.000 giờ | Chu kỳ tắt bật: 50.000 lần | Mức tiêu thụ điện 1000 giờ: 7kWh | Mức hiệu suất năng lượng: A+ | Chiều rộng: 13±1 mm | Chiều cao: 7±1 mm | Hàm lượng thủy ngân: 0 mg | Thời gian khởi động của đèn: < 0,5 giây | Dòng điện (Max): 0.04 A | Hệ số công suất: 0.9 | Màu sắc: Xanh"
944,ĐÈN LED PANEL VUÔNG ĐỔI MÀU 300X1200/40W ĐIỀU KHIỂN BLUETOOTH P07.BLE,P07.BLE300x1200/40W LED00034303,https://static.rangdongstore.vn/product/Den-LED/Led_Bluetooth/Panel/P07_30_120_40W_BLE_DIM_CCT.jpg?fm=webp&w=500,51,,,,1909001,1814000.0,,,,"Công suất: 40W | Nguồn điện danh định: 220V/50-60Hz | Điện áp có thể hoạt động: 150 V - 265 V | Dòng điện (Max): 0,4 A | Hệ số công suất: 0,9 | Quang thông: 3600  lm | Hiệu suất sáng: 90 lm/W | Nhiệt độ màu ánh sáng: 3000K ÷ 5000K | Hệ số trả màu (CRI): 80.0 | Kết nối: Kết nối không dây - Bluetooth | Tuổi thọ đèn: 25.000 giờ | Chu kỳ tắt bật: 50.000 lần | Mức tiêu thụ điện 1000 giờ: 40kWh | Mức hiệu suất năng lượng: A+ | Chiều dài: 1200 mm | Chiều rộng: 300 mm | Chiều cao: 10 mm | Hàm lượng thủy ngân: 0 mg | Thời gian khởi động của đèn: < 0,5 giây"
945,ĐÈN LED PANEL VUÔNG ĐỔI MÀU 600X600/40W ĐIỀU KHIỂN BLUETOOTH P07.BLE,P07.BLE600x600/40W LED00034302,https://static.rangdongstore.vn/product/Den-LED/Led_Bluetooth/Panel/P07_60_60_40W_BLE_DIM_CCT.jpg?fm=webp&w=500,51,,,,1909001,1814000.0,,,,"Công suất: 40W | Nguồn điện danh định: 220V/50-60Hz | Điện áp có thể hoạt động: 150 V - 265 V | Dòng điện (Max): 0,4 A | Hệ số công suất: 0,9 | Quang thông: 3600  lm | Hiệu suất sáng: 90 lm/W | Nhiệt độ màu ánh sáng: 3000K - 6500K | Hệ số trả màu (CRI): 80.0 | Kết nối: Kết nối không dây - Bluetooth | Tuổi thọ đèn: 25.000 giờ | Chu kỳ tắt bật: 50.000 lần | Mức tiêu thụ điện 1000 giờ: 40kWh | Mức hiệu suất năng lượng: A+ | Chiều dài: 600 mm | Chiều rộng: 600 mm | Chiều cao: 10 mm | Hàm lượng thủy ngân: 0 mg | Thời gian khởi động của đèn: < 0,5 giây"
946,ĐÈN LED PANEL ĐỔI MÀU P07.BLE 600X1200/75W,P07.BLE600x1200/75W LED00055235,https://static.rangdongstore.vn/230421010352/2023/04/21/z4279377454062_7d34a427f8b5de109f7fe9d5acd3d232.jpg?fm=webp&w=500,51,,,,3410000,3240000.0,,,,No description
947,BỘ PHỤ KIỆN NỐI GÓC VUÔNG RAY LED.48/NG,RAYLED.48/NG LED00066793,https://static.rangdongstore.vn/240130017071/2024/01/30/RAY-LED.48V-NG.jpg?fm=webp&w=500,52,,,,81000,65000.0,,,,No description
948,BỘ NGUỒN ĐÈN DR- RAY LED.48 200W,DR-RAYLED.48200W LED00066798,https://static.rangdongstore.vn/240130017076/2024/01/30/DR-RAY-LED.48V-200W.jpg?fm=webp&w=500,52,,,,506000,405000.0,,,,"Dải điện áp đầu vào: 180-265 VAC | Dòng điện tối đa: 1.26 A | Nhiệt độ: ta: 40 độ C
tc: 85 độ C | Hệ số công suất: >0.6 pF | Điện áp đầu ra: 48 VDC | Dòng điện đầu ra tối đa: 4A | Công suất tối đa: 200W | Khối lượng: 313 g"
949,ĐÈN RAY LED THANH RLT02 670/20W (48V),RLT02670/20W48V LED00063606,https://static.rangdongstore.vn/231227016266/2023/12/27/RLT02.BLE.CW%20670%2010W%20(48V)-3.jpg?fm=webp&w=500,52,,,,626000,501000.0,,,,Công suất: 20W | Điện áp hoạt động: 48VDC | Dòng điện (Max): 0.5 A | Quang thông: 1105/1241/1278 lm | Nhiệt độ màu: 3000K/4000K/6500K | Hệ số trả màu (CRI): 90.0 | Tuổi thọ đèn: 50.000 giờ | Chiều dài: 675 mm | Chiều rộng: 34 mm | Chiều cao: 31.2 mm | Dải nhiệt độ hoạt động: (-10 - 40) độ C | Dải độ ẩm hoạt động: ≤90%
950,BỘ PHỤ KIỆN NỐI XOAY GÓC RAY LED.48/NXG,RAYLED.48/NXG LED00066794,https://static.rangdongstore.vn/240130017072/2024/01/30/RAY-LED.48V-NXG-2.jpg?fm=webp&w=500,52,,,,81000,65000.0,,,,No description
951,ĐÈN RAY LED THANH RLT02 370/10W (48V),RLT02370/10W48V LED00063605,https://static.rangdongstore.vn/231227016258/2023/12/27/CX35-FG-375-2.jpg?fm=webp&w=500,52,,,,432000,346000.0,,,,Công suất: 10W | Điện áp hoạt động: 48VDC | Dòng điện (Max): 0.25A | Quang thông: 650/730/750 lm | Nhiệt độ màu: 3000K/4000K/6500K | Hệ số trả màu (CRI): 90.0 | Tuổi thọ đèn: 50.000 giờ | Chiều dài: 375 mm | Chiều rộng: 34 mm | Chiều cao: 31.2 mm | Dải nhiệt độ hoạt động: (-10 - 40) độ C | Dải độ ẩm hoạt động: ≤90%
952,BỘ PHỤ KIỆN NỐI THẲNG RAY LED.48/NT,RAYLED.48/NT LED00066792,https://static.rangdongstore.vn/240130017070/2024/01/30/7.jpg?fm=webp&w=500,52,,,,57000,46000.0,,,,No description
953,ĐÈN RAY LED THANH RLT01 330/10W (48V),RLT01330/10W48V LED00063602,https://static.rangdongstore.vn/240123016756/2024/01/23/CX35-XTD-F-10-2.jpg?fm=webp&w=500,52,,,,540000,432000.0,,,,Công suất: 10W | Điện áp hoạt động: 48VDC | Dòng điện (Max): 0.25A | Quang thông: 580/750/760 lm | Nhiệt độ màu: 2700K/4000K/5700K | Hệ số trả màu (CRI): 90.0 | Tuổi thọ đèn: 50.000 giờ | Chiều dài: 274 mm | Chiều rộng: 34 mm | Chiều cao: 33 mm | Dải nhiệt độ hoạt động: (-10 - 40) độ C | Dải độ ẩm hoạt động: ≤90% | Góc chiếu: 24 độ
954,BỘ PHỤ KIỆN RAY LED.48 (1M),RAYLED.481m LED00066797,https://static.rangdongstore.vn/240130017075/2024/01/30/RAY%20LED.48V%20(2m).jpg?fm=webp&w=500,52,,,,209000,167000.0,,,,No description
955,BỘ PHỤ KIỆN HỘP NGUỒN RAY LED.48/HN,RAYLED.48/HN LED00066795,https://static.rangdongstore.vn/240130017073/2024/01/30/RAY-LED.48V-HN.jpg?fm=webp&w=500,52,,,,48000,38000.0,,,,No description
956,ĐÈN RAY LED THANH XOAY GÓC RLT03 130/6W (48V),RLT03130/6W48V LED00063603,https://static.rangdongstore.vn/240123016754/2024/01/23/RLT3.BLE.CW-130-6W-2.jpg?fm=webp&w=500,52,,,,389000,311000.0,,,,Công suất: 6W | Điện áp hoạt động: 48VDC | Dòng điện (Max): 0.16A | Quang thông: 324/408/409 lm | Nhiệt độ màu: 2700K/4000K/5700K | Hệ số trả màu (CRI): 90.0 | Tuổi thọ đèn: 50.000 giờ | Chiều dài: 135 mm | Chiều rộng: 22 mm | Chiều cao: 105 mm | Dải nhiệt độ hoạt động: (-10 - 40) độ C | Dải độ ẩm hoạt động: ≤90% | Góc chiếu: 24 độ | Góc xoay: 180 độ
957,ĐÈN RAY LED THANH XOAY GÓC RLT03 240/12W (48V),RLT03240/12W48V LED00063604,https://static.rangdongstore.vn/240123016747/2024/01/23/CX35-XTD-A-12-2.jpg?fm=webp&w=500,52,,,,518000,414000.0,,,,Công suất: 12W | Điện áp hoạt động: 48VDC | Dòng điện (Max): 0.29A | Quang thông: 580/700/720 lm | Nhiệt độ màu: 2700K/4000K/5700K | Hệ số trả màu (CRI): 90.0 | Tuổi thọ đèn: 50.000 giờ | Chiều dài: 230 mm | Chiều rộng: 22 mm | Chiều cao: 105 mm | Dải nhiệt độ hoạt động: (-10 - 40) độ C | Dải độ ẩm hoạt động: ≤90% | Góc chiếu: 24 độ | Góc xoay: 180 độ
958,BỘ PHỤ KIỆN ĐẦU HỒI HỘP NGUỒN RAY LED.48/DH-HN,RAYLED.48/DH-HN LED00066796,https://static.rangdongstore.vn/240130017074/2024/01/30/RAY-LED.48V-DH-HN.jpg?fm=webp&w=500,52,,,,20000,16000.0,,,,No description
959,ĐÈN LED TRACKLIGHT 25W ĐỔI MÀU ĐIỀU KHIỂN TỪ XA TRL04.RF,TRL04.RF25W LED00027939-TR0100,https://static.rangdongstore.vn/product/Den-LED/LED_Tracklight/TRL04L-12W/TRL04-12W-0.jpg?fm=webp&w=500,53,,,,702000,562000.0,,,,"Nguồn điện danh định: 220V/50Hz | Công suất: 25W | Góc chiếu: 24 độ | Điện áp có thể hoạt động: 150 V - 250 V | Dòng điện (Max): 0,34 A | Hệ số công suất: 0,5 | Quang thông: 1380 - 1650 lm | Hiệu suất sáng: 55 - 66 lm/W | Nhiệt độ màu ánh sáng: 3000K - 6500K | Hệ số trả màu (CRI): 80 | Tuổi thọ đèn: 25.000 giờ | Chu kỳ tắt bật: 50.000 lần | Mức tiêu thụ điện 1000 giờ: 25 kWh | Mức hiệu suất năng lượng: A+ | Đường kính: 90 mm | Cao: 180 mm | Dài: 140 mm | Hàm lượng thủy ngân: 0 mg | Thời gian khởi động của đèn: < 0,5 giây"
960,ĐÈN LED DOWNLIGHT ÂM TRẦN 90/5W AT06.V2,AT06.V290/5W LED00046518,https://static.rangdongstore.vn/product/Den-LED/LED_Downlight/AT06.V2-90-7W/AT06.V2/AT06V2.jpg?fm=webp&w=500,54,,,,121000,79000.0,,,,"Công suất: 5W | Điện áp có thể hoạt động: (150 - 250)V | Dòng điện (Max):     mA | Hệ số công suất: 0,5 | Quang thông:   lm | Hiệu suất sáng:  lm/W | Nhiệt độ màu:   | Hệ số trả màu (CRI): 80.0 | Tuổi thọ đèn:  giờ | Chu kỳ tắt bật: 50.000 lần | Mức tiêu thụ điện 1000 giờ: 5 kWh | Mức hiệu suất năng lượng: A+ | Đường kính: 114 mm | Chiều cao: 44 mm | Hàm lượng thủy ngân: 0 mg | Thời gian khởi động của đèn: < 0,5 giây"
961,ĐÈN LED DOWNLIGHT ÂM TRẦN 90/7W AT06.V2,AT06.V290/7W LED00042239,https://static.rangdongstore.vn/product/Den-LED/LED_Downlight/AT06.V2-90-7W/1-AT06-V2%2090-7W.jpg?fm=webp&w=500,54,,,,140000,91000.0,,,,"Công suất: 7W | Điện áp có thể hoạt động: (150 - 250)V | Dòng điện (Max): 90 mA | Hệ số công suất: 0,5 | Quang thông: 700lm | Hiệu suất sáng: 100lm/W | Nhiệt độ màu: 6500K/4000K/3000K | Hệ số trả màu (CRI): 80.0 | Tuổi thọ đèn: 25.000 giờ | Chu kỳ tắt bật: 50.000 lần | Mức tiêu thụ điện 1000 giờ: 7 kWh | Mức hiệu suất năng lượng: A+ | Đường kính: 114 mm | Chiều cao: 44 mm | Hàm lượng thủy ngân: 0 mg | Thời gian khởi động của đèn: < 0,5 giây"
962,ĐÈN LED DOWNLIGHT ÂM TRẦN 110/9W AT06.V2,AT06.V2110/9W LED00042293,https://static.rangdongstore.vn/product/Den-LED/LED_Downlight/AT06.V2-110-9W/1-AT06-V2%20110-9W.jpg?fm=webp&w=500,54,,,,201000,131000.0,,,,"Công suất: 9 W | Dòng điện (Max): 110 mA | Hệ số công suất: 0,5 | Quang thông: 900 lm | Hiệu suất sáng: 100 lm/W | Nhiệt độ màu: 6500K/4000K/3000K | Hệ số trả màu (CRI): 80.0 | Tuổi thọ đèn: 15.000 giờ | Chu kỳ tắt bật: 50.000 lần | Mức tiêu thụ điện 1000 giờ: 9 kWh | Mức hiệu suất năng lượng: A+ | Đường kính: 134 mm | Chiều cao: 44 mm | Hàm lượng thủy ngân: 0 mg | Thời gian khởi động của đèn: < 0,5 giây | Dải điện áp hoạt động: (150 - 250)V"
963,ĐÈN LED DOWNLIGHT ÂM TRẦN ĐỔI MÀU 60/3W AT10 ĐM,AT10Đ60/3W LED00027576,https://static.rangdongstore.vn/product/Den-LED/LED_Downlight/AT10-DM-60-3W/1-A10-60-3W-G.jpg?fm=webp&w=500,54,,,,110000,72000.0,,,,"Công suất: 3 W | Điện áp có thể hoạt động: 150V - 250V | Dòng điện (Max): 40 mA | Hệ số công suất: 0,5 | Quang thông: 160 lm/180 lm/150 lm | Hiệu suất sáng: 53 lm/W; 60 lm/W; 50 lm/W | Hệ số trả màu (CRI): 80.0 | Tuổi thọ đèn: 15000 giờ | Chu kỳ tắt bật: 50.000 lần | Mức tiêu thụ điện 1000 giờ: 3 kWh | Mức hiệu suất năng lượng: A+ | Đường kính: 78 mm | Chiều cao: 50 mm | Hàm lượng thủy ngân: 0 mg | Thời gian khởi động của đèn: < 0,5 giây | Đường kính lỗ khoét trần: 60 mm | Nguồn điện danh định: 220V/50Hz | Đổi 3 màu ánh sáng: 6500K/4000K/3000K"
964,ĐÈN LED DOWNLIGHT ÂM TRẦN ĐỔI MÀU 90/7W AT10 ĐM,AT10Đ90/7W LED00035031,https://static.rangdongstore.vn/product/Den-LED/LED_Downlight/AT10-90-7W-G/2.jpg?fm=webp&w=500,54,,,,198000,129000.0,,,,"Công suất: 7 W | Điện áp có thể hoạt động: 150V – 250 V | Dòng điện (Max): 90 mA | Hệ số công suất: 0,5 | Quang thông: 700 lm | Hiệu suất sáng: 100 lm/W | Hệ số trả màu (CRI): 85.0 | Tuổi thọ đèn: 30.000 giờ | Chu kỳ tắt bật: 50.000 lần | Mức tiêu thụ điện 1000 giờ: 7 kWh | Mức hiệu suất năng lượng: A+ | Đường kính: 118 mm | Chiều cao:  33 mm | Hàm lượng thủy ngân: 0 mg | Thời gian khởi động của đèn: < 0,5 giây | Đường kính lỗ khoét trần: 90 mm | Nguồn điện danh định: 220V/50Hz | Vật liệu thân: nhôm | Màu ánh sáng: 6500K/3000K/4000K | Góc chùm tia: 110 độ"
965,ĐÈN LED DOWNLIGHT ÂM TRẦN ĐỔI MÀU 90/9W AT10 ĐM,AT10Đ90/9W LED00041878,https://static.rangdongstore.vn/product/Den-LED/LED_Downlight/AT10-90-7W-G/2.jpg?fm=webp&w=500,54,,,,205000,133000.0,,,,"Công suất: 9 W | Điện áp có thể hoạt động: 150V – 250 V | Dòng điện (Max): 0.11 A | Hệ số công suất: 0,5 | Quang thông: 900 lm | Hiệu suất sáng: 100 lm/W | Hệ số trả màu (CRI): 80.0 | Tuổi thọ đèn: 30.000 giờ | Chu kỳ tắt bật: 50.000 lần | Mức tiêu thụ điện 1000 giờ: 9 kWh | Mức hiệu suất năng lượng: A+ | Đường kính: 118 mm | Chiều cao:  33 mm | Hàm lượng thủy ngân: 0 mg | Thời gian khởi động của đèn: < 0,5 giây | Đường kính lỗ khoét trần: 90 mm | Nguồn điện danh định: 220V/50Hz | Màu ánh sáng: 6500K/4000K/3000K"
966,ĐÈN LED DOWNLIGHT ÂM TRẦN ĐỔI MÀU 110/9W AT10 ĐM,AT10Đ110/9W LED00035032,https://static.rangdongstore.vn/2204248837/2022/04/24/1-AT10-DM-110-9W.jpg?fm=webp&w=500,54,,,,236001,153000.0,,,,"Công suất: 9W | Điện áp có thể hoạt động: 150V - 250V | Dòng điện (Max): 110 mA | Hệ số công suất: 0,5 | Quang thông:  900 lm | Hiệu suất sáng: 100 lm/W | Hệ số trả màu (CRI): 85.0 | Tuổi thọ đèn: 30000 giờ | Chu kỳ tắt bật: 50.000 lần | Mức tiêu thụ điện 1000 giờ: 9 kWh | Mức hiệu suất năng lượng: A+ | Đường kính: 138 mm | Chiều cao: 36 mm | Hàm lượng thủy ngân: 0 mg | Thời gian khởi động của đèn: < 0,5 giây | Đường kính lỗ khoét trần: 110 mm | Nguồn điện danh định: 220V/50Hz | Đổi 3 màu ánh sáng: 6500K/3000K/4000K | Vật liệu thân: nhôm | Góc chùm tia: 110 độ"
967,ĐÈN LED DOWNLIGHT ÂM TRẦN ĐỔI MÀU 110/12W AT10 ĐM,AT10Đ110/12W LED00039911,https://static.rangdongstore.vn/product/Den-LED/LED_Downlight/AT10-DM-110-12W-G/3-AT10-DM-110-12W-G.jpg?fm=webp&w=500,54,,,,240000,156000.0,,,,"Công suất: 12W | Điện áp có thể hoạt động: 150V - 250V | Dòng điện (Max): 160 mA | Hệ số công suất: 0,5 | Quang thông: 1200 lm | Hiệu suất sáng: 100 lm/W | Hệ số trả màu (CRI): 85.0 | Tuổi thọ đèn: 30000 giờ | Chu kỳ tắt bật: 50.000 lần | Mức tiêu thụ điện 1000 giờ: 12 kWh | Mức hiệu suất năng lượng: A+ | Đường kính: 138 mm | Chiều cao: 36 mm | Hàm lượng thủy ngân: 0 mg | Thời gian khởi động của đèn: < 0,5 giây | Đường kính lỗ khoét trần: 110 mm | Nguồn điện danh định: 220V/50Hz | Đổi 3 màu ánh sáng: 6500K/3000K/4000K | Vật liệu thân: nhôm | Góc chùm tia: 110 độ"
968,ĐÈN LED DOWNLIGHT ĐỔI MÀU AT10 90/8W,AT1090/8W LED00077485,https://static.rangdongstore.vn/2204248837/2022/04/24/1-AT10-DM-110-9W.jpg?fm=webp&w=500,54,,,,198000,139000.0,,,,Công suất: 8W | Quang thông: 800lm | Nhiệt độ màu: 6500K/3000K/4000K | Điện áp: 220V/50Hz | Kích thước (ØxH): (118x33)mm | ĐK lỗ khoét trần: 90 mm
969,ĐÈN LED DOWNLIGHT ĐỔI MÀU AT10 110/10W,AT10110/10W LED00078447,https://static.rangdongstore.vn/2204248837/2022/04/24/1-AT10-DM-110-9W.jpg?fm=webp&w=500,54,,,,236001,165000.0,,,,No description
970,ĐÈN LED DOWNLIGHT ÂM TRẦN XOAY GÓC 100/9W AT18,AT18100/9W LED00048181,https://static.rangdongstore.vn/product/Den-LED/LED_Downlight/AT18-110-9w/AT18-100-9w.jpg?fm=webp&w=500,54,,,,380000,304000.0,,,,"Công suất: 9 W | Điện áp có thể hoạt động: 150V – 250 V | Dòng điện (Max): 110 mA | Hệ số công suất: 0,5 | Quang thông: 810 lm | Hiệu suất sáng: 90 lm/W | Hệ số trả màu (CRI): 80.0 | Tuổi thọ đèn: 30.000 giờ | Chu kỳ tắt bật: 50.000 lần | Mức tiêu thụ điện 1000 giờ: 9 kWh | Mức hiệu suất năng lượng: A+ | Đường kính: 110 mm | Chiều cao:  90 mm | Hàm lượng thủy ngân: 0 mg | Thời gian khởi động của đèn: < 0,5 giây | Đường kính lỗ khoét trần: 100 mm | Nguồn điện danh định: 220V/50-60Hz | Màu ánh sáng: 5000K/4000K"
971,ĐÈN LED DOWNLIGHT AT06 110/7W,AT06110/7W6500KSS LED00016380,https://static.rangdongstore.vn/231228016325/2023/12/28/1-AT06-V2%20110-9W.jpg?fm=webp&w=500,54,,,,166000,133000.0,,,,No description
972,ĐÈN LED DOWNLIGHT ÂM TRẦN 110/9W (DỰ PHÒNG) AT04.DP,AT04.DP110/9W LED00023180,https://static.rangdongstore.vn/product/Den-LED/LED_Downlight/AT04%20DP/AT04-DP-110.9w/1-AT04-110-9W.jpg?fm=webp&w=500,54,,,,1209600,968000.0,,,,"Công suất: 9W | Điện áp có thể hoạt động: 170V - 250V | Dòng điện (Max): 180 mA | Hệ số công suất: 0,5 | Hệ số trả màu (CRI): 80.0 | Tuổi thọ đèn: 20.000giờ | Chu kỳ tắt bật: 50.000 lần | Mức tiêu thụ điện 1000 giờ: 9 kWh | Mức hiệu suất năng lượng: A+ | Hàm lượng thủy ngân: 0 mg | Thời gian khởi động của đèn: < 0,5 giây | Đường kính lỗ khoét trần: 110 mm | Nguồn điện danh định: 220V/50-60Hz | Vật liệu thân: Nhôm | Góc chùm tia: 105 độ | Quang thông (Power ON):  500 lm                                     | Quang thông (Power OFF): 440lm | Nhiệt độ màu ánh sáng: 6500K"
973,ĐÈN LED DOWNLIGHT ÂM TRẦN 110/12W (DỰ PHÒNG) AT04.DP,AT04.DP110/12W LED00023034,https://static.rangdongstore.vn/product/Den-LED/LED_Downlight/AT04%20DP/AT04-DP-110.9w/1-AT04-110-9W.jpg?fm=webp&w=500,54,,,,1252000,1000000.0,,,,"Công suất:  12W | Điện áp có thể hoạt động: 150V - 250V | Dòng điện (Max): 125 mA | Hệ số công suất: 0,5 | Hiệu suất sáng: 71 lm/W | Hệ số trả màu (CRI): 80.0 | Tuổi thọ đèn: 20.000giờ | Chu kỳ tắt bật: 50.000 lần | Mức tiêu thụ điện 1000 giờ: 7 kWh | Mức hiệu suất năng lượng: A+ | Đường kính: 138 mm | Chiều cao: 50 mm | Hàm lượng thủy ngân: 0 mg | Thời gian khởi động của đèn: < 0,5 giây | Đường kính lỗ khoét trần: 115 mm | Nguồn điện danh định: 220V/50Hz | Vật liệu thân: Nhôm | Góc chùm tia: 105 độ | Nhiệt độ màu ánh sáng: 6500K | Quang thông (Power On): 650 lm                               | Quang thông (Power Off): 480 lm"
974,ĐÈN LED DOWNLIGHT ÂM TRẦN 90/7W AT16,AT1690/7W LED00023964,https://static.rangdongstore.vn/product/Den-LED/LED_Downlight/D_AT16_7W9W/4b0f219ea425467b1f34.jpg?fm=webp&w=500,54,,,,173880,139000.0,,,,"Công suất: 7 W | Điện áp có thể hoạt động: 150V - 250V | Dòng điện (Max): 0.09 A | Hệ số công suất: 0,5 | Quang thông: 600 lm | Hiệu suất sáng: 85 lm/W | Hệ số trả màu (CRI): 85.0 | Tuổi thọ đèn: 30.000giờ | Chu kỳ tắt bật: 50.000 lần | Mức tiêu thụ điện 1000 giờ: 7 kWh | Mức hiệu suất năng lượng: A+ | Đường kính: 107,8 mm | Chiều cao: 40 mm | Hàm lượng thủy ngân: 0 mg | Thời gian khởi động của đèn: < 0,5 giây | Đường kính lỗ khoét trần: 90 mm | Nguồn điện danh định: 220V/50Hz | Vật liệu thân: Nhôm | Góc chùm tia: 105 độ | Nhiệt độ màu ánh sáng: 4000K/6500K"
975,ĐÈN LED DOWNLIGHT ÂM TRẦN 90/9W AT16,AT1690/9W LED00023962,https://static.rangdongstore.vn/product/Den-LED/LED_Downlight/D_AT16_7W9W/4b0f219ea425467b1f34.jpg?fm=webp&w=500,54,,,,181440,145000.0,,,,"Công suất: 9 W | Điện áp có thể hoạt động: 150V - 250V | Dòng điện (Max): 0,11 A | Hệ số công suất: 0,5 | Quang thông: 760 lm | Hiệu suất sáng: 85 lm/W | Hệ số trả màu (CRI): 85.0 | Tuổi thọ đèn: 30.000giờ | Chu kỳ tắt bật: 50.000 lần | Mức tiêu thụ điện 1000 giờ: 9 kWh | Mức hiệu suất năng lượng: A+ | Đường kính: 107,8 mm | Chiều cao: 40 mm | Hàm lượng thủy ngân: 0 mg | Thời gian khởi động của đèn: < 0,5 giây | Đường kính lỗ khoét trần: 90 mm | Nguồn điện danh định: 220V/50Hz | Vật liệu thân: Nhôm  | Góc chùm tia: 105 độ | Nhiệt độ màu ánh sáng: 4000K/6500K"
976,ĐÈN LED DOWNLIGHT ÂM TRẦN 110/7W AT16,AT16110/7W LED00023965,https://static.rangdongstore.vn/product/Den-LED/LED_Downlight/D_AT16_7W9W/4b0f219ea425467b1f34.jpg?fm=webp&w=500,54,,,,200880,161000.0,,,,"Công suất: 7 W | Điện áp có thể hoạt động: 150V - 250V | Dòng điện (Max): 90 mA | Hệ số công suất: 0,5 | Quang thông: 600 lm | Hiệu suất sáng: 85 lm/W | Hệ số trả màu (CRI): 85.0 | Tuổi thọ đèn: 30.000giờ | Chu kỳ tắt bật: 50.000 lần | Mức tiêu thụ điện 1000 giờ: 7 kWh | Mức hiệu suất năng lượng: A+ | Đường kính: 129,4 mm | Chiều cao: 40 mm | Hàm lượng thủy ngân: 0 mg | Thời gian khởi động của đèn: < 0,5 giây | Đường kính lỗ khoét trần: 110 mm | Nguồn điện danh định: 220V/50Hz | Vật liệu thân: Nhôm | Góc chùm tia: 105 độ | Nhiệt độ màu ánh sáng: 4000K/6500K"
977,ĐÈN LED DOWNLIGHT ÂM TRẦN 110/9W AT16,AT16110/9W LED00023961,https://static.rangdongstore.vn/product/Den-LED/LED_Downlight/D_AT16_7W9W/4b0f219ea425467b1f34.jpg?fm=webp&w=500,54,,,,206280,165000.0,,,,"Công suất: 9 W | Điện áp có thể hoạt động: 150V - 250V | Dòng điện (Max): 0.11 A | Hệ số công suất: 0,5 | Quang thông: 765 lm | Hiệu suất sáng: 85 lm/W | Hệ số trả màu (CRI): 85.0 | Tuổi thọ đèn: 30.000giờ | Chu kỳ tắt bật: 50.000 lần | Mức tiêu thụ điện 1000 giờ: 9 kWh | Mức hiệu suất năng lượng: A+ | Đường kính: 129,4 mm | Chiều cao: 40 mm | Hàm lượng thủy ngân: 0 mg | Thời gian khởi động của đèn: < 0,5 giây | Đường kính lỗ khoét trần: 110 mm | Nguồn điện danh định: 220V/50Hz | Vật liệu thân: Nhôm | Góc chùm tia: 105 độ | Nhiệt độ màu ánh sáng: 4000K/6500K"
978,ĐÈN LED DOWNLIGHT ÂM TRẦN 90/8W AT24.PLUS,AT2490/8W.PLUS LED00047293,https://static.rangdongstore.vn/product/Den-LED/LED_Downlight/AT06.V2-90-7W/1-AT06-V2%2090-7W.jpg?fm=webp&w=500,54,,,,140000,112000.0,,,,"Công suất: 8W | Điện áp có thể hoạt động: (150 - 250)V | Dòng điện (Max): 0.1 A | Hệ số công suất: 0,5 | Quang thông: 840 lm  | Hiệu suất sáng: 105 lm/W | Nhiệt độ màu: 4000K/6500K | Hệ số trả màu (CRI): 80.0 | Tuổi thọ đèn: 25.000 giờ | Chu kỳ tắt bật: 50.000 lần | Mức tiêu thụ điện 1000 giờ: 8 kWh | Mức hiệu suất năng lượng: A+ | Đường kính: 115 mm | Chiều cao: 39 mm | Hàm lượng thủy ngân: 0 mg | Thời gian khởi động của đèn: < 0,5 giây | Đường kính lỗ khoét trần: 90 mm | Điện áp danh định: 220V/50Hz"
979,ĐÈN LED DOWNLIGHT ÂM TRẦN 90/10W AT24.PLUS,AT2490/10W.PLUS LED00054888,https://static.rangdongstore.vn/product/Den-LED/LED_Downlight/AT06.V2-90-7W/1-AT06-V2%2090-7W.jpg?fm=webp&w=500,54,,,,156000,125000.0,,,,"Công suất: 10W | Điện áp có thể hoạt động: (150 - 250)V | Dòng điện (Max): 0.1 A | Hệ số công suất: 0,5 | Quang thông: 840 lm  | Hiệu suất sáng: 1050 lm/W | Nhiệt độ màu: 4000K/6500K | Hệ số trả màu (CRI): 80.0 | Tuổi thọ đèn: 30.000 giờ | Chu kỳ tắt bật: 50.000 lần | Mức tiêu thụ điện 1000 giờ: 10 kWh | Mức hiệu suất năng lượng: A+ | Đường kính: 115 mm | Chiều cao: 39 mm | Hàm lượng thủy ngân: 0 mg | Thời gian khởi động của đèn: < 0,5 giây | Đường kính lỗ khoét trần: 90 mm | Điện áp danh định: 220V/50Hz"
980,ĐÈN LED DOWNLIGHT ÂM TRẦN 110/12W AT24.PLUS,AT24110/12W.PLUS LED00054735,https://static.rangdongstore.vn/product/Den-LED/LED_Downlight/AT06.V2-90-7W/1-AT06-V2%2090-7W.jpg?fm=webp&w=500,54,,,,216000,173000.0,,,,"Công suất: 12W | Điện áp có thể hoạt động: (150 - 250)V | Dòng điện (Max): 0.16 A | Hệ số công suất: 0,5 | Quang thông: 1260 lm  | Hiệu suất sáng: 105 lm/W | Nhiệt độ màu: 4000K/6500K | Hệ số trả màu (CRI): 80.0 | Tuổi thọ đèn: 25.000 giờ | Chu kỳ tắt bật: 50.000 lần | Mức tiêu thụ điện 1000 giờ: 12 kWh | Mức hiệu suất năng lượng: A+ | Đường kính: 135 mm | Chiều cao: 39 mm | Hàm lượng thủy ngân: 0 mg | Thời gian khởi động của đèn: < 0,5 giây | Đường kính lỗ khoét trần: 110 mm | Điện áp danh định: 220V/(50-60)Hz"
981,ĐÈN LED DOWNLIGHT ÂM TRẦN XOAY GÓC 60/7W AT22,AT2260/7W LED00043895,https://static.rangdongstore.vn/product/Den-LED/LED_Downlight/AT22-60-7W/1-AT22-60-7W.jpg?fm=webp&w=500,54,,,,486000,340000.0,,,,"Công suất: 7 W | Điện áp có thể hoạt động: (150 - 250)V | Dòng điện (Max): 0.09 A | Hệ số công suất: 0,5 | Quang thông: 300/350/350 lm  | Hiệu suất sáng: 42/50/50 lm/W | Nhiệt độ màu: 3000K/4000K/6500K | Hệ số trả màu (CRI): 90.0 | Tuổi thọ đèn: 30.000 giờ | Chu kỳ tắt bật: 50.000 lần | Mức tiêu thụ điện 1000 giờ: 7 kWh | Mức hiệu suất năng lượng: A+ | Đường kính: (72±0.5) mm | Chiều cao: (93±5) mm | Hàm lượng thủy ngân: 0 mg | Thời gian khởi động của đèn: < 0,5 giây | Đường kính lỗ khoét trần: 60 mm | Nguồn điện danh định: 220V/50Hz | Vật liệu thân: Nhôm đúc"
982,ĐÈN LED DOWNLIGHT ÂM TRẦN XOAY GÓC 60/9W AT22,AT2260/9W LED00049329,https://static.rangdongstore.vn/product/Den-LED/LED_Downlight/AT22-60-9W/1-AT22-60-9W.jpg?fm=webp&w=500,54,,,,508000,406000.0,,,,"Công suất: 9 W | Điện áp có thể hoạt động: (150 - 250)V | Dòng điện (Max): 0.12 A | Hệ số công suất: 0,5 | Quang thông: 500/550 lm  | Hiệu suất sáng: 55/61/61 lm/W | Nhiệt độ màu: 4000K/5000K | Hệ số trả màu (CRI): 90.0 | Tuổi thọ đèn: 30.000 giờ | Chu kỳ tắt bật: 50.000 lần | Mức tiêu thụ điện 1000 giờ: 9 kWh | Mức hiệu suất năng lượng: A+ | Đường kính: (72±0.5) mm | Chiều cao: (93±5) mm | Hàm lượng thủy ngân: 0 mg | Thời gian khởi động của đèn: < 0,5 giây | Đường kính lỗ khoét trần: 60 mm | Nguồn điện danh định: 220V/50Hz | Vật liệu thân: Nhôm đúc"
983,ĐÈN LED DOWNLIGHT ÂM TRẦN XOAY GÓC 60/12W AT22,AT2260/12W LED00043897,https://static.rangdongstore.vn/product/Den-LED/LED_Downlight/AT22-60-12W/1-AT22-60-12W.jpg?fm=webp&w=500,54,,,,540000,378000.0,,,,"Công suất: 12 W | Điện áp có thể hoạt động: (150 - 250)V | Dòng điện (Max): 0.16 A | Hệ số công suất: 0,5 | Quang thông: 630/700/700 lm  | Hiệu suất sáng: 52/58/58 lm/W | Nhiệt độ màu: 3000K/4000K/5000K | Hệ số trả màu (CRI): 90.0 | Tuổi thọ đèn: 30.000 giờ | Chu kỳ tắt bật: 50.000 lần | Mức tiêu thụ điện 1000 giờ: 12 kWh | Mức hiệu suất năng lượng: A+ | Đường kính: (72±0.5) mm | Chiều cao: (93±5) mm | Hàm lượng thủy ngân: 0 mg | Thời gian khởi động của đèn: < 0,5 giây | Đường kính lỗ khoét trần: 60 mm | Nguồn điện danh định: 220V/50Hz | Vật liệu thân: Nhôm đúc"
984,ĐÈN LED DOWNLIGHT AT28 110/10W 6500K,AT28110/10W6500K LED00061943,https://static.rangdongstore.vn/230822012611/2023/08/22/AT28_110.jpg?fm=webp&w=500,54,,,,184000,129000.0,,,,"Công suất: 10W | Điện áp có thể hoạt động: 150V - 250V | Dòng điện (Max): 0,14 A | Hệ số công suất: 0,5 | Quang thông: 1000 lm | Hiệu suất sáng: 100 lm/W | Hệ số trả màu (CRI): 80.0 | Tuổi thọ đèn: 30.000giờ | Chu kỳ tắt bật: 50.000 lần | Mức tiêu thụ điện 1000 giờ: 10 kWh | Mức hiệu suất năng lượng: A+ | Đường kính: 138 mm | Chiều cao: 36 mm | Hàm lượng thủy ngân: 0 mg | Thời gian khởi động của đèn: < 0,5 giây | Đường kính lỗ khoét trần: 110 mm | Nguồn điện danh định: 220V/50Hz | Đổi 3 màu ánh sáng: 6500K/4000K/3000K | Vật liệu thân: Nhôm | Góc chùm tia: 105 độ"
985,ĐÈN LED DOWNLIGHT AT28 110/12W 6500K,AT28110/12W6500K LED00056437,https://static.rangdongstore.vn/250110027229/2025/01/10/AT28-1.jpg?fm=webp&w=500,54,,,,216000,140000.0,,,,"Công suất: 12W | Điện áp có thể hoạt động: 150V - 250V | Dòng điện (Max): 0,16 A | Hệ số công suất: 0,5 | Quang thông: 1200 lm | Hiệu suất sáng: 100 lm/W | Hệ số trả màu (CRI): 80.0 | Tuổi thọ đèn: 30.000giờ | Chu kỳ tắt bật: 50.000 lần | Mức tiêu thụ điện 1000 giờ: 12 kWh | Mức hiệu suất năng lượng: A+ | Đường kính: 138 mm | Chiều cao: 36 mm | Hàm lượng thủy ngân: 0 mg | Thời gian khởi động của đèn: < 0,5 giây | Đường kính lỗ khoét trần: 110 mm | Nguồn điện danh định: 220V/50Hz | Đổi 3 màu ánh sáng: 6500K/4000K/3000K | Vật liệu thân: Nhôm | Góc chùm tia: 105 độ"
986,ĐÈN LED DOWNLIGHT AT28 90/8W 6500K,AT2890/8W6500K LED00061940,https://static.rangdongstore.vn/230822012623/2023/08/22/AT28_90.jpg?fm=webp&w=500,54,,,,153000,107000.0,,,,"Công suất: 8W | Điện áp có thể hoạt động: 150V - 250V | Dòng điện (Max): 0,1 A | Hệ số công suất: 0,5 | Quang thông: 800 lm | Hiệu suất sáng: 100 lm/W | Hệ số trả màu (CRI): 80.0 | Tuổi thọ đèn: 30.000giờ | Chu kỳ tắt bật: 50.000 lần | Mức tiêu thụ điện 1000 giờ: 8 kWh | Mức hiệu suất năng lượng: A+ | Đường kính: 118 mm | Chiều cao: 36 mm | Hàm lượng thủy ngân: 0 mg | Thời gian khởi động của đèn: < 0,5 giây | Đường kính lỗ khoét trần: 90 mm | Nguồn điện danh định: 220V/50Hz | Đổi 3 màu ánh sáng: 6500K/4000K/3000K | Vật liệu thân: Nhôm | Góc chùm tia: 105 độ"
987,ĐÈN LED DOWNLIGHT AT28 90/10W 6500K,AT2890/10W LED00061941,https://static.rangdongstore.vn/240423018074/2024/04/23/AT28-1.jpg?fm=webp&w=500,54,,,,158000,103000.0,,,,"Công suất: 10W | Điện áp có thể hoạt động: 150V - 250V | Dòng điện (Max): 0,14 A | Hệ số công suất: 0,5 | Quang thông: 1000 lm | Hiệu suất sáng: 100 lm/W | Hệ số trả màu (CRI): 80.0 | Tuổi thọ đèn: 30.000giờ | Chu kỳ tắt bật: 50.000 lần | Mức tiêu thụ điện 1000 giờ: 10 kWh | Mức hiệu suất năng lượng: A+ | Đường kính: 118 mm | Chiều cao: 36 mm | Hàm lượng thủy ngân: 0 mg | Thời gian khởi động của đèn: < 0,5 giây | Đường kính lỗ khoét trần: 90 mm | Nguồn điện danh định: 220V/50Hz | Đổi 3 màu ánh sáng: 6500K/4000K/3000K | Vật liệu thân: Nhôm | Góc chùm tia: 105 độ"
988,ĐÈN LED DOWNLIGHT ÂM TRẦN KHẨN CẤP 90/5W AT07.KC,AT07.KC90/5W LED00020448,https://static.rangdongstore.vn/product/Den-LED/LED_Downlight/AT07.KC-90-5W/1.jpg?fm=webp&w=500,54,,,,840000,672000.0,,,,"Công suất: 5W | Điện áp có thể hoạt động: 150V – 250 V | Dòng điện (Max): 110 mA | Hệ số công suất: 0,5 | Quang thông: 310 lm | Hiệu suất sáng: 72 lm/W | Hệ số trả màu (CRI): 70.0 | Tuổi thọ đèn: 20.000 giờ | Chu kỳ tắt bật: 50.000 lần | Mức tiêu thụ điện 1000 giờ: 5 kWh | Mức hiệu suất năng lượng: A+ | Đường kính: 118 mm | Chiều cao: 40 mm | Hàm lượng thủy ngân: 0 mg | Thời gian khởi động của đèn: < 0,5 giây | Đường kính lỗ khoét trần: 90 mm | Nguồn điện danh định: 220V/50Hz | Vật liệu thân: nhôm | Góc chùm tia: 105 độ  | Nhiệt độ màu ánh sáng: 6500K/5000K/3000K"
989,ĐÈN LED DOWNLIGHT ÂM TRẦN KHẨN CẤP 90/5W (PCCC) AT07.KC,AT07.KC90/5W-PCCC LED00037837,https://static.rangdongstore.vn/product/Den-LED/LED_Downlight/AT07.KC-90-5W/1.jpg?fm=webp&w=500,54,,,,960000,768000.0,,,,"Công suất: 5W | Điện áp có thể hoạt động: 150V – 250 V | Dòng điện (Max): 110 mA | Hệ số công suất: 0,5 | Quang thông: 310 lm | Hiệu suất sáng: 72 lm/W | Hệ số trả màu (CRI): 70.0 | Tuổi thọ đèn: 20.000 giờ | Chu kỳ tắt bật: 50.000 lần | Mức tiêu thụ điện 1000 giờ: 5 kWh | Mức hiệu suất năng lượng: A+ | Đường kính: 118 mm | Chiều cao: 40 mm | Hàm lượng thủy ngân: 0 mg | Thời gian khởi động của đèn: < 0,5 giây | Đường kính lỗ khoét trần: 90 mm | Nguồn điện danh định: 220V/50Hz | Vật liệu thân: nhôm | Góc chùm tia: 105 độ  | Nhiệt độ màu ánh sáng: 6500K/5000K/3000K"
990,ĐÈN LED DOWNLIGHT AT30 155/20W 6500K,AT30155/20W6500K LED00056466,https://static.rangdongstore.vn/230624010459/2023/06/24/AT30_195_30W.jpg?fm=webp&w=500,54,,,,313000,203000.0,,,,"Công suất: 20 W | Điện áp có thể hoạt động: 150V – 250 V | Dòng điện (Max): 250 mA | Hệ số công suất: 0,5 | Quang thông: 2100 lm | Hiệu suất sáng: 105 lm/W | Hệ số trả màu (CRI): 80.0 | Tuổi thọ đèn: 30.000 giờ | Chu kỳ tắt bật: 50.000 lần | Mức tiêu thụ điện 1000 giờ: 20 kWh | Mức hiệu suất năng lượng: A+ | Đường kính: 180 mm | Chiều cao:  40 mm | Hàm lượng thủy ngân: 0 mg | Thời gian khởi động của đèn: < 0,5 giây | Đường kính lỗ khoét trần: 155 mm | Nguồn điện danh định: 220V/50-60Hz | Vật liệu thân: nhôm | Màu ánh sáng: 6500K/4000K/3000K"
991,ĐÈN LED DOWNLIGHT ÂM TRẦN DIỆT KHUẨN 90/7W AT21.UV,AT21.UV90/7W LED00042771,https://static.rangdongstore.vn/product/Den-LED/LED_Downlight/AT21_UV/AT21.UV_90_7W.jpg?fm=webp&w=500,54,,,,540000,432000.0,,,,"Công suất: 7W | Hệ số công suất: 0.5 | Quang thông: 560 lm | Nhiệt độ màu: 6500K/3000K | Dòng điện tối đa: 0.1 A | Hiệu suất quang: 80 lm/W | Chỉ số hoàn màu: 80.0 | Tuổi thọ: 5.000 giờ | Góc phát hiện của Rada: 90 độ | Tần số: 5.8G | Chiều cao lắp đặt: (2.8-3.5)m | Kích thước (ØxC): (110x51)mm | Đường kính khoét trần: 90mm | Diện tích khử trùng: (2x2) m2 | Chế độ khử trùng: 30 phút chế độ tự động
3 giờ chế độ chuyên sâu | Bước sóng LED UV C: (260-285)nm | Tiêu chuẩn áp dụng: TCVN 7722-2-2/IEC 60598-2-2
TCVN 10885-2-1/IEC 62722-2-1"
992,ĐÈN LED DOWNLIGHT ÂM TRẦN DIỆT KHUẨN 135/14W AT21.UV,AT21.UV135/14W LED00042772,https://static.rangdongstore.vn/product/Den-LED/LED_Downlight/AT21.UV-135-14W/1-AT21UV-135-14W.jpg?fm=webp&w=500,54,,,,1048000,838000.0,,,,"Công suất: 18W | Hệ số công suất: 0.9 | Quang thông: 1000 lm | Nhiệt độ màu: 6500K | Dòng điện tối đa: 0.1 A | Hiệu suất quang: 71 lm/W | Chỉ số hoàn màu: 80.0 | Tuổi thọ: 10.000 giờ | Góc phát hiện của Rada: 90 độ | Tần số: 5.8G | Chiều cao lắp đặt: (2.8-3.5)m | Kích thước (ØxC): (149x51)mm | Đường kính khoét trần: 135mm | Diện tích khử trùng: (3x3) m2 | Chế độ khử trùng: 20 phút chế độ tự động
2 giờ chế độ chuyên sâu | Bước sóng LED UV C: (260-285)nm | Tiêu chuẩn áp dụng: TCVN 7722-2-2/IEC 60598-2-2
TCVN 10885-2-1/IEC 62722-2-1"
993,ĐÈN LED DOWNLIGHT ĐỔI MÀU AT26 110/12W,AT26110/12W LED00058344,https://static.rangdongstore.vn/230624010461/2023/06/24/AT26-110-12w-1.jpg?fm=webp&w=500,54,,,,240000,192000.0,,,,"Công suất: 12W | Điện áp có thể hoạt động: (150 - 250)V | Dòng điện (Max): 0.16 A | Hệ số công suất: 0,5 | Quang thông: 1200 lm  | Hiệu suất sáng: 100 lm/W | Hệ số trả màu (CRI): 80.0 | Tuổi thọ đèn: 30.000 giờ | Chu kỳ tắt bật: 50.000 lần | Mức tiêu thụ điện 1000 giờ: 12 kWh | Mức hiệu suất năng lượng: A+ | Đường kính: 138 mm | Chiều cao: 35 mm | Hàm lượng thủy ngân: 0 mg | Thời gian khởi động của đèn: < 0,5 giây | Đường kính lỗ khoét trần: 110 mm | Nguồn điện danh định: 220V/(50-60)Hz | Đổi 3 màu: 6500K/3000K/4000K"
994,ĐÈN LED DOWNLIGHT ĐỔI MÀU AT26 110/10W,AT26110/10W LED00054458,https://static.rangdongstore.vn/230624010461/2023/06/24/AT26-110-12w-1.jpg?fm=webp&w=500,54,,,,229000,183000.0,,,,"Công suất: 10W | Điện áp có thể hoạt động: (150 - 250)V | Dòng điện (Max): 0.14 A | Hệ số công suất: 0,5 | Quang thông: 1000 lm  | Hiệu suất sáng: 100 lm/W | Hệ số trả màu (CRI): 80.0 | Tuổi thọ đèn: 30.000 giờ | Chu kỳ tắt bật: 50.000 lần | Mức tiêu thụ điện 1000 giờ: 10 kWh | Mức hiệu suất năng lượng: A+ | Đường kính: 138 mm | Chiều cao: 35 mm | Hàm lượng thủy ngân: 0 mg | Thời gian khởi động của đèn: < 0,5 giây | Đường kính lỗ khoét trần: 110 mm | Nguồn điện danh định: 220V/(50-60)Hz | Đổi 3 màu: 6500K/3000K/4000K"
995,ĐÈN LED DOWNLIGHT ĐỔI MÀU AT26 90/10W,AT2690/10W LED00059928,https://static.rangdongstore.vn/230624010461/2023/06/24/AT26-110-12w-1.jpg?fm=webp&w=500,54,,,,207000,166000.0,,,,"Công suất: 10W | Điện áp có thể hoạt động: (150 - 250)V | Dòng điện (Max): 0.14 A | Hệ số công suất: 0,5 | Quang thông: 1000 lm  | Hiệu suất sáng: 100 lm/W | Hệ số trả màu (CRI): 80.0 | Tuổi thọ đèn: 30.000 giờ | Chu kỳ tắt bật: 50.000 lần | Mức tiêu thụ điện 1000 giờ: 10 kWh | Mức hiệu suất năng lượng: A+ | Đường kính: 118 mm | Chiều cao: 35 mm | Hàm lượng thủy ngân: 0 mg | Thời gian khởi động của đèn: < 0,5 giây | Đường kính lỗ khoét trần: 90 mm | Nguồn điện danh định: 220V/(50-60)Hz | Đổi 3 màu: 6500K/3000K/4000K"
996,ĐÈN LED DOWNLIGHT ĐỔI MÀU AT26 90/8W,AT2690/8W LED00054459,https://static.rangdongstore.vn/230624010461/2023/06/24/AT26-110-12w-1.jpg?fm=webp&w=500,54,,,,203000,162000.0,,,,"Công suất: 8W | Điện áp có thể hoạt động: (150 - 250)V | Dòng điện (Max): 0.1 A | Hệ số công suất: 0,5 | Quang thông: 800 lm  | Hiệu suất sáng: 100 lm/W | Hệ số trả màu (CRI): 80.0 | Tuổi thọ đèn: 30.000 giờ | Chu kỳ tắt bật: 50.000 lần | Mức tiêu thụ điện 1000 giờ: 8 kWh | Mức hiệu suất năng lượng: A+ | Đường kính: 118 mm | Chiều cao: 35 mm | Hàm lượng thủy ngân: 0 mg | Thời gian khởi động của đèn: < 0,5 giây | Đường kính lỗ khoét trần: 90 mm | Nguồn điện danh định: 220V/(50-60)Hz | Đổi 3 màu: 6500K/3000K/4000K"
997,ĐÈN LED DOWNLIGHT AT04 90/9W,AT0490/9W LED00039591,https://static.rangdongstore.vn/product/Den-LED/LED_Downlight/AT04-90-9W/2-AT04-90-9W.jpg?fm=webp&w=500,54,,,,182001,118000.0,,,,"Công suất: 9W | Điện áp có thể hoạt động: 150V – 250 V | Dòng điện (Max): 0,11 A | Hệ số công suất: 0,5 | Quang thông: 900 lm | Hiệu suất sáng: 100 lm/W | Hệ số trả màu (CRI): 80.0 | Tuổi thọ đèn: 30.000 giờ | Chu kỳ tắt bật: 50.000 lần | Mức tiêu thụ điện 1000 giờ: 9 kWh | Mức hiệu suất năng lượng: A+ | Đường kính: 118 mm | Chiều cao: 40 mm | Hàm lượng thủy ngân: 0 mg | Thời gian khởi động của đèn: < 0,5 giây | Đường kính lỗ khoét trần: 90 mm | Nguồn điện danh định: 220V/50Hz | Vật liệu thân: nhôm | Góc chùm tia: 105 độ  | Nhiệt độ màu ánh sáng: 6500K/4000K/3000K"
998,ĐÈN LED DOWNLIGHT ÂM TRẦN 90/5W AT04,AT0490/5W LED00014323,https://static.rangdongstore.vn/product/Den-LED/LED_Downlight/AT04-90-7W/1-AT04-90-7W.jpg?fm=webp&w=500,54,,,,162000,105000.0,,,,"Công suất: 5W | Điện áp có thể hoạt động: 150V – 250 V | Dòng điện (Max): 0.065 A | Hệ số công suất: 0,5 | Quang thông: 500 lm | Hiệu suất sáng: 100 lm/W | Hệ số trả màu (CRI): 80.0 | Tuổi thọ đèn: 30.000 giờ | Chu kỳ tắt bật: 50.000 lần | Mức tiêu thụ điện 1000 giờ: 5 kWh | Mức hiệu suất năng lượng: A+ | Đường kính: 118 mm | Chiều cao: 40 mm | Hàm lượng thủy ngân: 0 mg | Thời gian khởi động của đèn: < 0,5 giây | Đường kính lỗ khoét trần: 90 mm | Nguồn điện danh định: 220V/50Hz | Vật liệu thân: nhôm | Góc chùm tia: 105 độ  | Nhiệt độ màu ánh sáng: 6500K/3000K"
999,ĐÈN LED DOWNLIGHT ÂM TRẦN 90/7W AT04,AT0490/7W LED00041782,https://static.rangdongstore.vn/product/Den-LED/LED_Downlight/AT04-90-7W/2-AT04-90-7W.jpg?fm=webp&w=500,54,,,,171000,111000.0,,,,"Công suất: 7 W | Điện áp có thể hoạt động: 150V - 250V | Dòng điện (Max): 90 mA | Hệ số công suất: 0,5 | Quang thông: 500/470 lm | Hiệu suất sáng: 71 lm/W | Hệ số trả màu (CRI): 80.0 | Tuổi thọ đèn: 20.000giờ | Chu kỳ tắt bật: 50.000 lần | Mức tiêu thụ điện 1000 giờ: 7 kWh | Mức hiệu suất năng lượng: A+ | Đường kính: 118 mm | Chiều cao: 40 mm | Hàm lượng thủy ngân: 0 mg | Thời gian khởi động của đèn: < 0,5 giây | Đường kính lỗ khoét trần: 90 mm | Nguồn điện danh định: 220V/50Hz | Vật liệu thân: Nhôm | Góc chùm tia: 105 độ | Nhiệt độ màu ánh sáng: 6500K/3000K"
1000,ĐÈN LED DOWNLIGHT ÂM TRẦN 110/7W AT04,AT04110/7W LED00005302,https://static.rangdongstore.vn/product/Den-LED/LED_Downlight/AT04-110-9W/1-AT04-110-9W.jpg?fm=webp&w=500,54,,,,190000,124000.0,,,,"Công suất: 7 W | Điện áp có thể hoạt động: 150V – 250 V | Dòng điện (Max): 90 mA | Hệ số công suất: 0,5 | Quang thông: 500/470 lm | Hiệu suất sáng: 71 lm/W | Hệ số trả màu (CRI): 80.0 | Tuổi thọ đèn: 20.000 giờ | Chu kỳ tắt bật: 50.000 lần | Mức tiêu thụ điện 1000 giờ: 7 kWh | Mức hiệu suất năng lượng: A+ | Đường kính: 138 mm | Chiều cao:  50 mm | Hàm lượng thủy ngân: 0 mg | Thời gian khởi động của đèn: < 0,5 giây | Đường kính lỗ khoét trần: 110 mm | Nguồn điện danh định: 220V/50Hz | Vật liệu thân: nhôm | Màu ánh sáng: 6500K/3000K | Góc chùm tia: 105 độ"
1001,ĐÈN LED DOWNLIGHT ÂM TRẦN AT04 110/9W,AT04110/9W LED00050413,https://static.rangdongstore.vn/product/Den-LED/LED_Downlight/AT04-110-9W/1-AT04-110-9W.jpg?fm=webp&w=500,54,,,,203000,132000.0,,,,"Công suất: 9 W | Điện áp có thể hoạt động: 150V – 250 V | Dòng điện (Max): 110 mA | Hệ số công suất: 0,5 | Quang thông: 650/630 lm | Hiệu suất sáng: 72/70 lm/W | Hệ số trả màu (CRI): 80.0 | Tuổi thọ đèn: 20.000 giờ | Chu kỳ tắt bật: 50.000 lần | Mức tiêu thụ điện 1000 giờ: 9 kWh | Mức hiệu suất năng lượng: A+ | Đường kính: 138 mm | Chiều cao:  50 mm | Hàm lượng thủy ngân: 0 mg | Thời gian khởi động của đèn: < 0,5 giây | Đường kính lỗ khoét trần: 110 mm | Nguồn điện danh định: 220V/50Hz | Vật liệu thân: nhôm | Màu ánh sáng: 6500K/3000K | Góc chùm tia: 105 độ"
1002,ĐÈN LED DOWNLIGHT ÂM TRẦN 110/12W AT04,AT04110/12W LED00046510,https://static.rangdongstore.vn/product/Den-LED/LED_Downlight/AT04-110-12W/2-AT04-110-12W.jpg?fm=webp&w=500,54,,,,216000,140000.0,,,,"Công suất: 12 W | Điện áp có thể hoạt động: 150V - 250V | Dòng điện (Max): 140 mA | Hệ số công suất: 0,5 | Quang thông: 930/910 lm | Hiệu suất sáng: 77/75 lm/W | Hệ số trả màu (CRI): 80.0 | Tuổi thọ đèn: 20.000 giờ | Chu kỳ tắt bật: 50.000 lần | Mức tiêu thụ điện 1000 giờ: 12 kWh | Mức hiệu suất năng lượng: A+ | Đường kính: 138 mm | Chiều cao: 50 mm | Hàm lượng thủy ngân: 0 mg | Thời gian khởi động của đèn: < 0,5 giây | Đường kính lỗ khoét trần: 110 mm | Nguồn điện danh định: 220V/50Hz | Vật liệu thân: Nhôm | Góc chùm tia: 105 độ | Nhiệu độ màu ánh sáng: 6500K/3000K"
1003,ĐÈN LED DOWNLIGHT ÂM TRẦN 155/16W AT04,AT04155/16W LED00041877,https://static.rangdongstore.vn/product/Den-LED/LED_Downlight/AT04-155-16W/1-AT04-155-16W.jpg?fm=webp&w=500,54,,,,376000,244000.0,,,,"Công suất: 16W | Điện áp có thể hoạt động: 150V - 250V | Dòng điện (Max): 200 mA | Hệ số công suất: 0,5 | Quang thông: 1600 lm | Hiệu suất sáng: 79 lm/W | Hệ số trả màu (CRI): 80.0 | Tuổi thọ đèn: 20.000 giờ | Chu kỳ tắt bật: 50.000 lần | Mức tiêu thụ điện 1000 giờ: 16 kWh | Mức hiệu suất năng lượng: A+ | Đường kính: 180 mm | Chiều cao: 44 mm | Hàm lượng thủy ngân: 0 mg | Thời gian khởi động của đèn: < 0,5 giây | Đường kính lỗ khoét trần: 155 mm | Nguồn điện danh định: 220V/50Hz | Vật liệu thân: Nhôm | Góc chùm tia: 105 độ | Nhiệt độ màu ánh sáng: 6500K/3000K"
1004,ĐÈN LED DOWNLIGHT ÂM TRẦN 155/25W AT04,AT04155/25W LED00041101,https://static.rangdongstore.vn/product/Den-LED/LED_Downlight/AT04-155-25W/1-AT04-155-25W.jpg?fm=webp&w=500,54,,,,438000,285000.0,,,,"Công suất: 25 W | Điện áp có thể hoạt động: 150V - 250V | Dòng điện (Max): 300 mA | Hệ số công suất: 0,5 | Quang thông: 2000 lm | Hiệu suất sáng: 80 lm/W | Hệ số trả màu (CRI): 80.0 | Tuổi thọ đèn: 20.000 giờ | Chu kỳ tắt bật: 50.000 lần | Mức tiêu thụ điện 1000 giờ: 25 kWh | Mức hiệu suất năng lượng: A+ | Đường kính: 180 mm | Chiều cao:  44 mm | Hàm lượng thủy ngân: 0 mg | Thời gian khởi động của đèn: < 0,5 giây | Đường kính lỗ khoét trần: 155 mm | Nguồn điện danh định: 220V/50Hz | Vật liệu thân: Nhôm | Góc chùm tia: 105 độ | Nhiệt độ màu ánh sáng: 6500K/3000K"
1005,ĐÈN LED DOWNLIGHT AT04 90/10W,AT0490/10W LED00075514,https://static.rangdongstore.vn/241016025967/2024/10/16/1-AT04-90-7W.jpg?fm=webp&w=500,54,,,,182001,127000.0,,,,Công suất: 10W | Quang thông: 1000lm | Nhiệt độ màu: 6500K/4000K/3000K | Điện áp: 220V/50Hz | Kích thước (ØxH): (118x40)mm | ĐK lỗ khoét trần: 90 mm
1006,ĐÈN LED DOWNLIGHT AT04 90/8W,AT0490/8W LED00075504,https://static.rangdongstore.vn/241016025967/2024/10/16/1-AT04-90-7W.jpg?fm=webp&w=500,54,,,,171000,120000.0,,,,Công suất: 8W | Quang thông: 800lm | Nhiệt độ màu: 6500K/4000K/3000K | Điện áp: 220V/50Hz | Kích thước (ØxH): (118x40)mm | ĐK lỗ khoét trần: 90 mm
1007,ĐÈN LED DOWNLIGHT AT04 110/10W,AT04110/10W LED00077108,https://static.rangdongstore.vn/241016025967/2024/10/16/1-AT04-90-7W.jpg?fm=webp&w=500,54,,,,203000,142000.0,,,,Công suất: 10W | Quang thông: 1000lm | Nhiệt độ màu: 6500K/4000K/3000K | Điện áp: 220V/50Hz | Kích thước (ØxH): (138x50)mm | ĐK lỗ khoét trần: 110 mm
1008,ĐÈN LED DOWNLIGHT ĐỔI MÀU AT28 110/10W,AT28110/10W LED00056440,https://static.rangdongstore.vn/230823013153/2023/08/23/at28-6.jpeg?fm=webp&w=500,54,,,,229000,149000.0,,,,"Công suất: 10W | Điện áp có thể hoạt động: 150V - 250V | Dòng điện (Max): 0,14 A | Hệ số công suất: 0,5 | Quang thông: 1000 lm | Hiệu suất sáng: 100 lm/W | Hệ số trả màu (CRI): 80.0 | Tuổi thọ đèn: 30.000giờ | Chu kỳ tắt bật: 50.000 lần | Mức tiêu thụ điện 1000 giờ: 10 kWh | Mức hiệu suất năng lượng: A+ | Đường kính: 138 mm | Chiều cao: 36 mm | Hàm lượng thủy ngân: 0 mg | Thời gian khởi động của đèn: < 0,5 giây | Đường kính lỗ khoét trần: 110 mm | Nguồn điện danh định: 220V/50Hz | Đổi 3 màu ánh sáng: 6500K/4000K/3000K | Vật liệu thân: Nhôm | Góc chùm tia: 110 độ"
1009,ĐÈN LED DOWNLIGHT ĐỔI MÀU AT28 110/12W,AT28110/12W LED00056439,https://static.rangdongstore.vn/230624010460/2023/06/24/AT28_90.jpg?fm=webp&w=500,54,,,,240000,156000.0,,,,"Công suất: 12W | Điện áp có thể hoạt động: 150V - 250V | Dòng điện (Max): 0,16 A | Hệ số công suất: 0,5 | Quang thông: 1200 lm | Hiệu suất sáng: 100 lm/W | Hệ số trả màu (CRI): 80.0 | Tuổi thọ đèn: 30.000giờ | Chu kỳ tắt bật: 50.000 lần | Mức tiêu thụ điện 1000 giờ: 12 kWh | Mức hiệu suất năng lượng: A+ | Đường kính: 138 mm | Chiều cao: 36 mm | Hàm lượng thủy ngân: 0 mg | Thời gian khởi động của đèn: < 0,5 giây | Đường kính lỗ khoét trần: 110 mm | Nguồn điện danh định: 220V/50Hz | Đổi 3 màu ánh sáng: 6500K/4000K/3000K | Vật liệu thân: Nhôm | Góc chùm tia: 105 độ"
1010,ĐÈN LED DOWNLIGHT ĐỔI MÀU AT28 90/8W,AT2890/8W LED00056441,https://static.rangdongstore.vn/230624010460/2023/06/24/AT28_90.jpg?fm=webp&w=500,54,,,,203000,132000.0,,,,"Công suất: 8W | Điện áp có thể hoạt động: 150V - 250V | Dòng điện (Max): 0,1 A | Hệ số công suất: 0,5 | Quang thông: 800 lm | Hiệu suất sáng: 100 lm/W | Hệ số trả màu (CRI): 80.0 | Tuổi thọ đèn: 30.000giờ | Chu kỳ tắt bật: 50.000 lần | Mức tiêu thụ điện 1000 giờ: 8 kWh | Mức hiệu suất năng lượng: A+ | Đường kính: 118 mm | Chiều cao: 36 mm | Hàm lượng thủy ngân: 0 mg | Thời gian khởi động của đèn: < 0,5 giây | Đường kính lỗ khoét trần: 90 mm | Nguồn điện danh định: 220V/50Hz | Đổi 3 màu ánh sáng: 6500K/4000K/3000K | Vật liệu thân: Nhôm | Góc chùm tia: 105 độ"
1011,ĐÈN LED DOWNLIGHT AT06.V3 110/9W 6500K,AT06.V3110/9W LED00072532,https://static.rangdongstore.vn/241005025891/2024/10/05/AT06.V3-90-5W%20-2.jpg?fm=webp&w=500,54,,,,151000,106000.0,,,,"Công suất: 9W | Điện áp có thể hoạt động: (150 - 250)V | Dòng điện (Max): 0.11A | Hệ số công suất: 0,5 | Quang thông: 900 lm | Hiệu suất sáng: 100 lm/W | Nhiệt độ màu: 6500K/4000K/3000K | Hệ số trả màu (CRI): 80.0 | Tuổi thọ đèn: 25.000 giờ | Đường kính: 134 mm | Chiều cao: 31.4 mm"
1012,ĐÈN LED DOWNLIGHT AT06.V3 90/5W 6500K,AT06.V390/5W LED00072533,https://static.rangdongstore.vn/241005025891/2024/10/05/AT06.V3-90-5W%20-2.jpg?fm=webp&w=500,54,,,,93000,65000.0,,,,"Công suất: 5W | Điện áp có thể hoạt động: (150 - 250)V | Dòng điện (Max): 0.07A | Hệ số công suất: 0,5 | Quang thông: 500 lm | Hiệu suất sáng: 100 lm/W | Nhiệt độ màu: 6500K/4000K/3000K | Hệ số trả màu (CRI): 80.0 | Tuổi thọ đèn: 25.000 giờ | Đường kính: 114 mm | Chiều cao: 31.4 mm"
1013,ĐÈN LED DOWNLIGHT AT06.V3 90/7W 6500K,AT06.V390/7W6500K LED00072534,https://static.rangdongstore.vn/241005025891/2024/10/05/AT06.V3-90-5W%20-2.jpg?fm=webp&w=500,54,,,,110000,77000.0,,,,"Công suất: 7W | Điện áp có thể hoạt động: (150 - 250)V | Dòng điện (Max): 0.09A | Hệ số công suất: 0,5 | Quang thông: 700 lm | Hiệu suất sáng: 100 lm/W | Nhiệt độ màu: 6500K/4000K/3000K | Hệ số trả màu (CRI): 80.0 | Tuổi thọ đèn: 25.000 giờ | Đường kính: 114 mm | Chiều cao: 31.4 mm"
1014,ĐÈN LED DOWNLIGHT ÂM TRẦN 90/7W AT10,AT1090/7W LED00039982,https://static.rangdongstore.vn/product/Den-LED/LED_Downlight/AT10-90-7W-G/2.jpg?fm=webp&w=500,54,,,,171000,111000.0,,,,"Công suất: 7 W | Điện áp có thể hoạt động: 150V – 250 V | Dòng điện (Max): 90 mA | Hệ số công suất: 0,5 | Quang thông: 700 lm | Hiệu suất sáng: 100 lm/W | Hệ số trả màu (CRI): 80.0 | Tuổi thọ đèn: 30.000 giờ | Chu kỳ tắt bật: 50.000 lần | Mức tiêu thụ điện 1000 giờ: 7 kWh | Mức hiệu suất năng lượng: A+ | Đường kính: 118 mm | Chiều cao:  33 mm | Hàm lượng thủy ngân: 0 mg | Thời gian khởi động của đèn: < 0,5 giây | Đường kính lỗ khoét trần: 90 mm | Nguồn điện danh định: 220V/50-60Hz | Vật liệu thân: nhôm | Màu ánh sáng: 6500K/3000K | Góc chùm tia: 105 độ"
1015,ĐÈN LED DOWNLIGHT ÂM TRẦN 110/9W AT10,AT10110/9W LED00040174,https://static.rangdongstore.vn/2204005962/2022/04/11/den-led-downlight-at10-110-9w-3000k-g-dbc.jpeg?fm=webp&w=500,54,,,,203000,132000.0,,,,"Công suất: 9W | Điện áp có thể hoạt động: 150V - 250V | Dòng điện (Max): 110 mA | Hệ số công suất: 0,5 | Quang thông: 650/630 lm | Hiệu suất sáng: 100 lm/W | Hệ số trả màu (CRI): 80.0 | Tuổi thọ đèn: 30.000 giờ | Chu kỳ tắt bật: 50.000 lần | Mức tiêu thụ điện 1000 giờ: 9 kWh | Mức hiệu suất năng lượng: A+ | Đường kính: 138 mm | Chiều cao: 36 mm | Hàm lượng thủy ngân: 0 mg | Thời gian khởi động của đèn: < 0,5 giây | Đường kính lỗ khoét trần: 110 mm | Nguồn điện danh định: 220V/50Hz | Vật liệu thân: nhôm | Góc chùm tia: 105 độ  | Nhiê t đô ma u: 6500K/3000K"
1016,ĐÈN LED DOWNLIGHT AT10 90/8W,AT1090/8W LED00078019,https://static.rangdongstore.vn/241016025968/2024/10/16/1.jpg?fm=webp&w=500,54,,,,171000,120000.0,,,,Công suất: 8W | Quang thông: 800lm | Nhiệt độ màu: 6500K/4000K/3000K | Điện áp: 220V/50Hz | Kích thước (ØxH): (118x33)mm | ĐK lỗ khoét trần: 90 mm
1017,ĐÈN LED DOWNLIGHT AT10 110/10W,AT10110/10W LED00075750,https://static.rangdongstore.vn/2204248837/2022/04/24/1-AT10-DM-110-9W.jpg?fm=webp&w=500,54,,,,203000,142000.0,,,,No description
1018,ĐÈN LED DOWNLIGHT AT12 125X125/9WX1.DA 4000K,AT12125x125/9Wx1.DA LED00025778,https://static.rangdongstore.vn/230314010310/2023/03/14/847ce4f5-561e-4a62-8d28-48a33c2c2bf2.jpeg?fm=webp&w=500,54,,,,860760,689000.0,,,,No description
1019,ĐÈN LED DOWNLIGHT ÂM TRẦN ĐỔI MÀU 90/8W AT20 ĐM,AT20Đ90/8W LED00042294,https://static.rangdongstore.vn/product/Den-LED/LED_Downlight/AT20-DM-90-8W/1-AT20-DM-90-8W.jpg?fm=webp&w=500,54,,,,203000,132000.0,,,,"Công suất: 8 W | Điện áp có thể hoạt động: (150 - 250)V | Dòng điện (Max): 0.1 A | Hệ số công suất: 0,5 | Quang thông: 800 lm  | Hiệu suất sáng: 100 lm/W | Nhiệt độ màu: 6500K/3000K/4000K | Hệ số trả màu (CRI): 80.0 | Tuổi thọ đèn: 30.000 giờ | Chu kỳ tắt bật: 50.000 lần | Mức tiêu thụ điện 1000 giờ: 8 kWh | Mức hiệu suất năng lượng: A+ | Đường kính: 103 mm | Chiều cao: 45 mm | Hàm lượng thủy ngân: 0 mg | Thời gian khởi động của đèn: < 0,5 giây | Đường kính lỗ khoét trần: 90 mm | Nguồn điện danh định: 220V/50Hz | Vật liệu thân: Nhôm đúc"
1020,ĐÈN LED DOWNLIGHT ÂM TRẦN ĐỔI MÀU 90/10W AT20 ĐM,AT20Đ90/10W LED00042297,https://static.rangdongstore.vn/product/Den-LED/LED_Downlight/AT20-DM-90-10W/2-AT20-DM-90-10W.jpg?fm=webp&w=500,54,,,,207000,135000.0,,,,"Công suất: 10W | Điện áp có thể hoạt động: (150 - 250)V | Dòng điện (Max): 0.14 A | Hệ số công suất: 0,5 | Quang thông: 1000 lm  | Hiệu suất sáng: 100 lm/W | Nhiệt độ màu: 6500K/3000K/4000K | Hệ số trả màu (CRI): 80.0 | Tuổi thọ đèn: 30.000 giờ | Chu kỳ tắt bật: 50.000 lần | Mức tiêu thụ điện 1000 giờ: 10 kWh | Mức hiệu suất năng lượng: A+ | Đường kính: 103 mm | Chiều cao: 45 mm | Hàm lượng thủy ngân: 0 mg | Thời gian khởi động của đèn: < 0,5 giây | Đường kính lỗ khoét trần: 90 mm | Nguồn điện danh định: 220V/50Hz | Vật liệu thân: Nhôm đúc"
1021,ĐÈN LED DOWNLIGHT ÂM TRẦN ĐỔI MÀU 110/10W AT20 ĐM,AT20Đ110/10W LED00042298,https://static.rangdongstore.vn/product/Den-LED/LED_Downlight/AT20-DM-110-10W/1-AT20-110-10W.jpg?fm=webp&w=500,54,,,,229000,149000.0,,,,"Công suất: 10W | Điện áp có thể hoạt động: (150 - 250)V | Dòng điện (Max): 0.14 A | Hệ số công suất: 0,5 | Quang thông: 1000 lm  | Hiệu suất sáng: 100 lm/W | Nhiệt độ màu: 6500K/3000K/4000K | Hệ số trả màu (CRI): 80.0 | Tuổi thọ đèn: 30.000 giờ | Chu kỳ tắt bật: 50.000 lần | Mức tiêu thụ điện 1000 giờ: 10 kWh | Mức hiệu suất năng lượng: A+ | Đường kính: 103 mm | Chiều cao: 45 mm | Hàm lượng thủy ngân: 0 mg | Thời gian khởi động của đèn: < 0,5 giây | Đường kính lỗ khoét trần: 90 mm | Nguồn điện danh định: 220V/50Hz | Vật liệu thân: Nhôm đúc"
1022,ĐÈN LED DOWNLIGHT ÂM TRẦN ĐỔI MÀU 110/12W AT20 ĐM,AT20Đ110/12W LED00042301,https://static.rangdongstore.vn/product/Den-LED/LED_Downlight/AT20-DM-110-10W/3-AT20-110-10W.jpg?fm=webp&w=500,54,,,,240000,156000.0,,,,"Công suất: 12W | Điện áp có thể hoạt động: (150 - 250)V | Dòng điện (Max): 0.16 A | Hệ số công suất: 0,5 | Quang thông: 1200 lm  | Hiệu suất sáng: 100 lm/W | Nhiệt độ màu: 6500K/3000K/4000K | Hệ số trả màu (CRI): 80.0 | Tuổi thọ đèn: 30.000 giờ | Chu kỳ tắt bật: 50.000 lần | Mức tiêu thụ điện 1000 giờ: 12 kWh | Mức hiệu suất năng lượng: A+ | Đường kính: 123 mm | Chiều cao: 45 mm | Hàm lượng thủy ngân: 0 mg | Thời gian khởi động của đèn: < 0,5 giây | Đường kính lỗ khoét trần: 110 mm | Nguồn điện danh định: 220V/50Hz | Vật liệu thân: Nhôm đúc"
1023,ĐÈN CHIẾU PHA NĂNG LƯỢNG MẶT TRỜI CP02.SL.RF 30W,CP02.SL.RF30W LED00046969,https://static.rangdongstore.vn/product/Den-LED/LED_Nang_luong_mat_troi/Chieu_pha_NLMT/CP02.SL.RF_30W/CP02.SL.RF%20_30W.jpg?fm=webp&w=500,55,,,,2074000,1451800.0,,,,"Công suất: 20W | Quang thông: 1200lm | Nhiệt độ màu: 5000K/6500K | Hệ số trả màu (CRI): >70 | Dimming bằng Remote: 5 chế độ điều khiển | Cấp bảo vệ: IP65, IK08 | Công nghê: LiFePO4 | Ki ch thươ c: 450x345x15 mm | Tuổi thọ: > 10 năm | Dung lượng: 15 Ah"
1024,ĐÈN CHIẾU PHA NĂNG LƯỢNG MẶT TRỜI CP02.SL.RF 50W,CP02.SL.RF50W LED00047487,https://static.rangdongstore.vn/product/Den-LED/LED_Nang_luong_mat_troi/Chieu_pha_NLMT/CP02.SL.RF_50W/CP02.SL.RF%20%2050W.jpg?fm=webp&w=500,55,,,,2765000,1935500.0,,,,Công suất: 40W | Quang thông: 1700lm | Nhiệt độ màu: 5000K/6500K | Hệ số trả màu (CRI): >70 | Dimming bằng Remote: 5 chế độ điều khiển | Cấp bảo vệ: IP65 | Công nghê: LiFePO4 | Ki ch thươ c: 670x350x17 mm | Tuổi thọ: > 10 năm | Dung lượng: 20 Ah
1025,ĐÈN PHA LED NĂNG LƯỢNG MẶT TRỜI 70W CP02.SL.RF,CP02.SL.RF70W LED00047488,https://static.rangdongstore.vn/product/Den-LED/LED_Nang_luong_mat_troi/Chieu_pha_NLMT/CP02_SL_RF_70W/CP02.SL.RF%2070W.jpg?fm=webp&w=500,55,,,,3996000,2797200.0,,,,Công suất: 70W | Quang thông: 2000lm | Nhiệt độ màu: 5000K/6500K | Hệ số trả màu (CRI): >70 | Dimming bằng Remote: 5 chế độ điều khiển | Cấp bảo vệ: IP65 | Công nghê: LiFePO4 | Ki ch thươ c: (670x445x25) mm | Tuổi thọ: > 10 năm | Dung lượng: 30 Ah
1026,ĐÈN CHIẾU PHA NĂNG LƯỢNG MẶT TRỜI CP02.SL.RF 100W,CP02.SL.RF100W LED00047489,https://static.rangdongstore.vn/220803009651/2022/08/03/CP02.SL.RF_100W_1.jpg?fm=webp&w=500,55,,,,4968000,3477600.0,,,,Công suất: 100W | Quang thông: 3000lm | Nhiệt độ màu: 5000K/6500K | Hệ số trả màu (CRI): >70 | Dimming bằng Remote: 5 chế độ điều khiển | Cấp bảo vệ: IP65 | Công nghê: LiFePO4 | Ki ch thươ c: (670x540x25) mm | Tuổi thọ: > 10 năm | Dung lượng: 40 Ah
1027,ĐÈN CHIẾU PHA NĂNG LƯỢNG MẶT TRỜI CP02.SL.RF 40W,CP02.SL.RF40W LED00050414,https://static.rangdongstore.vn/product/Den-LED/LED_Nang_luong_mat_troi/Chieu_pha_NLMT/CP02_SL_RF_40W/CP02.SL.RF_40W.jpg?fm=webp&w=500,55,,,,2500000,1750000.0,,,,Công suất: 40W | Quang thông: 1300lm | Nhiệt độ màu: 5000K/6500K | Hệ số trả màu (CRI): >70 | Dimming bằng Remote: 5 chế độ điều khiển | Cấp bảo vệ: IP65 | Công nghê: LiFePO4 | Ki ch thươ c: 610x350x17 mm | Tuổi thọ: > 10 năm | Dung lượng: 20 Ah
1028,ĐÈN LED CHIẾU PHA NLMT CP02.SL.RF 150W 6500K,CP02.SL.RF150W LED00052964,https://static.rangdongstore.vn/230314010298/2023/03/14/CP02.SL.RF%20150W.jpg?fm=webp&w=500,55,,,,7560000,5292000.0,,,,Công suất: 150W | Quang thông: 4000lm | Nhiệt độ màu: 3000K/6500K | Hệ số trả màu (CRI): >70 | Dimming bằng Remote: 5 chế độ điều khiển | Cấp bảo vệ: IP65 | Công nghê: Lithium LiFePO4 | Ki ch thươ c: (670x890x30) mm | Tuổi thọ: > 10 năm | Dung lượng: 60 Ah
1029,ĐÈN LED CHIẾU PHA NLMT CP02.SL.RF 30W.TC 6500K,CP02.SL.RF30W.TC6500K LED00052951,https://static.rangdongstore.vn/230624010458/2023/06/24/CP02.SL.RF_50W_TC.jpg?fm=webp&w=500,55,,,,3024000,2116800.0,,,,Công suất: 20W | Quang thông: 1200lm | Nhiệt độ màu: 3000K/6500K | Hệ số trả màu (CRI): >70 | Dimming bằng Remote: 5 chế độ điều khiển | Cấp bảo vệ: IP65 | Công nghê: Lithium LiFePO4 | Ki ch thươ c: 450x350x17 mm | Tuổi thọ: > 10 năm | Dung lượng: 15 Ah
1030,ĐÈN LED CHIẾU PHA NLMT CP02.SL.RF 50W.TC 6500K,CP02.SL.RF50W.TC6500K LED00052954,https://static.rangdongstore.vn/230624010458/2023/06/24/CP02.SL.RF_50W_TC.jpg?fm=webp&w=500,55,,,,3780000,2646000.0,,,,Công suất: 40W | Quang thông: 1700lm | Nhiệt độ màu: 3000K/6500K | Hệ số trả màu (CRI): >70 | Dimming bằng Remote: 5 chế độ điều khiển | Cấp bảo vệ: IP65 | Công nghê: LiFePO4 | Ki ch thươ c: 670x350x17 mm | Tuổi thọ: > 10 năm | Dung lượng: 20 Ah
1031,DÂY NỐI DÀI 3M NLMT CP02 30-50W+UFO 150W DÙNG CHO DÒNG CP02 VÀ CP03,NLTCP0230-50W+UFO150W LED00062892,https://static.rangdongstore.vn/240224017272/2024/02/24/anh1.png?fm=webp&w=500,55,,,,108000,75600.0,,,,No description
1032,ĐÈN NĂNG LƯỢNG MẶT TRỜI 50W CP01.SL.RF,CP01.SL.RF50W LED00044898,https://static.rangdongstore.vn/product/Den-LED/LED_Chieu_pha/CP01.SL.RF%2050W.jpg?fm=webp&w=500,55,,,,3110400,2177000.0,,,,"Công suất: 40W | Quang thông: 1700lm | Nhiệt độ màu: 5000K/6500K | Hệ số trả màu (CRI): >70 | Dimming bằng Remote: 5 chế độ điều khiển | Cấp bảo vệ: IP65, IK08 | Công nghê: LiFePO4 | Ki ch thươ c: (576x357x30) mm | Tuổi thọ: > 10 năm | Dung lượng: 25 Ah"
1033,ĐÈN NĂNG LƯỢNG MẶT TRỜI 10W CP01.SL,CP01.SL10W LED00033836,https://static.rangdongstore.vn/product/Den-LED/LED_Nang_luong_mat_troi/Chieu_pha_NLMT/CP01SL-10W/CP01SL-10W.jpg?fm=webp&w=500,55,,,,1259000,881000.0,,,,"Công suất: 12W | Quang thông: 540lm | Nhiệt độ màu: 5000K/6500K | Hệ số trả màu (CRI): >70 | Dimming bằng Remote: 2 cấp: 50%/100% | Cấp bảo vệ: IP65, IK08 | Tuổi thọ: 12 năm | Dung lượng: 13 Ah | Điện áp: 3.2V | Năng lượng dự trữ: 42Wh"
1034,ĐÈN NĂNG LƯỢNG MẶT TRỜI 70W CP01.SL,CP01.SL70W LED00039288,https://static.rangdongstore.vn/product/Den-LED/LED_Nang_luong_mat_troi/Chieu_pha_NLMT/CP02_SL_RF_70W/CP01.SL%2070W.jpg?fm=webp&w=500,55,,,,5270000,3689000.0,,,,"Công suất: 70W | Quang thông: 3000lm | Nhiệt độ màu: 5000K/6500K | Hệ số trả màu (CRI): >70 | Cấp bảo vệ: IP65, IK08 | Dung lượng: 50 Ah | Điện áp: 3.2V"
1035,ĐÈN NĂNG LƯỢNG MẶT TRỜI 90W CP01.SL,CP01.SL90W LED00036130,https://static.rangdongstore.vn/product/Den-LED/LED_Nang_luong_mat_troi/Chieu_pha_NLMT/CP01.SL-90W/CP01.SL%2090W.jpg?fm=webp&w=500,55,,,,6221000,4355000.0,,,,"Công suất: 95W | Quang thông: 4600lm | Nhiệt độ màu: 6500K | Hệ số trả màu (CRI): >70 | Cấp bảo vệ: IP65, IK08 | Dung lượng: 65 Ah | Điện áp: 3.2V"
1036,ĐÈN LED CHIẾU PHA NLMT CP03.SL.RAD 200W.V2 6500K,CP03.SL.RAD200W.V2 LED00059078,https://static.rangdongstore.vn/230901014430/2023/09/01/CP03.SL.RAD%20200W%20-%201.jpg?fm=webp&w=500,55,,,,2010000,1407000.0,,,,"Quang thông: 1600lm | Nhiệt độ màu: 6500K | Hệ số trả màu (CRI): >80 | Công nghê: Lithium LiFePO4 | Tuổi thọ: >20 năm | Dung lượng: 18 Ah | Điện áp: 3.2 V | Công suất tương đương: 200W | Thời gian chiếu sáng tối đa: 12 giờ (khi đèn hoạt động với chế độ Auto) | Thời gian sạc đầy pin: 6-8 giờ với trời nắng | Chế độ sáng: 5 chế độ sáng:  Auto, hẹn giờ (3h, 5h, 8h), bật - tắt Rada | Đường kính tác động cảm biến: 4-6m ( về phía trước đèn ) | Đèn LED báo mức dung lượng Pin: 04 mức: 25%, 50%, 75%, 100% | Kích thước bộ đèn (DxRxC): (298x248x48)mm  | Khô i lươ ng tô ng bô đe n PV: 3.4 kg (bao gồm điều khiển Remote, phụ kiện) | Điện áp Công suất: 6V/20W | Kích thước (DxRxC): (450x350x16)mm  | Chu ky nạp xa: >2000 lần | Tiêu chuẩn áp dụng: TCVN 7722-2-5/ IEC 60598-2-5 | Tiêu chuẩn hệ thống quản lý chất lượng: ISO 9001:2015 | Tiêu chuẩn môi trường: RoHS"
1037,ĐÈN LED CHIẾU PHA NLMT CP03.SL.RAD 300W.V2 6500K,CP03.SL.RAD300W.V2 LED00059079,https://static.rangdongstore.vn/230901014431/2023/09/01/CP03.SL.RAD%20300W%20-%201.jpg?fm=webp&w=500,55,,,,2745000,1921500.0,,,,"Quang thông: 2400 lm | Nhiệt độ màu: 6500K | Hệ số trả màu (CRI): >80 | Công nghê: Lithium LiFePO4 | Tuổi thọ: >20 năm | Dung lượng: 30Ah | Điện áp: 3.2 V | Công suất tương đương: 300W | Thời gian chiếu sáng tối đa: 12 giờ (khi đèn hoạt động với chế độ Auto) | Thời gian sạc đầy pin: 6-8 giờ với trời nắng | Chế độ sáng: 5 chế độ sáng:  Auto, hẹn giờ (3h, 5h, 8h), bật - tắt Rada | Đường kính tác động cảm biến: 4-6m ( về phía trước đèn ) | Đèn LED báo mức dung lượng Pin: 04 mức: 25%, 50%, 75%, 100% | Kích thước bộ đèn (DxRxC): (358x300x48)mm  | Khô i lươ ng tô ng bô đe n PV: 4.7 kg (bao gồm điều khiển Remote, phụ kiện) | Điện áp Công suất: 6V/35W | Kích thước (DxRxC): (670x350x16)mm  | Chu ky nạp xa: >2000 lần | Tiêu chuẩn áp dụng: TCVN 7722-2-5/ IEC 60598-2-5 | Tiêu chuẩn hệ thống quản lý chất lượng: ISO 9001:2015 | Tiêu chuẩn môi trường: RoHS"
1038,ĐÈN LED CHIẾU PHA NLMT CP03.SL.RAD 500W.V2 6500K,CP03.SL.RAD500W.V26500K LED00063069,https://static.rangdongstore.vn/240105016405/2024/01/05/CP03.SL.RAD%20500W.V2%20-%201.jpg?fm=webp&w=500,55,,,,4968000,3477600.0,,,,"Quang thông: 4500 lm | Nhiệt độ màu: 6500K | Hệ số trả màu (CRI): >80 | Công nghê: Lithium LiFePO4 | Tuổi thọ: >20 năm | Dung lượng: 18 Ah | Điện áp: 9.6 V | Công suất tương đương: 500W | Thời gian chiếu sáng tối đa: 12 giờ (khi đèn hoạt động với chế độ Auto) | Thời gian sạc đầy pin: 6-8 giờ với trời nắng | Chế độ sáng: 5 chế độ sáng:  Auto, hẹn giờ (3h, 5h, 8h), bật - tắt Rada | Đường kính tác động cảm biến: 4-6m ( về phía trước đèn ) | Đèn LED báo mức dung lượng Pin: 04 mức: 25%, 50%, 75%, 100% | Kích thước bộ đèn (DxRxC): (380x360x55)mm  | Khô i lươ ng tô ng bô đe n PV: 8.7 kg (bao gồm điều khiển Remote, phụ kiện) | Điện áp Công suất: 12V/60W | Kích thước (DxRxC): (670x640x16)mm  | Chu ky nạp xa: >2000 lần | Tiêu chuẩn áp dụng: TCVN 7722-2-5/ IEC 60598-2-5 | Tiêu chuẩn hệ thống quản lý chất lượng: ISO 9001:2015 | Tiêu chuẩn môi trường: RoHS"
1039,ĐÈN LED CHIẾU PHA NLMT CP03.SL.RAD 400W.V2 6500K,CP03.SL.RAD400W.V26500K LED00063068,https://static.rangdongstore.vn/240105016405/2024/01/05/CP03.SL.RAD%20500W.V2%20-%201.jpg?fm=webp&w=500,55,,,,3996000,2797200.0,,,,"Quang thông: 3200 lm | Nhiệt độ màu: 6500K | Hệ số trả màu (CRI): >80 | Công nghê: Lithium LiFePO4 | Tuổi thọ: >20 năm | Dung lượng: 12Ah | Điện áp: 9.6 V | Công suất tương đương: 400W | Thời gian chiếu sáng tối đa: 12 giờ (khi đèn hoạt động với chế độ Auto) | Thời gian sạc đầy pin: 6-8 giờ với trời nắng | Chế độ sáng: 5 chế độ sáng:  Auto, hẹn giờ (3h, 5h, 8h), bật - tắt Rada | Đường kính tác động cảm biến: 4-6m ( về phía trước đèn ) | Đèn LED báo mức dung lượng Pin: 04 mức: 25%, 50%, 75%, 100% | Kích thước bộ đèn (DxRxC): (350x330x55)mm  | Khô i lươ ng tô ng bô đe n PV: 6.9 kg (bao gồm điều khiển Remote, phụ kiện) | Điện áp Công suất: 12V/50W | Kích thước (DxRxC): (670x535x16)mm   | Chu ky nạp xa: >2000 lần | Tiêu chuẩn áp dụng: TCVN 7722-2-5/ IEC 60598-2-5 | Tiêu chuẩn hệ thống quản lý chất lượng: ISO 9001:2015 | Tiêu chuẩn môi trường: RoHS"
1040,ĐÈN LED CHIẾU PHA NLMT CP03.SL.RAD 100W.V2 6500K,CP03.SL.RAD100W.V2 LED00068310,https://static.rangdongstore.vn/240530018664/2024/05/30/CP03.SL.RAD%20100W.V2.jpg?fm=webp&w=500,55,,,,1490000,1043000.0,,,,"Công suất: 12 W | Quang thông: 1100 lm | Nhiệt độ màu: 6500K | Hệ số trả màu (CRI): >80 | Cấp bảo vệ: IP66 | Tuổi thọ: >20 năm | Dung lượng: 10Ah | Điện áp: 3.2 V | Thời gian sạc đầy pin: 04-06 h | Chế độ sáng: 08 chế độ sáng: Auto, hẹn giờ (3h, 5h, 8h), bật - tất Rada.... | Đèn LED báo mức dung lượng Pin: 04 mức: 25%, 50%, 75%, 100% | Kích thước bộ đèn (DxRxC): (282 x 220 x 45)mm (không bao gồm tai treo) | Kích thước (DxRxC): (350 x 290 x 16)mm Không bao gồm tai treo | Tiêu chuẩn áp dụng: TCVN 7722-2-5/ IEC 60598-2-5 | Tiêu chuẩn hệ thống quản lý chất lượng: ISO 9001:2015 | Tiêu chuẩn môi trường: RoHS | Chỉ số thể hiện màu (CRI): 6500K | Thời gian tối đa chiếu sáng: 12h | Khoảng cách tác động cảm biến Rada: 4m-6m (Phía trước đèn) | Khối lượng tổng bộ đèn tấm PV: 2,7 kg (bao gồm điều khiển Remote, phụ kiện) | Tuổi thọ bộ đèn: 30000h, L170 | Nhiệt độ hoạt động: (-10)-(40) độ C | Công nghệ: Lithium LiFePO4 | Số lần nạp xã: >2000 lần"
1041,ĐÈN CHIẾU PHA NĂNG LƯỢNG MẶT TRỜI CP02.SL.RF 30W,CP02.SL.RF30W LED00046969,https://static.rangdongstore.vn/product/Den-LED/LED_Nang_luong_mat_troi/Chieu_pha_NLMT/CP02.SL.RF_30W/CP02.SL.RF%20_30W.jpg?fm=webp&w=500,56,,,,2074000,1451800.0,,,,"Công suất: 20W | Quang thông: 1200lm | Nhiệt độ màu: 5000K/6500K | Hệ số trả màu (CRI): >70 | Dimming bằng Remote: 5 chế độ điều khiển | Cấp bảo vệ: IP65, IK08 | Công nghê: LiFePO4 | Ki ch thươ c: 450x345x15 mm | Tuổi thọ: > 10 năm | Dung lượng: 15 Ah"
1042,ĐÈN CHIẾU PHA NĂNG LƯỢNG MẶT TRỜI CP02.SL.RF 50W,CP02.SL.RF50W LED00047487,https://static.rangdongstore.vn/product/Den-LED/LED_Nang_luong_mat_troi/Chieu_pha_NLMT/CP02.SL.RF_50W/CP02.SL.RF%20%2050W.jpg?fm=webp&w=500,56,,,,2765000,1935500.0,,,,Công suất: 40W | Quang thông: 1700lm | Nhiệt độ màu: 5000K/6500K | Hệ số trả màu (CRI): >70 | Dimming bằng Remote: 5 chế độ điều khiển | Cấp bảo vệ: IP65 | Công nghê: LiFePO4 | Ki ch thươ c: 670x350x17 mm | Tuổi thọ: > 10 năm | Dung lượng: 20 Ah
1043,ĐÈN PHA LED NĂNG LƯỢNG MẶT TRỜI 70W CP02.SL.RF,CP02.SL.RF70W LED00047488,https://static.rangdongstore.vn/product/Den-LED/LED_Nang_luong_mat_troi/Chieu_pha_NLMT/CP02_SL_RF_70W/CP02.SL.RF%2070W.jpg?fm=webp&w=500,56,,,,3996000,2797200.0,,,,Công suất: 70W | Quang thông: 2000lm | Nhiệt độ màu: 5000K/6500K | Hệ số trả màu (CRI): >70 | Dimming bằng Remote: 5 chế độ điều khiển | Cấp bảo vệ: IP65 | Công nghê: LiFePO4 | Ki ch thươ c: (670x445x25) mm | Tuổi thọ: > 10 năm | Dung lượng: 30 Ah
1044,ĐÈN CHIẾU PHA NĂNG LƯỢNG MẶT TRỜI CP02.SL.RF 100W,CP02.SL.RF100W LED00047489,https://static.rangdongstore.vn/220803009651/2022/08/03/CP02.SL.RF_100W_1.jpg?fm=webp&w=500,56,,,,4968000,3477600.0,,,,Công suất: 100W | Quang thông: 3000lm | Nhiệt độ màu: 5000K/6500K | Hệ số trả màu (CRI): >70 | Dimming bằng Remote: 5 chế độ điều khiển | Cấp bảo vệ: IP65 | Công nghê: LiFePO4 | Ki ch thươ c: (670x540x25) mm | Tuổi thọ: > 10 năm | Dung lượng: 40 Ah
1045,ĐÈN CHIẾU PHA NĂNG LƯỢNG MẶT TRỜI CP02.SL.RF 40W,CP02.SL.RF40W LED00050414,https://static.rangdongstore.vn/product/Den-LED/LED_Nang_luong_mat_troi/Chieu_pha_NLMT/CP02_SL_RF_40W/CP02.SL.RF_40W.jpg?fm=webp&w=500,56,,,,2500000,1750000.0,,,,Công suất: 40W | Quang thông: 1300lm | Nhiệt độ màu: 5000K/6500K | Hệ số trả màu (CRI): >70 | Dimming bằng Remote: 5 chế độ điều khiển | Cấp bảo vệ: IP65 | Công nghê: LiFePO4 | Ki ch thươ c: 610x350x17 mm | Tuổi thọ: > 10 năm | Dung lượng: 20 Ah
1046,ĐÈN LED CHIẾU PHA NLMT CP02.SL.RF 150W 6500K,CP02.SL.RF150W LED00052964,https://static.rangdongstore.vn/230314010298/2023/03/14/CP02.SL.RF%20150W.jpg?fm=webp&w=500,56,,,,7560000,5292000.0,,,,Công suất: 150W | Quang thông: 4000lm | Nhiệt độ màu: 3000K/6500K | Hệ số trả màu (CRI): >70 | Dimming bằng Remote: 5 chế độ điều khiển | Cấp bảo vệ: IP65 | Công nghê: Lithium LiFePO4 | Ki ch thươ c: (670x890x30) mm | Tuổi thọ: > 10 năm | Dung lượng: 60 Ah
1047,ĐÈN LED CHIẾU PHA NLMT CP02.SL.RF 30W.TC 6500K,CP02.SL.RF30W.TC6500K LED00052951,https://static.rangdongstore.vn/230624010458/2023/06/24/CP02.SL.RF_50W_TC.jpg?fm=webp&w=500,56,,,,3024000,2116800.0,,,,Công suất: 20W | Quang thông: 1200lm | Nhiệt độ màu: 3000K/6500K | Hệ số trả màu (CRI): >70 | Dimming bằng Remote: 5 chế độ điều khiển | Cấp bảo vệ: IP65 | Công nghê: Lithium LiFePO4 | Ki ch thươ c: 450x350x17 mm | Tuổi thọ: > 10 năm | Dung lượng: 15 Ah
1048,ĐÈN LED CHIẾU PHA NLMT CP02.SL.RF 50W.TC 6500K,CP02.SL.RF50W.TC6500K LED00052954,https://static.rangdongstore.vn/230624010458/2023/06/24/CP02.SL.RF_50W_TC.jpg?fm=webp&w=500,56,,,,3780000,2646000.0,,,,Công suất: 40W | Quang thông: 1700lm | Nhiệt độ màu: 3000K/6500K | Hệ số trả màu (CRI): >70 | Dimming bằng Remote: 5 chế độ điều khiển | Cấp bảo vệ: IP65 | Công nghê: LiFePO4 | Ki ch thươ c: 670x350x17 mm | Tuổi thọ: > 10 năm | Dung lượng: 20 Ah
1049,DÂY NỐI DÀI 3M NLMT CP02 30-50W+UFO 150W DÙNG CHO DÒNG CP02 VÀ CP03,NLTCP0230-50W+UFO150W LED00062892,https://static.rangdongstore.vn/240224017272/2024/02/24/anh1.png?fm=webp&w=500,56,,,,108000,75600.0,,,,No description
